time,consumption_mwh,temp_c,wind_ms,solar_wm2,price_eur_mwh
2022-01-01 00:00:00+00:00,26858.4,0.11,7.0,0.0,81.83
2022-01-01 01:00:00+00:00,26177.8,-0.18,6.61,0.0,88.21
2022-01-01 02:00:00+00:00,26229.4,-1.11,7.14,0.0,84.71
2022-01-01 03:00:00+00:00,25381.3,-0.75,7.05,0.0,70.92
2022-01-01 04:00:00+00:00,25223.0,-0.09,7.36,0.0,60.78
2022-01-01 05:00:00+00:00,26453.7,-0.97,7.74,0.0,65.57
2022-01-01 06:00:00+00:00,29454.4,-1.26,7.98,0.0,83.11
2022-01-01 07:00:00+00:00,32254.8,-0.52,8.36,16.2,126.15
2022-01-01 08:00:00+00:00,33942.8,0.05,7.63,39.5,111.72
2022-01-01 09:00:00+00:00,34402.2,0.86,6.88,46.9,125.32
2022-01-01 10:00:00+00:00,33524.8,1.16,6.86,45.6,116.66
2022-01-01 11:00:00+00:00,33151.7,2.47,6.85,54.8,99.75
2022-01-01 12:00:00+00:00,32122.3,3.6,6.45,44.5,111.15
2022-01-01 13:00:00+00:00,31117.2,4.14,6.66,82.2,89.84
2022-01-01 14:00:00+00:00,30104.5,5.13,7.39,59.7,78.61
2022-01-01 15:00:00+00:00,30404.1,5.51,8.3,39.4,92.38
2022-01-01 16:00:00+00:00,32492.0,4.89,9.34,26.8,81.61
2022-01-01 17:00:00+00:00,34363.1,4.82,8.19,21.3,120.84
2022-01-01 18:00:00+00:00,35038.8,3.77,7.22,0.0,128.59
2022-01-01 19:00:00+00:00,33782.8,3.69,6.99,0.0,129.28
2022-01-01 20:00:00+00:00,32597.9,2.94,7.05,0.0,113.99
2022-01-01 21:00:00+00:00,31294.3,2.05,6.86,0.0,92.83
2022-01-01 22:00:00+00:00,29837.9,0.87,6.44,0.0,107.09
2022-01-01 23:00:00+00:00,27884.6,0.9,6.23,0.0,97.02
2022-01-02 00:00:00+00:00,26785.3,0.15,6.64,0.0,85.45
2022-01-02 01:00:00+00:00,25826.5,-0.59,5.62,0.0,83.61
2022-01-02 02:00:00+00:00,25799.8,-1.09,7.52,0.0,51.08
2022-01-02 03:00:00+00:00,26081.4,-0.86,7.51,0.0,76.16
2022-01-02 04:00:00+00:00,25860.6,-0.54,8.31,0.0,49.49
2022-01-02 05:00:00+00:00,26623.6,0.0,7.79,0.0,63.14
2022-01-02 06:00:00+00:00,28697.7,0.73,8.2,0.0,71.28
2022-01-02 07:00:00+00:00,30806.5,2.61,8.22,10.4,75.72
2022-01-02 08:00:00+00:00,32164.7,3.03,8.83,40.2,95.89
2022-01-02 09:00:00+00:00,32584.5,3.46,8.58,38.2,97.81
2022-01-02 10:00:00+00:00,32173.9,3.71,9.71,45.6,186.16
2022-01-02 11:00:00+00:00,31896.7,4.78,8.41,39.6,106.85
2022-01-02 12:00:00+00:00,31796.2,6.04,9.08,84.2,89.12
2022-01-02 13:00:00+00:00,30814.2,6.4,9.07,66.6,90.67
2022-01-02 14:00:00+00:00,31289.1,6.15,8.17,62.5,89.76
2022-01-02 15:00:00+00:00,31496.4,5.72,9.64,58.7,83.29
2022-01-02 16:00:00+00:00,32724.6,6.0,10.95,40.1,87.27
2022-01-02 17:00:00+00:00,35327.3,6.12,9.13,15.4,111.73
2022-01-02 18:00:00+00:00,35773.4,5.93,9.17,0.0,118.97
2022-01-02 19:00:00+00:00,34955.1,4.86,9.61,0.0,116.18
2022-01-02 20:00:00+00:00,33144.3,4.24,9.82,0.0,85.32
2022-01-02 21:00:00+00:00,31074.4,3.49,10.87,0.0,75.38
2022-01-02 22:00:00+00:00,28684.5,2.81,11.7,0.0,68.41
2022-01-02 23:00:00+00:00,26613.3,2.57,11.67,0.0,42.83
2022-01-03 00:00:00+00:00,28397.1,1.99,13.22,0.0,45.39
2022-01-03 01:00:00+00:00,27134.3,1.87,13.64,0.0,51.02
2022-01-03 02:00:00+00:00,26810.0,1.54,13.03,0.0,34.8
2022-01-03 03:00:00+00:00,26484.7,1.54,12.3,0.0,48.55
2022-01-03 04:00:00+00:00,26519.2,1.95,13.01,0.0,42.1
2022-01-03 05:00:00+00:00,28122.6,1.3,12.09,0.0,64.07
2022-01-03 06:00:00+00:00,30641.1,1.53,11.51,0.0,72.75
2022-01-03 07:00:00+00:00,33526.7,1.82,11.1,15.4,83.94
2022-01-03 08:00:00+00:00,35061.4,2.13,11.17,28.7,93.18
2022-01-03 09:00:00+00:00,34914.1,2.72,10.81,61.1,114.99
2022-01-03 10:00:00+00:00,34083.1,4.38,9.59,62.0,94.64
2022-01-03 11:00:00+00:00,33694.7,4.54,10.37,43.2,88.8
2022-01-03 12:00:00+00:00,33070.9,5.71,9.89,45.4,88.89
2022-01-03 13:00:00+00:00,31998.4,5.14,11.32,68.3,74.97
2022-01-03 14:00:00+00:00,32173.4,5.23,11.34,52.9,75.63
2022-01-03 15:00:00+00:00,32671.6,5.42,12.12,25.8,86.13
2022-01-03 16:00:00+00:00,34191.2,5.66,12.35,30.1,89.03
2022-01-03 17:00:00+00:00,36248.5,5.77,13.11,22.4,90.9
2022-01-03 18:00:00+00:00,37022.6,5.74,13.25,0.0,109.53
2022-01-03 19:00:00+00:00,35458.0,4.87,13.13,0.0,96.43
2022-01-03 20:00:00+00:00,33877.5,3.83,13.67,0.0,94.44
2022-01-03 21:00:00+00:00,32059.4,3.54,15.28,0.0,64.73
2022-01-03 22:00:00+00:00,30645.6,2.61,14.66,0.0,55.18
2022-01-03 23:00:00+00:00,29731.0,1.08,14.9,0.0,47.65
2022-01-04 00:00:00+00:00,29632.8,-0.26,14.5,0.0,52.7
2022-01-04 01:00:00+00:00,28783.6,-1.28,14.52,0.0,49.72
2022-01-04 02:00:00+00:00,27684.7,-1.25,14.18,0.0,41.29
2022-01-04 03:00:00+00:00,28186.7,-1.26,12.13,0.0,50.96
2022-01-04 04:00:00+00:00,28000.3,-0.73,11.72,0.0,62.75
2022-01-04 05:00:00+00:00,28403.5,-0.68,12.26,0.0,60.29
2022-01-04 06:00:00+00:00,30753.7,-0.11,11.4,0.0,74.9
2022-01-04 07:00:00+00:00,32695.0,0.89,11.9,16.5,89.16
2022-01-04 08:00:00+00:00,34428.0,1.43,11.8,29.4,91.73
2022-01-04 09:00:00+00:00,34561.4,2.47,11.41,59.1,93.38
2022-01-04 10:00:00+00:00,34816.0,2.84,11.9,40.9,99.78
2022-01-04 11:00:00+00:00,34832.4,3.35,12.19,39.2,100.14
2022-01-04 12:00:00+00:00,34212.4,3.75,12.26,83.2,91.41
2022-01-04 13:00:00+00:00,33531.7,3.53,12.79,80.6,70.46
2022-01-04 14:00:00+00:00,33379.4,4.16,12.66,43.2,84.35
2022-01-04 15:00:00+00:00,33360.4,4.0,11.09,33.4,90.09
2022-01-04 16:00:00+00:00,35255.8,3.94,10.59,38.0,107.32
2022-01-04 17:00:00+00:00,37920.1,3.96,9.0,11.5,148.12
2022-01-04 18:00:00+00:00,38509.2,3.78,9.41,0.0,129.91
2022-01-04 19:00:00+00:00,37003.4,3.57,9.99,0.0,120.07
2022-01-04 20:00:00+00:00,35313.0,2.79,10.58,0.0,100.91
2022-01-04 21:00:00+00:00,34246.8,1.76,10.78,0.0,97.12
2022-01-04 22:00:00+00:00,31527.7,0.95,11.35,0.0,72.89
2022-01-04 23:00:00+00:00,30357.3,-0.77,9.9,0.0,69.74
2022-01-05 00:00:00+00:00,30372.7,-2.24,9.67,0.0,62.25
2022-01-05 01:00:00+00:00,29982.6,-3.45,8.43,0.0,79.21
2022-01-05 02:00:00+00:00,29411.1,-4.26,8.08,0.0,78.37
2022-01-05 03:00:00+00:00,28888.0,-4.01,9.29,0.0,74.38
2022-01-05 04:00:00+00:00,29453.7,-4.36,10.03,0.0,68.97
2022-01-05 05:00:00+00:00,30701.6,-4.18,10.4,0.0,90.2
2022-01-05 06:00:00+00:00,33079.3,-2.81,10.08,0.0,98.09
2022-01-05 07:00:00+00:00,36179.1,-2.32,9.15,12.1,126.0
2022-01-05 08:00:00+00:00,36600.7,-1.07,9.19,40.3,128.7
2022-01-05 09:00:00+00:00,36273.9,-0.78,9.95,26.8,127.65
2022-01-05 10:00:00+00:00,35812.0,-0.04,10.12,51.8,118.01
2022-01-05 11:00:00+00:00,34686.7,0.2,8.73,83.2,97.97
2022-01-05 12:00:00+00:00,35026.4,0.72,8.72,43.7,120.31
2022-01-05 13:00:00+00:00,33419.8,1.81,7.14,66.9,112.16
2022-01-05 14:00:00+00:00,33430.1,1.16,7.76,77.3,118.38
2022-01-05 15:00:00+00:00,33341.6,1.64,7.18,29.1,111.24
2022-01-05 16:00:00+00:00,34599.1,1.78,6.22,28.3,135.25
2022-01-05 17:00:00+00:00,38067.2,1.22,6.9,10.2,143.25
2022-01-05 18:00:00+00:00,39331.8,-0.02,7.34,0.0,149.58
2022-01-05 19:00:00+00:00,39035.5,-0.47,7.5,0.0,152.18
2022-01-05 20:00:00+00:00,37884.9,-1.39,9.19,0.0,320.77
2022-01-05 21:00:00+00:00,35824.5,-1.89,9.58,0.0,120.57
2022-01-05 22:00:00+00:00,32604.5,-2.54,8.95,0.0,83.96
2022-01-05 23:00:00+00:00,30608.3,-2.18,9.25,0.0,90.34
2022-01-06 00:00:00+00:00,30808.0,-2.89,8.92,0.0,75.8
2022-01-06 01:00:00+00:00,30059.8,-3.89,9.81,0.0,84.75
2022-01-06 02:00:00+00:00,29282.1,-3.98,9.89,0.0,42.91
2022-01-06 03:00:00+00:00,28565.1,-3.86,10.04,0.0,50.84
2022-01-06 04:00:00+00:00,28861.5,-2.85,8.76,0.0,78.21
2022-01-06 05:00:00+00:00,29804.0,-1.99,8.72,0.0,84.26
2022-01-06 06:00:00+00:00,31942.0,-1.25,8.59,0.0,94.56
2022-01-06 07:00:00+00:00,34755.8,0.28,7.71,19.1,124.57
2022-01-06 08:00:00+00:00,36842.2,0.3,7.5,40.8,138.76
2022-01-06 09:00:00+00:00,37226.1,0.73,7.82,61.9,153.83
2022-01-06 10:00:00+00:00,36171.7,0.99,7.78,59.4,123.05
2022-01-06 11:00:00+00:00,35172.1,1.53,6.63,89.0,131.0
2022-01-06 12:00:00+00:00,34697.4,1.39,6.44,44.0,113.82
2022-01-06 13:00:00+00:00,33816.6,2.33,6.1,36.8,113.7
2022-01-06 14:00:00+00:00,34179.8,2.57,6.3,49.0,111.2
2022-01-06 15:00:00+00:00,35600.4,1.86,6.4,35.5,127.26
2022-01-06 16:00:00+00:00,37568.0,1.25,6.11,34.6,144.03
2022-01-06 17:00:00+00:00,39986.2,1.25,5.8,13.9,169.88
2022-01-06 18:00:00+00:00,39924.2,1.38,5.91,0.0,162.94
2022-01-06 19:00:00+00:00,37932.2,2.04,6.72,0.0,156.54
2022-01-06 20:00:00+00:00,35174.0,3.11,6.95,0.0,138.91
2022-01-06 21:00:00+00:00,33038.9,2.58,8.07,0.0,106.95
2022-01-06 22:00:00+00:00,31521.7,1.19,8.9,0.0,91.9
2022-01-06 23:00:00+00:00,30302.8,-0.81,9.97,0.0,64.58
2022-01-07 00:00:00+00:00,28476.8,-1.24,10.9,0.0,58.47
2022-01-07 01:00:00+00:00,28227.5,-2.17,11.92,0.0,48.76
2022-01-07 02:00:00+00:00,28457.9,-2.67,10.77,0.0,56.78
2022-01-07 03:00:00+00:00,28415.9,-3.09,11.09,0.0,58.23
2022-01-07 04:00:00+00:00,28559.6,-3.0,11.84,0.0,64.56
2022-01-07 05:00:00+00:00,28948.9,-2.0,12.69,0.0,59.93
2022-01-07 06:00:00+00:00,30799.8,-1.38,11.81,0.0,82.81
2022-01-07 07:00:00+00:00,34191.2,-0.82,12.08,10.3,94.91
2022-01-07 08:00:00+00:00,35603.0,-0.67,11.88,32.3,93.09
2022-01-07 09:00:00+00:00,37243.0,-0.84,13.08,53.8,108.38
2022-01-07 10:00:00+00:00,37327.7,-0.27,11.7,48.7,95.49
2022-01-07 11:00:00+00:00,36696.7,0.51,10.86,57.8,119.04
2022-01-07 12:00:00+00:00,36765.1,2.29,9.25,88.8,108.48
2022-01-07 13:00:00+00:00,36119.0,2.9,9.25,87.6,89.39
2022-01-07 14:00:00+00:00,34842.2,3.84,10.91,76.4,101.99
2022-01-07 15:00:00+00:00,34442.6,3.68,10.68,57.9,93.63
2022-01-07 16:00:00+00:00,36196.1,2.91,10.57,27.3,121.76
2022-01-07 17:00:00+00:00,38779.3,2.09,10.82,11.1,134.95
2022-01-07 18:00:00+00:00,39599.7,1.26,10.54,0.0,122.71
2022-01-07 19:00:00+00:00,37334.9,2.0,10.65,0.0,133.62
2022-01-07 20:00:00+00:00,35905.4,0.83,10.78,0.0,90.3
2022-01-07 21:00:00+00:00,34361.0,0.62,9.93,0.0,109.12
2022-01-07 22:00:00+00:00,33261.3,-0.66,9.71,0.0,113.31
2022-01-07 23:00:00+00:00,31353.0,-0.76,10.15,0.0,75.06
2022-01-08 00:00:00+00:00,28210.5,-1.13,10.72,0.0,84.41
2022-01-08 01:00:00+00:00,26205.3,-1.67,11.55,0.0,48.4
2022-01-08 02:00:00+00:00,26127.0,-1.96,11.58,0.0,49.85
2022-01-08 03:00:00+00:00,25491.2,-2.42,11.63,0.0,53.79
2022-01-08 04:00:00+00:00,25815.9,-2.01,11.99,0.0,46.26
2022-01-08 05:00:00+00:00,26981.6,-1.94,11.27,0.0,39.69
2022-01-08 06:00:00+00:00,29365.8,-2.16,10.56,0.0,38.91
2022-01-08 07:00:00+00:00,31759.8,-2.24,10.29,15.8,76.04
2022-01-08 08:00:00+00:00,33030.7,-1.33,9.13,25.0,90.16
2022-01-08 09:00:00+00:00,32710.7,0.47,9.34,29.2,86.19
2022-01-08 10:00:00+00:00,32335.1,1.39,10.04,47.1,82.0
2022-01-08 11:00:00+00:00,32549.4,2.09,9.33,65.9,63.6
2022-01-08 12:00:00+00:00,31863.5,2.92,9.56,53.9,75.71
2022-01-08 13:00:00+00:00,30571.8,4.22,8.94,44.2,89.39
2022-01-08 14:00:00+00:00,30539.4,4.67,8.05,57.1,98.04
2022-01-08 15:00:00+00:00,31094.7,4.53,9.6,34.0,76.93
2022-01-08 16:00:00+00:00,33605.8,5.11,8.69,22.2,111.98
2022-01-08 17:00:00+00:00,36308.6,5.06,7.6,24.8,101.06
2022-01-08 18:00:00+00:00,35922.2,5.49,7.74,0.0,128.38
2022-01-08 19:00:00+00:00,34991.2,4.94,7.91,0.0,131.01
2022-01-08 20:00:00+00:00,33695.3,3.44,8.39,0.0,113.98
2022-01-08 21:00:00+00:00,32834.5,1.83,9.88,0.0,95.32
2022-01-08 22:00:00+00:00,30014.7,2.05,9.13,0.0,57.22
2022-01-08 23:00:00+00:00,28419.4,2.34,8.57,0.0,95.08
2022-01-09 00:00:00+00:00,27120.8,1.54,9.75,0.0,81.42
2022-01-09 01:00:00+00:00,26176.7,0.78,10.35,0.0,60.14
2022-01-09 02:00:00+00:00,24742.3,1.32,10.81,0.0,55.37
2022-01-09 03:00:00+00:00,24110.3,0.49,10.16,0.0,41.8
2022-01-09 04:00:00+00:00,25083.3,0.01,10.88,0.0,51.33
2022-01-09 05:00:00+00:00,26036.0,0.67,11.31,0.0,55.48
2022-01-09 06:00:00+00:00,27783.5,0.87,11.25,0.0,57.31
2022-01-09 07:00:00+00:00,31042.1,1.46,10.58,17.8,71.56
2022-01-09 08:00:00+00:00,31403.5,2.06,10.48,34.9,90.03
2022-01-09 09:00:00+00:00,31538.0,3.02,11.6,42.8,94.29
2022-01-09 10:00:00+00:00,30468.2,4.61,10.51,61.8,86.0
2022-01-09 11:00:00+00:00,30808.0,5.33,9.71,42.1,84.77
2022-01-09 12:00:00+00:00,30142.7,6.29,9.08,74.4,81.06
2022-01-09 13:00:00+00:00,30081.6,5.47,8.66,67.6,84.06
2022-01-09 14:00:00+00:00,29972.4,5.71,8.56,56.7,58.65
2022-01-09 15:00:00+00:00,30888.9,5.29,9.23,42.2,83.35
2022-01-09 16:00:00+00:00,33320.8,4.45,9.48,38.8,95.75
2022-01-09 17:00:00+00:00,36326.9,3.63,9.41,17.9,105.79
2022-01-09 18:00:00+00:00,37230.9,2.99,9.5,0.0,134.6
2022-01-09 19:00:00+00:00,36054.5,2.95,9.87,0.0,117.86
2022-01-09 20:00:00+00:00,34094.2,1.45,8.41,0.0,84.99
2022-01-09 21:00:00+00:00,32035.9,0.73,9.17,0.0,97.01
2022-01-09 22:00:00+00:00,29331.1,-0.3,8.42,0.0,95.28
2022-01-09 23:00:00+00:00,28752.7,-1.17,8.0,0.0,75.35
2022-01-10 00:00:00+00:00,29255.8,-1.15,8.22,0.0,72.91
2022-01-10 01:00:00+00:00,28792.4,-1.27,8.1,0.0,68.13
2022-01-10 02:00:00+00:00,28152.5,-0.75,8.42,0.0,76.43
2022-01-10 03:00:00+00:00,27903.0,-0.95,8.46,0.0,66.46
2022-01-10 04:00:00+00:00,28378.7,-1.26,8.16,0.0,63.49
2022-01-10 05:00:00+00:00,28911.3,-1.09,9.3,0.0,91.45
2022-01-10 06:00:00+00:00,31790.8,-0.45,9.74,0.0,92.2
2022-01-10 07:00:00+00:00,34202.6,0.29,9.84,13.5,97.88
2022-01-10 08:00:00+00:00,36344.5,0.37,10.24,48.9,128.01
2022-01-10 09:00:00+00:00,36216.3,1.23,9.53,53.8,116.75
2022-01-10 10:00:00+00:00,35138.5,2.17,11.1,57.5,97.42
2022-01-10 11:00:00+00:00,34941.6,4.42,10.04,81.9,103.71
2022-01-10 12:00:00+00:00,33591.1,6.14,9.98,59.7,90.09
2022-01-10 13:00:00+00:00,33189.3,6.04,9.61,95.1,91.04
2022-01-10 14:00:00+00:00,31416.4,6.13,9.22,44.5,93.35
2022-01-10 15:00:00+00:00,32203.0,5.32,8.76,65.2,110.08
2022-01-10 16:00:00+00:00,34626.0,4.85,8.07,50.2,107.13
2022-01-10 17:00:00+00:00,37216.3,4.74,8.94,18.4,132.0
2022-01-10 18:00:00+00:00,38035.0,4.99,7.9,0.0,122.82
2022-01-10 19:00:00+00:00,36904.9,3.9,8.63,0.0,131.94
2022-01-10 20:00:00+00:00,35686.5,2.78,9.05,0.0,135.31
2022-01-10 21:00:00+00:00,33759.4,0.71,8.65,0.0,108.11
2022-01-10 22:00:00+00:00,31663.0,-0.12,8.99,0.0,87.72
2022-01-10 23:00:00+00:00,31105.9,-1.44,8.76,0.0,86.04
2022-01-11 00:00:00+00:00,29524.5,-2.33,7.81,0.0,91.84
2022-01-11 01:00:00+00:00,28723.6,-3.27,6.92,0.0,87.62
2022-01-11 02:00:00+00:00,27814.6,-3.54,7.44,0.0,74.73
2022-01-11 03:00:00+00:00,28224.7,-4.62,7.89,0.0,85.34
2022-01-11 04:00:00+00:00,28899.0,-5.29,8.03,0.0,73.3
2022-01-11 05:00:00+00:00,29105.8,-3.58,7.67,0.0,93.9
2022-01-11 06:00:00+00:00,31744.8,-3.79,7.49,0.0,98.92
2022-01-11 07:00:00+00:00,34864.1,-3.71,7.21,17.7,127.61
2022-01-11 08:00:00+00:00,35736.3,-1.76,5.84,51.6,139.64
2022-01-11 09:00:00+00:00,35282.6,0.85,5.94,73.5,106.96
2022-01-11 10:00:00+00:00,35087.6,0.96,6.4,64.4,122.67
2022-01-11 11:00:00+00:00,33718.1,1.52,6.49,55.4,100.07
2022-01-11 12:00:00+00:00,33838.5,2.4,7.9,78.5,89.51
2022-01-11 13:00:00+00:00,33369.8,3.97,7.06,70.0,106.75
2022-01-11 14:00:00+00:00,32429.3,3.7,6.54,38.6,111.6
2022-01-11 15:00:00+00:00,33468.3,3.69,6.67,73.5,96.12
2022-01-11 16:00:00+00:00,35340.5,4.09,6.88,31.2,127.44
2022-01-11 17:00:00+00:00,37249.7,4.08,5.4,17.3,136.44
2022-01-11 18:00:00+00:00,38415.5,3.39,5.95,0.0,151.13
2022-01-11 19:00:00+00:00,36954.2,2.71,6.2,0.0,165.64
2022-01-11 20:00:00+00:00,35990.9,1.19,4.58,0.0,140.13
2022-01-11 21:00:00+00:00,33839.5,0.32,4.61,0.0,118.85
2022-01-11 22:00:00+00:00,32838.2,-0.57,4.1,0.0,126.82
2022-01-11 23:00:00+00:00,31655.4,-1.1,3.89,0.0,119.13
2022-01-12 00:00:00+00:00,30062.9,-2.01,3.0,0.0,112.84
2022-01-12 01:00:00+00:00,29611.5,-2.15,3.52,0.0,111.09
2022-01-12 02:00:00+00:00,29025.1,-1.79,5.07,0.0,97.0
2022-01-12 03:00:00+00:00,28440.7,-1.78,5.38,0.0,81.33
2022-01-12 04:00:00+00:00,28762.5,-1.44,3.77,0.0,112.56
2022-01-12 05:00:00+00:00,30062.1,-1.09,4.15,0.0,123.18
2022-01-12 06:00:00+00:00,31703.4,-0.6,4.14,0.0,116.22
2022-01-12 07:00:00+00:00,34885.7,-0.4,3.43,21.6,144.87
2022-01-12 08:00:00+00:00,35965.5,0.54,3.88,24.8,124.7
2022-01-12 09:00:00+00:00,36555.6,1.28,4.73,42.8,142.66
2022-01-12 10:00:00+00:00,35563.9,3.34,4.32,67.7,156.55
2022-01-12 11:00:00+00:00,34075.6,4.99,3.17,54.2,143.57
2022-01-12 12:00:00+00:00,33756.7,5.8,1.78,64.2,141.94
2022-01-12 13:00:00+00:00,32945.0,5.77,1.52,67.0,136.29
2022-01-12 14:00:00+00:00,32859.2,5.36,1.68,37.8,134.51
2022-01-12 15:00:00+00:00,33017.4,6.17,1.54,53.4,142.27
2022-01-12 16:00:00+00:00,35417.4,6.19,1.28,53.3,164.18
2022-01-12 17:00:00+00:00,37465.4,6.14,2.01,17.8,159.78
2022-01-12 18:00:00+00:00,38479.5,4.57,2.62,0.0,176.37
2022-01-12 19:00:00+00:00,37745.5,4.49,2.99,0.0,154.35
2022-01-12 20:00:00+00:00,35677.9,4.01,3.83,0.0,141.13
2022-01-12 21:00:00+00:00,33773.3,2.53,3.48,0.0,124.88
2022-01-12 22:00:00+00:00,31896.7,1.46,2.8,0.0,130.01
2022-01-12 23:00:00+00:00,30088.3,0.88,2.6,0.0,119.46
2022-01-13 00:00:00+00:00,28972.5,0.28,2.36,0.0,117.21
2022-01-13 01:00:00+00:00,29186.2,-0.39,0.99,0.0,125.02
2022-01-13 02:00:00+00:00,28052.5,-0.76,0.86,0.0,123.05
2022-01-13 03:00:00+00:00,27108.9,-1.01,2.03,0.0,124.68
2022-01-13 04:00:00+00:00,27940.6,-0.82,2.91,0.0,111.43
2022-01-13 05:00:00+00:00,28454.3,0.36,3.52,0.0,84.13
2022-01-13 06:00:00+00:00,31393.3,-0.73,3.8,0.0,117.53
2022-01-13 07:00:00+00:00,34447.0,-0.23,5.09,20.6,129.51
2022-01-13 08:00:00+00:00,35043.1,0.62,4.36,49.6,119.47
2022-01-13 09:00:00+00:00,35870.0,1.59,3.73,42.6,152.45
2022-01-13 10:00:00+00:00,35366.3,2.16,4.78,89.3,150.02
2022-01-13 11:00:00+00:00,36060.8,1.85,4.91,76.2,127.86
2022-01-13 12:00:00+00:00,34919.1,2.71,4.49,91.4,143.49
2022-01-13 13:00:00+00:00,34381.3,4.27,5.05,81.0,136.1
2022-01-13 14:00:00+00:00,34917.4,3.66,4.8,85.0,132.37
2022-01-13 15:00:00+00:00,34444.5,4.32,4.26,61.7,139.72
2022-01-13 16:00:00+00:00,36066.6,4.04,3.72,22.2,139.25
2022-01-13 17:00:00+00:00,38301.9,3.73,4.13,17.9,169.89
2022-01-13 18:00:00+00:00,40212.1,2.64,4.44,0.0,182.15
2022-01-13 19:00:00+00:00,38883.7,1.87,5.75,0.0,159.2
2022-01-13 20:00:00+00:00,36803.4,1.97,5.59,0.0,145.89
2022-01-13 21:00:00+00:00,34599.9,1.57,5.42,0.0,122.6
2022-01-13 22:00:00+00:00,32166.9,1.85,6.62,0.0,118.89
2022-01-13 23:00:00+00:00,30467.3,1.81,7.41,0.0,95.11
2022-01-14 00:00:00+00:00,28978.6,1.41,7.5,0.0,84.17
2022-01-14 01:00:00+00:00,28293.1,1.93,6.26,0.0,97.6
2022-01-14 02:00:00+00:00,27417.2,1.82,5.66,0.0,83.24
2022-01-14 03:00:00+00:00,27298.6,2.13,4.9,0.0,82.45
2022-01-14 04:00:00+00:00,26872.1,1.96,5.04,0.0,97.11
2022-01-14 05:00:00+00:00,28218.5,2.22,4.74,0.0,80.84
2022-01-14 06:00:00+00:00,30994.0,2.19,6.1,0.0,112.48
2022-01-14 07:00:00+00:00,33491.6,3.34,4.92,24.4,112.52
2022-01-14 08:00:00+00:00,35628.5,3.27,4.12,44.3,122.46
2022-01-14 09:00:00+00:00,35224.6,4.45,4.45,48.5,142.6
2022-01-14 10:00:00+00:00,35088.9,5.04,4.99,60.1,134.73
2022-01-14 11:00:00+00:00,33446.1,6.4,3.06,78.8,124.35
2022-01-14 12:00:00+00:00,32861.7,7.39,1.9,57.7,123.39
2022-01-14 13:00:00+00:00,31350.9,8.86,1.95,98.0,126.1
2022-01-14 14:00:00+00:00,30863.3,9.47,3.27,44.7,111.87
2022-01-14 15:00:00+00:00,32222.2,8.49,4.93,54.7,122.91
2022-01-14 16:00:00+00:00,34827.1,8.24,4.71,51.2,126.32
2022-01-14 17:00:00+00:00,36856.1,7.14,4.69,20.8,142.29
2022-01-14 18:00:00+00:00,38589.6,6.28,4.15,0.0,172.44
2022-01-14 19:00:00+00:00,37479.1,6.5,4.79,0.0,140.97
2022-01-14 20:00:00+00:00,35438.1,6.07,6.09,0.0,117.4
2022-01-14 21:00:00+00:00,34211.2,4.77,7.12,0.0,109.7
2022-01-14 22:00:00+00:00,31876.0,3.3,7.09,0.0,107.61
2022-01-14 23:00:00+00:00,29928.3,2.54,6.43,0.0,116.19
2022-01-15 00:00:00+00:00,26716.3,1.12,6.47,0.0,79.14
2022-01-15 01:00:00+00:00,26136.0,0.21,7.57,0.0,59.44
2022-01-15 02:00:00+00:00,25439.9,0.07,7.23,0.0,57.55
2022-01-15 03:00:00+00:00,24529.6,0.63,5.8,0.0,72.21
2022-01-15 04:00:00+00:00,24374.7,1.05,5.58,0.0,51.04
2022-01-15 05:00:00+00:00,26069.8,-0.08,5.43,0.0,60.52
2022-01-15 06:00:00+00:00,27894.0,0.56,4.09,0.0,99.52
2022-01-15 07:00:00+00:00,31067.2,1.2,4.41,13.7,122.69
2022-01-15 08:00:00+00:00,33077.3,2.16,4.94,54.5,129.23
2022-01-15 09:00:00+00:00,33382.0,3.87,6.5,58.8,116.71
2022-01-15 10:00:00+00:00,34736.5,3.36,5.48,54.4,139.15
2022-01-15 11:00:00+00:00,34104.0,3.71,6.13,102.6,114.53
2022-01-15 12:00:00+00:00,33854.4,4.68,6.93,114.3,105.97
2022-01-15 13:00:00+00:00,33095.2,4.19,7.34,102.8,103.31
2022-01-15 14:00:00+00:00,31856.0,5.39,6.53,84.1,105.03
2022-01-15 15:00:00+00:00,31830.4,5.69,5.72,79.1,145.57
2022-01-15 16:00:00+00:00,33338.8,6.08,5.86,29.7,116.55
2022-01-15 17:00:00+00:00,35749.5,5.4,5.99,27.4,134.25
2022-01-15 18:00:00+00:00,36025.3,5.39,5.6,0.0,155.55
2022-01-15 19:00:00+00:00,34075.4,5.37,6.68,0.0,126.19
2022-01-15 20:00:00+00:00,32803.8,4.73,6.39,0.0,97.83
2022-01-15 21:00:00+00:00,31301.3,4.04,4.94,0.0,130.64
2022-01-15 22:00:00+00:00,29849.9,3.36,4.86,0.0,108.37
2022-01-15 23:00:00+00:00,28122.5,2.06,5.35,0.0,63.78
2022-01-16 00:00:00+00:00,26828.6,1.3,5.7,0.0,78.44
2022-01-16 01:00:00+00:00,25257.6,0.69,6.02,0.0,64.12
2022-01-16 02:00:00+00:00,25208.6,0.58,7.24,0.0,59.71
2022-01-16 03:00:00+00:00,24267.5,1.03,6.36,0.0,63.23
2022-01-16 04:00:00+00:00,24805.7,0.44,6.06,0.0,75.66
2022-01-16 05:00:00+00:00,26100.5,0.62,7.31,0.0,82.09
2022-01-16 06:00:00+00:00,27282.8,1.95,5.76,0.0,97.95
2022-01-16 07:00:00+00:00,30723.0,2.07,5.78,21.8,119.9
2022-01-16 08:00:00+00:00,32944.7,2.25,6.8,55.4,107.27
2022-01-16 09:00:00+00:00,33278.3,3.12,7.76,38.4,86.43
2022-01-16 10:00:00+00:00,32690.4,4.37,8.24,61.8,74.5
2022-01-16 11:00:00+00:00,32065.0,5.05,8.71,84.4,99.33
2022-01-16 12:00:00+00:00,31835.3,6.42,7.81,98.9,93.43
2022-01-16 13:00:00+00:00,30752.4,7.34,8.85,107.4,96.31
2022-01-16 14:00:00+00:00,30038.7,8.07,7.81,69.1,90.02
2022-01-16 15:00:00+00:00,29798.3,8.41,6.88,74.9,71.02
2022-01-16 16:00:00+00:00,29865.7,9.6,7.19,45.1,83.4
2022-01-16 17:00:00+00:00,33209.1,9.03,6.8,15.8,118.03
2022-01-16 18:00:00+00:00,34886.4,7.22,6.97,0.0,112.89
2022-01-16 19:00:00+00:00,32970.5,7.47,7.31,0.0,125.75
2022-01-16 20:00:00+00:00,32381.3,6.35,8.68,0.0,95.34
2022-01-16 21:00:00+00:00,30709.6,5.53,8.94,0.0,85.12
2022-01-16 22:00:00+00:00,28149.6,5.44,8.36,0.0,60.07
2022-01-16 23:00:00+00:00,27431.3,3.63,8.82,0.0,89.7
2022-01-17 00:00:00+00:00,29009.2,2.16,8.08,0.0,80.84
2022-01-17 01:00:00+00:00,28390.5,0.66,8.74,0.0,78.42
2022-01-17 02:00:00+00:00,27676.1,-0.16,8.7,0.0,63.7
2022-01-17 03:00:00+00:00,27571.5,-0.02,8.93,0.0,65.62
2022-01-17 04:00:00+00:00,28032.8,0.37,7.44,0.0,83.45
2022-01-17 05:00:00+00:00,28622.6,0.8,5.66,0.0,97.88
2022-01-17 06:00:00+00:00,30239.9,0.39,4.55,0.0,114.99
2022-01-17 07:00:00+00:00,34064.9,-0.39,6.04,27.3,132.29
2022-01-17 08:00:00+00:00,35845.5,0.39,5.19,27.6,144.36
2022-01-17 09:00:00+00:00,36567.1,0.91,5.85,74.0,140.29
2022-01-17 10:00:00+00:00,36051.6,1.99,5.41,54.0,129.01
2022-01-17 11:00:00+00:00,35637.5,3.16,5.3,78.0,129.71
2022-01-17 12:00:00+00:00,34602.8,3.88,5.35,106.5,111.16
2022-01-17 13:00:00+00:00,33484.8,4.82,6.72,51.0,108.34
2022-01-17 14:00:00+00:00,32505.4,5.25,7.19,99.4,105.71
2022-01-17 15:00:00+00:00,33229.0,5.66,7.48,45.0,112.14
2022-01-17 16:00:00+00:00,35157.6,5.11,8.47,42.0,121.19
2022-01-17 17:00:00+00:00,37777.5,4.7,7.9,26.1,149.22
2022-01-17 18:00:00+00:00,38955.7,4.34,8.69,0.0,126.05
2022-01-17 19:00:00+00:00,37317.4,4.2,9.31,0.0,107.34
2022-01-17 20:00:00+00:00,35915.7,3.22,9.89,0.0,111.84
2022-01-17 21:00:00+00:00,34633.5,2.74,9.63,0.0,122.96
2022-01-17 22:00:00+00:00,32801.6,1.79,9.15,0.0,114.2
2022-01-17 23:00:00+00:00,30256.5,0.97,8.37,0.0,90.75
2022-01-18 00:00:00+00:00,29089.0,0.84,7.67,0.0,82.69
2022-01-18 01:00:00+00:00,28541.8,-0.86,6.92,0.0,88.93
2022-01-18 02:00:00+00:00,28842.4,-1.93,7.21,0.0,97.75
2022-01-18 03:00:00+00:00,28496.6,-2.89,7.02,0.0,77.7
2022-01-18 04:00:00+00:00,28718.4,-4.13,7.35,0.0,79.3
2022-01-18 05:00:00+00:00,30326.7,-4.14,7.72,0.0,93.65
2022-01-18 06:00:00+00:00,32273.1,-3.11,6.85,0.0,120.24
2022-01-18 07:00:00+00:00,34746.8,-2.57,6.01,22.8,135.17
2022-01-18 08:00:00+00:00,36098.6,-1.63,5.88,31.6,115.29
2022-01-18 09:00:00+00:00,35530.1,-0.12,5.33,81.3,139.35
2022-01-18 10:00:00+00:00,35145.7,1.52,4.72,102.1,130.29
2022-01-18 11:00:00+00:00,34548.9,2.24,6.16,110.1,124.87
2022-01-18 12:00:00+00:00,34047.7,3.71,5.01,90.4,121.01
2022-01-18 13:00:00+00:00,33195.1,4.26,6.69,74.0,115.15
2022-01-18 14:00:00+00:00,33039.8,4.07,6.93,52.9,109.91
2022-01-18 15:00:00+00:00,33263.3,3.84,7.7,54.4,101.05
2022-01-18 16:00:00+00:00,35385.8,2.88,8.35,47.1,108.69
2022-01-18 17:00:00+00:00,37652.9,2.11,8.76,17.0,127.89
2022-01-18 18:00:00+00:00,39419.0,1.49,9.97,0.0,122.15
2022-01-18 19:00:00+00:00,37964.1,1.43,8.98,0.0,127.31
2022-01-18 20:00:00+00:00,34864.5,1.8,8.76,0.0,111.12
2022-01-18 21:00:00+00:00,32858.3,0.23,8.0,0.0,116.75
2022-01-18 22:00:00+00:00,31419.7,-0.26,6.63,0.0,111.82
2022-01-18 23:00:00+00:00,30249.4,-1.56,6.13,0.0,120.98
2022-01-19 00:00:00+00:00,29268.7,-1.83,7.64,0.0,70.05
2022-01-19 01:00:00+00:00,28362.3,-2.33,7.47,0.0,79.73
2022-01-19 02:00:00+00:00,28576.0,-3.68,9.0,0.0,87.66
2022-01-19 03:00:00+00:00,28782.6,-3.14,10.53,0.0,71.05
2022-01-19 04:00:00+00:00,29237.7,-3.34,12.69,0.0,57.17
2022-01-19 05:00:00+00:00,30420.0,-3.28,13.9,0.0,50.61
2022-01-19 06:00:00+00:00,32458.5,-3.37,15.4,0.0,71.01
2022-01-19 07:00:00+00:00,34582.6,-3.04,15.23,15.5,78.46
2022-01-19 08:00:00+00:00,36275.7,-1.95,15.0,25.7,83.9
2022-01-19 09:00:00+00:00,36868.7,-1.19,14.83,77.9,98.09
2022-01-19 10:00:00+00:00,36932.1,-0.12,14.44,52.5,114.71
2022-01-19 11:00:00+00:00,36893.0,0.9,14.18,70.9,83.26
2022-01-19 12:00:00+00:00,35254.9,2.4,14.41,124.8,83.03
2022-01-19 13:00:00+00:00,34160.8,2.72,13.68,80.8,79.16
2022-01-19 14:00:00+00:00,34342.0,2.19,12.27,58.7,94.57
2022-01-19 15:00:00+00:00,34252.6,3.02,12.29,75.8,99.41
2022-01-19 16:00:00+00:00,36732.3,2.77,11.48,35.4,122.56
2022-01-19 17:00:00+00:00,38701.4,3.21,10.8,23.4,119.74
2022-01-19 18:00:00+00:00,40453.7,3.0,10.5,0.0,121.96
2022-01-19 19:00:00+00:00,38951.1,2.34,10.03,0.0,131.11
2022-01-19 20:00:00+00:00,37535.9,1.86,10.75,0.0,118.82
2022-01-19 21:00:00+00:00,33862.1,2.28,10.43,0.0,71.84
2022-01-19 22:00:00+00:00,31457.9,2.74,11.16,0.0,91.1
2022-01-19 23:00:00+00:00,29862.8,2.02,11.12,0.0,-17.32
2022-01-20 00:00:00+00:00,27865.7,1.46,10.84,0.0,60.64
2022-01-20 01:00:00+00:00,26746.6,1.58,10.77,0.0,49.11
2022-01-20 02:00:00+00:00,26029.6,0.71,9.58,0.0,54.92
2022-01-20 03:00:00+00:00,25675.1,0.76,9.71,0.0,66.9
2022-01-20 04:00:00+00:00,26304.8,0.79,10.24,0.0,55.9
2022-01-20 05:00:00+00:00,27419.9,1.23,10.85,0.0,79.66
2022-01-20 06:00:00+00:00,30130.2,1.15,9.6,0.0,87.75
2022-01-20 07:00:00+00:00,33405.9,0.78,8.28,24.7,113.47
2022-01-20 08:00:00+00:00,36503.4,0.26,7.8,37.7,124.68
2022-01-20 09:00:00+00:00,36986.4,0.39,8.84,80.8,120.29
2022-01-20 10:00:00+00:00,36659.0,0.94,8.92,53.9,130.75
2022-01-20 11:00:00+00:00,36173.8,1.55,8.22,61.1,132.66
2022-01-20 12:00:00+00:00,35007.4,3.39,7.02,108.0,119.54
2022-01-20 13:00:00+00:00,33131.7,4.55,6.49,54.9,117.91
2022-01-20 14:00:00+00:00,33293.5,4.28,5.93,48.0,115.45
2022-01-20 15:00:00+00:00,34023.1,4.61,6.71,57.2,118.53
2022-01-20 16:00:00+00:00,36513.2,4.27,7.52,41.1,128.95
2022-01-20 17:00:00+00:00,39145.3,3.82,6.67,22.7,150.16
2022-01-20 18:00:00+00:00,39792.6,3.48,7.28,0.0,162.04
2022-01-20 19:00:00+00:00,38313.2,3.25,7.77,0.0,139.97
2022-01-20 20:00:00+00:00,37194.5,2.33,6.81,0.0,132.66
2022-01-20 21:00:00+00:00,34742.7,2.21,6.75,0.0,121.86
2022-01-20 22:00:00+00:00,32144.8,0.74,7.03,0.0,104.6
2022-01-20 23:00:00+00:00,31539.4,0.04,7.16,0.0,107.56
2022-01-21 00:00:00+00:00,29261.9,1.0,5.81,0.0,91.17
2022-01-21 01:00:00+00:00,27386.7,0.63,5.98,0.0,95.88
2022-01-21 02:00:00+00:00,26784.0,1.15,6.52,0.0,75.36
2022-01-21 03:00:00+00:00,26722.5,1.04,7.78,0.0,86.58
2022-01-21 04:00:00+00:00,27054.4,1.43,7.22,0.0,76.18
2022-01-21 05:00:00+00:00,28512.9,1.63,6.78,0.0,92.32
2022-01-21 06:00:00+00:00,30594.2,1.94,6.63,0.0,110.28
2022-01-21 07:00:00+00:00,33404.3,2.03,6.88,17.9,126.83
2022-01-21 08:00:00+00:00,34532.9,2.97,6.96,50.5,124.84
2022-01-21 09:00:00+00:00,35118.6,3.19,7.43,79.7,143.64
2022-01-21 10:00:00+00:00,34921.0,4.33,6.53,90.5,120.37
2022-01-21 11:00:00+00:00,34468.8,5.66,6.87,57.9,103.08
2022-01-21 12:00:00+00:00,33343.6,6.43,6.29,59.1,114.08
2022-01-21 13:00:00+00:00,32073.1,6.67,6.22,115.4,111.12
2022-01-21 14:00:00+00:00,32073.5,7.18,7.59,107.7,100.85
2022-01-21 15:00:00+00:00,32190.0,7.03,6.47,44.9,97.41
2022-01-21 16:00:00+00:00,33440.5,7.43,6.28,41.3,113.02
2022-01-21 17:00:00+00:00,35692.9,5.96,5.31,27.1,128.03
2022-01-21 18:00:00+00:00,37765.5,5.24,5.52,0.0,142.77
2022-01-21 19:00:00+00:00,37178.5,3.39,6.41,0.0,140.13
2022-01-21 20:00:00+00:00,35982.5,1.78,6.57,0.0,137.68
2022-01-21 21:00:00+00:00,34038.1,1.85,6.5,0.0,114.44
2022-01-21 22:00:00+00:00,31772.3,1.62,7.57,0.0,96.05
2022-01-21 23:00:00+00:00,30345.5,0.45,7.8,0.0,99.7
2022-01-22 00:00:00+00:00,27440.3,-1.05,8.4,0.0,63.36
2022-01-22 01:00:00+00:00,26616.5,-3.28,8.89,0.0,55.32
2022-01-22 02:00:00+00:00,25492.6,-3.82,6.55,0.0,92.24
2022-01-22 03:00:00+00:00,25866.2,-2.38,6.51,0.0,67.43
2022-01-22 04:00:00+00:00,25994.8,-1.98,5.69,0.0,59.64
2022-01-22 05:00:00+00:00,26967.9,-1.98,5.11,0.0,74.48
2022-01-22 06:00:00+00:00,28718.7,-1.18,6.35,0.0,70.72
2022-01-22 07:00:00+00:00,32382.0,-1.46,6.09,16.0,129.38
2022-01-22 08:00:00+00:00,33989.6,-0.86,7.62,38.9,111.93
2022-01-22 09:00:00+00:00,33824.1,0.04,6.49,71.7,105.0
2022-01-22 10:00:00+00:00,33438.9,0.83,5.67,47.1,124.92
2022-01-22 11:00:00+00:00,32868.1,2.09,6.33,105.2,125.25
2022-01-22 12:00:00+00:00,32088.3,2.96,6.09,79.7,104.83
2022-01-22 13:00:00+00:00,31563.0,3.87,6.38,110.9,115.94
2022-01-22 14:00:00+00:00,32223.9,3.78,6.32,115.4,100.2
2022-01-22 15:00:00+00:00,31862.7,4.46,6.25,62.1,93.88
2022-01-22 16:00:00+00:00,33061.5,5.35,6.05,28.3,134.46
2022-01-22 17:00:00+00:00,35346.5,4.46,6.23,31.8,121.59
2022-01-22 18:00:00+00:00,36568.4,3.46,6.77,0.0,129.86
2022-01-22 19:00:00+00:00,34131.1,3.66,8.05,0.0,124.4
2022-01-22 20:00:00+00:00,33039.2,2.82,7.84,0.0,108.96
2022-01-22 21:00:00+00:00,30369.6,2.88,7.49,0.0,93.37
2022-01-22 22:00:00+00:00,28177.0,1.82,7.05,0.0,81.11
2022-01-22 23:00:00+00:00,26568.5,1.95,8.2,0.0,61.16
2022-01-23 00:00:00+00:00,26359.6,1.38,8.68,0.0,65.79
2022-01-23 01:00:00+00:00,24914.6,1.02,7.11,0.0,68.66
2022-01-23 02:00:00+00:00,24082.9,1.61,5.59,0.0,64.8
2022-01-23 03:00:00+00:00,24142.9,1.22,5.01,0.0,76.18
2022-01-23 04:00:00+00:00,24377.5,0.69,5.29,0.0,74.54
2022-01-23 05:00:00+00:00,25618.7,0.68,5.35,0.0,81.42
2022-01-23 06:00:00+00:00,27115.0,1.39,5.83,0.0,81.07
2022-01-23 07:00:00+00:00,30224.0,1.03,5.75,33.5,96.86
2022-01-23 08:00:00+00:00,32377.5,2.12,6.91,60.0,109.06
2022-01-23 09:00:00+00:00,33242.9,2.55,7.52,80.8,93.77
2022-01-23 10:00:00+00:00,32467.3,4.0,7.55,82.0,129.84
2022-01-23 11:00:00+00:00,32015.8,3.25,8.42,100.4,66.97
2022-01-23 12:00:00+00:00,31667.3,3.41,7.06,112.9,90.87
2022-01-23 13:00:00+00:00,30708.1,2.9,6.99,55.6,100.37
2022-01-23 14:00:00+00:00,30589.6,2.76,7.1,78.5,99.59
2022-01-23 15:00:00+00:00,30774.9,3.07,7.56,52.4,84.32
2022-01-23 16:00:00+00:00,32620.0,2.92,6.19,42.9,105.42
2022-01-23 17:00:00+00:00,35296.3,2.53,6.03,30.5,130.26
2022-01-23 18:00:00+00:00,36796.8,2.03,6.39,0.0,125.42
2022-01-23 19:00:00+00:00,35078.8,1.59,6.8,0.0,114.5
2022-01-23 20:00:00+00:00,34053.1,0.32,7.73,0.0,124.07
2022-01-23 21:00:00+00:00,32607.1,0.05,8.29,0.0,111.78
2022-01-23 22:00:00+00:00,31250.6,-0.27,8.18,0.0,96.2
2022-01-23 23:00:00+00:00,29501.5,-0.72,8.65,0.0,90.76
2022-01-24 00:00:00+00:00,31023.2,-0.95,8.41,0.0,94.42
2022-01-24 01:00:00+00:00,30050.7,-1.22,8.45,0.0,79.68
2022-01-24 02:00:00+00:00,28838.2,-0.27,9.0,0.0,65.6
2022-01-24 03:00:00+00:00,27766.2,-0.44,8.87,0.0,77.73
2022-01-24 04:00:00+00:00,28383.7,-0.54,9.06,0.0,67.42
2022-01-24 05:00:00+00:00,29574.6,-0.7,9.71,0.0,85.9
2022-01-24 06:00:00+00:00,32666.9,-0.84,10.13,0.0,91.03
2022-01-24 07:00:00+00:00,35746.3,-0.94,10.94,31.2,118.95
2022-01-24 08:00:00+00:00,37631.4,-0.7,12.56,33.7,98.76
2022-01-24 09:00:00+00:00,37334.0,0.09,12.83,76.1,90.63
2022-01-24 10:00:00+00:00,36833.8,1.13,12.18,92.9,103.4
2022-01-24 11:00:00+00:00,35166.8,1.94,12.32,106.8,86.09
2022-01-24 12:00:00+00:00,35053.1,2.15,12.42,137.0,87.65
2022-01-24 13:00:00+00:00,34554.9,3.23,12.63,104.4,83.68
2022-01-24 14:00:00+00:00,34443.5,4.01,13.52,113.4,73.15
2022-01-24 15:00:00+00:00,34334.1,4.05,11.87,61.8,87.55
2022-01-24 16:00:00+00:00,35336.8,3.59,12.81,30.8,71.51
2022-01-24 17:00:00+00:00,37505.4,3.66,13.97,23.0,115.64
2022-01-24 18:00:00+00:00,38575.4,3.33,14.07,0.0,101.89
2022-01-24 19:00:00+00:00,37885.3,1.86,14.18,0.0,107.93
2022-01-24 20:00:00+00:00,35161.8,1.15,13.63,0.0,69.39
2022-01-24 21:00:00+00:00,33428.3,0.58,13.3,0.0,72.68
2022-01-24 22:00:00+00:00,31212.1,-0.69,13.53,0.0,69.51
2022-01-24 23:00:00+00:00,30499.3,-1.24,13.7,0.0,79.89
2022-01-25 00:00:00+00:00,28838.9,-2.65,13.93,0.0,55.05
2022-01-25 01:00:00+00:00,28192.5,-2.25,14.07,0.0,51.48
2022-01-25 02:00:00+00:00,27440.0,-1.75,14.42,0.0,34.6
2022-01-25 03:00:00+00:00,26406.8,-1.97,14.67,0.0,31.86
2022-01-25 04:00:00+00:00,27593.7,-1.62,13.48,0.0,43.52
2022-01-25 05:00:00+00:00,29889.3,-2.74,13.81,0.0,60.58
2022-01-25 06:00:00+00:00,32836.5,-2.89,14.92,0.0,81.59
2022-01-25 07:00:00+00:00,35506.4,-2.36,14.5,18.3,82.63
2022-01-25 08:00:00+00:00,36795.3,-2.19,15.3,31.5,88.87
2022-01-25 09:00:00+00:00,36871.3,-0.88,14.17,62.4,89.02
2022-01-25 10:00:00+00:00,36282.5,1.19,13.79,60.7,89.02
2022-01-25 11:00:00+00:00,35623.2,1.26,12.95,93.2,101.2
2022-01-25 12:00:00+00:00,34842.6,1.45,13.73,124.7,83.18
2022-01-25 13:00:00+00:00,34257.1,2.15,14.67,60.2,77.91
2022-01-25 14:00:00+00:00,33537.5,3.49,14.21,88.2,69.62
2022-01-25 15:00:00+00:00,34461.4,2.91,14.77,71.8,65.98
2022-01-25 16:00:00+00:00,36808.1,3.02,15.67,29.2,93.86
2022-01-25 17:00:00+00:00,39055.9,3.87,15.21,31.7,111.07
2022-01-25 18:00:00+00:00,39737.6,2.43,14.9,0.0,119.55
2022-01-25 19:00:00+00:00,38644.8,1.09,15.08,0.0,103.07
2022-01-25 20:00:00+00:00,36987.2,0.19,14.02,0.0,91.24
2022-01-25 21:00:00+00:00,35539.8,-0.82,13.75,0.0,98.18
2022-01-25 22:00:00+00:00,33453.9,-1.02,15.09,0.0,82.83
2022-01-25 23:00:00+00:00,31624.8,-1.52,14.3,0.0,73.75
2022-01-26 00:00:00+00:00,30659.6,-3.12,14.6,0.0,50.13
2022-01-26 01:00:00+00:00,29864.2,-3.19,14.63,0.0,56.78
2022-01-26 02:00:00+00:00,29496.0,-3.76,14.12,0.0,34.1
2022-01-26 03:00:00+00:00,28880.8,-3.01,13.94,0.0,64.25
2022-01-26 04:00:00+00:00,28793.3,-3.22,14.96,0.0,46.51
2022-01-26 05:00:00+00:00,30884.8,-3.22,14.99,0.0,59.17
2022-01-26 06:00:00+00:00,32826.4,-2.34,15.15,0.0,83.47
2022-01-26 07:00:00+00:00,35140.5,-1.19,15.99,20.0,70.01
2022-01-26 08:00:00+00:00,36494.5,-0.14,15.32,70.6,85.23
2022-01-26 09:00:00+00:00,36956.8,-0.33,14.08,48.9,86.46
2022-01-26 10:00:00+00:00,35822.4,0.84,15.11,125.8,62.22
2022-01-26 11:00:00+00:00,35623.1,1.01,14.81,80.0,83.69
2022-01-26 12:00:00+00:00,34346.5,1.85,15.12,83.4,73.67
2022-01-26 13:00:00+00:00,34036.6,1.54,14.12,94.0,52.89
2022-01-26 14:00:00+00:00,32860.5,2.21,14.07,65.7,76.69
2022-01-26 15:00:00+00:00,32521.5,1.91,12.86,94.5,71.41
2022-01-26 16:00:00+00:00,35259.9,1.13,12.61,35.4,101.36
2022-01-26 17:00:00+00:00,37309.2,1.38,11.83,25.6,113.44
2022-01-26 18:00:00+00:00,38783.1,1.15,10.9,0.0,137.25
2022-01-26 19:00:00+00:00,37893.4,0.25,10.47,0.0,135.39
2022-01-26 20:00:00+00:00,35904.5,0.5,8.5,0.0,124.47
2022-01-26 21:00:00+00:00,33988.7,-0.47,7.52,0.0,125.52
2022-01-26 22:00:00+00:00,31922.9,-1.15,8.1,0.0,109.56
2022-01-26 23:00:00+00:00,30132.5,-1.63,8.32,0.0,77.01
2022-01-27 00:00:00+00:00,29853.9,-2.53,7.41,0.0,83.22
2022-01-27 01:00:00+00:00,28519.8,-2.65,7.82,0.0,71.74
2022-01-27 02:00:00+00:00,28092.9,-3.2,7.09,0.0,89.85
2022-01-27 03:00:00+00:00,28314.6,-3.47,7.65,0.0,74.45
2022-01-27 04:00:00+00:00,27953.9,-2.48,7.53,0.0,59.71
2022-01-27 05:00:00+00:00,28506.1,-2.75,7.25,0.0,74.77
2022-01-27 06:00:00+00:00,30976.3,-3.65,7.17,0.0,232.48
2022-01-27 07:00:00+00:00,34065.3,-1.95,9.16,25.4,110.68
2022-01-27 08:00:00+00:00,35129.1,0.38,8.46,55.1,127.04
2022-01-27 09:00:00+00:00,35729.0,0.95,8.56,51.8,126.92
2022-01-27 10:00:00+00:00,36034.5,0.6,9.1,112.7,113.75
2022-01-27 11:00:00+00:00,36313.5,1.2,8.24,96.2,111.2
2022-01-27 12:00:00+00:00,34723.9,1.73,6.93,137.6,93.97
2022-01-27 13:00:00+00:00,33960.7,2.17,6.46,105.6,109.39
2022-01-27 14:00:00+00:00,33845.1,1.88,7.08,108.3,107.16
2022-01-27 15:00:00+00:00,33974.4,2.42,6.81,66.5,116.28
2022-01-27 16:00:00+00:00,36060.5,2.72,6.64,47.6,139.03
2022-01-27 17:00:00+00:00,39218.3,1.59,7.37,26.2,153.35
2022-01-27 18:00:00+00:00,39899.4,1.63,6.72,0.0,157.05
2022-01-27 19:00:00+00:00,37310.5,2.32,6.67,0.0,136.9
2022-01-27 20:00:00+00:00,36658.7,1.74,5.5,0.0,128.05
2022-01-27 21:00:00+00:00,34767.5,0.8,5.82,0.0,122.17
2022-01-27 22:00:00+00:00,32602.0,-0.02,6.06,0.0,106.25
2022-01-27 23:00:00+00:00,31387.3,-0.34,6.73,0.0,130.92
2022-01-28 00:00:00+00:00,30423.8,-1.94,5.85,0.0,123.93
2022-01-28 01:00:00+00:00,29805.5,-2.25,5.76,0.0,88.19
2022-01-28 02:00:00+00:00,29036.8,-2.73,4.82,0.0,105.16
2022-01-28 03:00:00+00:00,29011.9,-1.66,4.74,0.0,88.02
2022-01-28 04:00:00+00:00,29229.3,-1.64,6.01,0.0,98.21
2022-01-28 05:00:00+00:00,29356.6,-0.31,5.81,0.0,92.92
2022-01-28 06:00:00+00:00,32659.0,-0.5,4.8,0.0,121.67
2022-01-28 07:00:00+00:00,35237.0,0.49,4.38,20.9,149.85
2022-01-28 08:00:00+00:00,36105.5,1.41,3.25,75.1,150.46
2022-01-28 09:00:00+00:00,35784.2,1.67,2.42,56.3,159.32
2022-01-28 10:00:00+00:00,35730.3,2.57,3.18,66.7,150.51
2022-01-28 11:00:00+00:00,35413.2,4.03,2.24,75.2,140.73
2022-01-28 12:00:00+00:00,34937.3,4.45,2.72,150.0,124.1
2022-01-28 13:00:00+00:00,34503.8,3.91,2.95,140.2,131.05
2022-01-28 14:00:00+00:00,34604.9,4.22,2.74,56.9,138.79
2022-01-28 15:00:00+00:00,35046.6,3.81,3.13,92.6,134.56
2022-01-28 16:00:00+00:00,36370.2,3.54,2.59,34.8,147.76
2022-01-28 17:00:00+00:00,38442.3,3.24,3.47,18.0,164.37
2022-01-28 18:00:00+00:00,40067.2,1.79,3.1,0.0,189.96
2022-01-28 19:00:00+00:00,39256.9,0.27,2.99,0.0,151.47
2022-01-28 20:00:00+00:00,37637.7,-0.06,2.8,0.0,151.38
2022-01-28 21:00:00+00:00,35877.5,-1.06,3.55,0.0,151.82
2022-01-28 22:00:00+00:00,34428.3,-3.28,4.15,0.0,118.71
2022-01-28 23:00:00+00:00,32608.0,-3.39,2.24,0.0,122.23
2022-01-29 00:00:00+00:00,29550.5,-3.69,2.67,0.0,137.12
2022-01-29 01:00:00+00:00,28734.5,-4.48,1.53,0.0,122.89
2022-01-29 02:00:00+00:00,28116.5,-5.45,1.53,0.0,140.22
2022-01-29 03:00:00+00:00,27333.6,-4.91,1.72,0.0,90.73
2022-01-29 04:00:00+00:00,27477.1,-4.47,1.71,0.0,129.59
2022-01-29 05:00:00+00:00,27888.6,-2.63,2.37,0.0,94.55
2022-01-29 06:00:00+00:00,30456.5,-1.83,3.16,0.0,127.74
2022-01-29 07:00:00+00:00,32990.3,-0.92,2.75,25.6,112.61
2022-01-29 08:00:00+00:00,33703.0,-0.25,2.33,62.9,141.15
2022-01-29 09:00:00+00:00,33245.8,1.07,2.53,77.5,136.95
2022-01-29 10:00:00+00:00,32774.0,2.26,1.55,62.2,132.45
2022-01-29 11:00:00+00:00,32320.7,3.76,1.45,137.1,115.44
2022-01-29 12:00:00+00:00,31585.1,4.06,2.78,147.4,114.22
2022-01-29 13:00:00+00:00,31264.4,4.29,1.81,106.5,125.67
2022-01-29 14:00:00+00:00,30606.9,4.32,1.81,99.2,108.37
2022-01-29 15:00:00+00:00,30817.8,4.92,1.6,78.8,121.65
2022-01-29 16:00:00+00:00,32537.9,5.72,3.44,57.6,125.01
2022-01-29 17:00:00+00:00,34643.4,5.13,3.2,19.2,146.88
2022-01-29 18:00:00+00:00,36101.5,4.39,3.01,0.0,137.57
2022-01-29 19:00:00+00:00,35536.7,3.96,2.41,0.0,147.43
2022-01-29 20:00:00+00:00,33570.6,3.08,2.64,0.0,142.07
2022-01-29 21:00:00+00:00,31512.9,2.87,3.07,0.0,121.67
2022-01-29 22:00:00+00:00,29979.1,0.72,2.58,0.0,108.15
2022-01-29 23:00:00+00:00,28601.4,-0.47,3.57,0.0,114.86
2022-01-30 00:00:00+00:00,27733.0,-1.49,3.95,0.0,107.91
2022-01-30 01:00:00+00:00,27144.7,-3.31,4.77,0.0,97.81
2022-01-30 02:00:00+00:00,26099.1,-4.1,4.63,0.0,81.13
2022-01-30 03:00:00+00:00,26320.0,-4.65,4.94,0.0,82.39
2022-01-30 04:00:00+00:00,26145.2,-4.55,4.87,0.0,96.23
2022-01-30 05:00:00+00:00,27236.3,-3.47,6.12,0.0,91.58
2022-01-30 06:00:00+00:00,29864.2,-3.04,6.25,0.0,111.25
2022-01-30 07:00:00+00:00,33005.4,-2.94,6.3,30.6,115.86
2022-01-30 08:00:00+00:00,34063.3,-2.14,5.98,62.9,126.88
2022-01-30 09:00:00+00:00,34277.0,-0.63,5.62,49.2,131.6
2022-01-30 10:00:00+00:00,34084.8,-0.35,5.88,113.2,132.25
2022-01-30 11:00:00+00:00,33440.2,-0.07,6.57,155.9,84.33
2022-01-30 12:00:00+00:00,33736.2,1.0,6.06,114.2,115.91
2022-01-30 13:00:00+00:00,32436.6,1.45,6.21,140.0,113.77
2022-01-30 14:00:00+00:00,32038.8,2.24,6.39,103.8,115.24
2022-01-30 15:00:00+00:00,32895.7,2.42,6.7,95.6,103.0
2022-01-30 16:00:00+00:00,34528.6,2.82,5.38,48.2,131.77
2022-01-30 17:00:00+00:00,36791.9,1.97,4.74,41.7,152.74
2022-01-30 18:00:00+00:00,37503.7,1.57,3.78,0.0,170.37
2022-01-30 19:00:00+00:00,35603.9,0.91,3.97,0.0,148.98
2022-01-30 20:00:00+00:00,34172.7,-0.46,3.42,0.0,142.4
2022-01-30 21:00:00+00:00,32820.2,-2.07,3.21,0.0,130.13
2022-01-30 22:00:00+00:00,30446.8,-2.3,2.46,0.0,133.84
2022-01-30 23:00:00+00:00,29661.9,-3.12,2.38,0.0,130.83
2022-01-31 00:00:00+00:00,30978.2,-4.2,1.73,0.0,140.23
2022-01-31 01:00:00+00:00,29174.7,-4.61,2.58,0.0,121.77
2022-01-31 02:00:00+00:00,29156.9,-4.1,3.18,0.0,113.48
2022-01-31 03:00:00+00:00,28796.4,-5.47,3.49,0.0,101.33
2022-01-31 04:00:00+00:00,29644.0,-6.12,3.43,0.0,105.22
2022-01-31 05:00:00+00:00,31176.3,-6.21,2.01,0.0,139.76
2022-01-31 06:00:00+00:00,32910.9,-4.68,1.9,0.0,151.78
2022-01-31 07:00:00+00:00,35944.1,-3.74,1.56,27.1,161.01
2022-01-31 08:00:00+00:00,37168.4,-2.42,2.03,70.1,162.73
2022-01-31 09:00:00+00:00,37432.8,-2.21,2.76,118.9,156.54
2022-01-31 10:00:00+00:00,36360.9,-1.97,3.23,104.5,158.48
2022-01-31 11:00:00+00:00,35000.7,-0.82,4.4,104.2,139.57
2022-01-31 12:00:00+00:00,35916.6,-0.03,4.09,97.0,135.42
2022-01-31 13:00:00+00:00,35265.8,0.91,3.76,126.0,140.61
2022-01-31 14:00:00+00:00,35328.7,1.22,4.73,97.8,116.85
2022-01-31 15:00:00+00:00,36431.6,1.61,4.97,102.9,131.44
2022-01-31 16:00:00+00:00,37659.5,1.71,4.88,64.3,130.77
2022-01-31 17:00:00+00:00,39629.8,1.98,6.43,28.2,145.75
2022-01-31 18:00:00+00:00,39553.5,2.08,6.91,0.0,145.66
2022-01-31 19:00:00+00:00,38492.3,0.55,6.77,0.0,126.89
2022-01-31 20:00:00+00:00,37018.8,-1.42,6.24,0.0,153.44
2022-01-31 21:00:00+00:00,34801.5,-1.46,7.32,0.0,117.52
2022-01-31 22:00:00+00:00,32925.8,-1.41,7.46,0.0,107.34
2022-01-31 23:00:00+00:00,31883.1,-2.66,7.46,0.0,95.73
2022-02-01 00:00:00+00:00,31608.0,-4.26,7.97,0.0,105.61
2022-02-01 01:00:00+00:00,29807.5,-4.54,8.61,0.0,99.51
2022-02-01 02:00:00+00:00,29055.7,-4.15,8.96,0.0,84.53
2022-02-01 03:00:00+00:00,28481.7,-3.07,9.55,0.0,76.14
2022-02-01 04:00:00+00:00,29394.0,-2.58,9.77,0.0,57.18
2022-02-01 05:00:00+00:00,30390.7,-2.45,10.07,0.0,80.3
2022-02-01 06:00:00+00:00,32541.2,-2.44,9.34,0.0,104.61
2022-02-01 07:00:00+00:00,35637.2,-1.73,10.64,18.0,120.4
2022-02-01 08:00:00+00:00,36888.0,-1.11,9.5,57.6,125.32
2022-02-01 09:00:00+00:00,37471.1,-0.86,9.61,87.4,140.86
2022-02-01 10:00:00+00:00,36720.8,1.24,8.44,99.7,113.66
2022-02-01 11:00:00+00:00,35323.9,3.09,8.29,112.4,105.17
2022-02-01 12:00:00+00:00,34128.3,4.42,7.78,137.9,110.04
2022-02-01 13:00:00+00:00,33518.1,4.34,7.84,151.2,114.01
2022-02-01 14:00:00+00:00,32691.1,5.17,8.07,92.5,113.67
2022-02-01 15:00:00+00:00,32157.1,5.66,7.27,106.6,79.04
2022-02-01 16:00:00+00:00,34378.8,5.81,7.23,37.7,118.99
2022-02-01 17:00:00+00:00,36930.4,6.25,8.31,30.7,137.4
2022-02-01 18:00:00+00:00,37543.5,6.11,7.22,0.0,148.92
2022-02-01 19:00:00+00:00,35815.5,5.88,6.54,0.0,138.62
2022-02-01 20:00:00+00:00,34215.1,5.48,7.24,0.0,118.76
2022-02-01 21:00:00+00:00,33205.1,4.84,7.28,0.0,82.94
2022-02-01 22:00:00+00:00,31882.8,2.92,7.39,0.0,125.36
2022-02-01 23:00:00+00:00,30713.1,2.2,8.17,0.0,99.69
2022-02-02 00:00:00+00:00,29485.9,1.25,7.49,0.0,81.06
2022-02-02 01:00:00+00:00,28782.0,-0.03,7.06,0.0,84.75
2022-02-02 02:00:00+00:00,27677.5,0.68,6.55,0.0,86.7
2022-02-02 03:00:00+00:00,26578.9,1.58,6.3,0.0,83.61
2022-02-02 04:00:00+00:00,26604.6,2.43,7.39,0.0,59.27
2022-02-02 05:00:00+00:00,27227.0,2.79,6.04,0.0,74.28
2022-02-02 06:00:00+00:00,28876.1,3.99,5.15,0.0,103.87
2022-02-02 07:00:00+00:00,31577.9,4.51,4.17,33.7,112.16
2022-02-02 08:00:00+00:00,33064.6,5.24,5.41,67.5,99.95
2022-02-02 09:00:00+00:00,33772.5,5.25,5.01,109.9,113.18
2022-02-02 10:00:00+00:00,32593.0,6.18,4.86,83.8,116.63
2022-02-02 11:00:00+00:00,31887.6,6.85,3.7,125.8,99.34
2022-02-02 12:00:00+00:00,32687.9,6.6,3.66,121.2,137.44
2022-02-02 13:00:00+00:00,32035.9,6.99,4.5,155.2,122.05
2022-02-02 14:00:00+00:00,31994.5,7.18,4.83,128.2,119.29
2022-02-02 15:00:00+00:00,32067.2,8.3,4.85,59.9,116.26
2022-02-02 16:00:00+00:00,33659.3,8.65,3.73,86.2,116.69
2022-02-02 17:00:00+00:00,35799.4,8.25,3.64,28.0,138.18
2022-02-02 18:00:00+00:00,36683.5,7.83,3.92,0.0,165.61
2022-02-02 19:00:00+00:00,36433.9,7.13,3.3,0.0,146.3
2022-02-02 20:00:00+00:00,34360.2,6.19,4.0,0.0,137.71
2022-02-02 21:00:00+00:00,33585.7,4.67,4.84,0.0,125.95
2022-02-02 22:00:00+00:00,31178.9,3.74,4.54,0.0,114.49
2022-02-02 23:00:00+00:00,29601.7,2.5,5.23,0.0,101.61
2022-02-03 00:00:00+00:00,28905.7,1.13,5.23,0.0,96.29
2022-02-03 01:00:00+00:00,27650.6,0.93,6.22,0.0,81.32
2022-02-03 02:00:00+00:00,26641.5,0.83,7.85,0.0,67.79
2022-02-03 03:00:00+00:00,26861.4,-0.38,6.95,0.0,75.06
2022-02-03 04:00:00+00:00,26543.8,-0.36,7.55,0.0,62.54
2022-02-03 05:00:00+00:00,27743.5,0.54,8.55,0.0,59.82
2022-02-03 06:00:00+00:00,29937.5,1.63,7.71,0.0,87.8
2022-02-03 07:00:00+00:00,32876.1,2.82,7.22,24.7,101.23
2022-02-03 08:00:00+00:00,34177.3,3.51,6.75,58.9,117.21
2022-02-03 09:00:00+00:00,35062.7,3.73,6.66,126.8,108.12
2022-02-03 10:00:00+00:00,35184.4,3.81,6.4,137.0,101.27
2022-02-03 11:00:00+00:00,34525.3,4.73,6.28,143.1,131.04
2022-02-03 12:00:00+00:00,34734.1,5.55,6.97,102.6,110.6
2022-02-03 13:00:00+00:00,33650.9,6.77,5.49,149.9,92.78
2022-02-03 14:00:00+00:00,32569.5,7.68,4.8,153.6,119.41
2022-02-03 15:00:00+00:00,33438.4,7.63,5.43,127.0,110.76
2022-02-03 16:00:00+00:00,35564.9,6.71,5.94,68.8,129.2
2022-02-03 17:00:00+00:00,38721.4,6.18,5.17,23.3,157.46
2022-02-03 18:00:00+00:00,38574.2,5.8,5.7,0.0,163.42
2022-02-03 19:00:00+00:00,37116.5,5.02,6.8,0.0,141.67
2022-02-03 20:00:00+00:00,35233.5,3.92,6.77,0.0,113.46
2022-02-03 21:00:00+00:00,32501.7,3.27,6.0,0.0,103.32
2022-02-03 22:00:00+00:00,30743.8,2.17,6.73,0.0,86.4
2022-02-03 23:00:00+00:00,29303.9,1.05,8.09,0.0,79.81
2022-02-04 00:00:00+00:00,27469.8,0.66,7.34,0.0,81.71
2022-02-04 01:00:00+00:00,26474.2,-0.07,7.36,0.0,63.65
2022-02-04 02:00:00+00:00,26844.2,-0.23,8.19,0.0,62.71
2022-02-04 03:00:00+00:00,27036.9,-0.17,8.22,0.0,63.29
2022-02-04 04:00:00+00:00,27243.9,-0.76,6.8,0.0,73.6
2022-02-04 05:00:00+00:00,28168.4,-0.74,7.15,0.0,89.88
2022-02-04 06:00:00+00:00,30559.1,0.62,6.38,0.0,98.75
2022-02-04 07:00:00+00:00,32724.5,0.53,5.42,41.5,127.95
2022-02-04 08:00:00+00:00,35185.6,-0.0,4.14,88.0,129.86
2022-02-04 09:00:00+00:00,35171.0,-0.29,5.22,118.4,127.42
2022-02-04 10:00:00+00:00,35821.3,0.59,4.65,154.7,129.55
2022-02-04 11:00:00+00:00,35553.1,1.41,5.03,130.5,132.48
2022-02-04 12:00:00+00:00,34163.9,2.04,5.58,159.0,121.6
2022-02-04 13:00:00+00:00,33054.7,3.32,5.78,107.8,112.52
2022-02-04 14:00:00+00:00,33526.6,2.07,6.07,138.0,138.29
2022-02-04 15:00:00+00:00,32860.1,2.51,6.42,111.6,122.69
2022-02-04 16:00:00+00:00,34543.8,3.43,6.56,61.3,115.04
2022-02-04 17:00:00+00:00,37716.8,2.51,5.98,20.4,159.03
2022-02-04 18:00:00+00:00,38047.1,1.88,5.37,0.0,164.72
2022-02-04 19:00:00+00:00,37543.9,0.89,5.37,0.0,136.46
2022-02-04 20:00:00+00:00,35991.7,-0.28,5.35,0.0,119.25
2022-02-04 21:00:00+00:00,34772.9,-1.14,5.77,0.0,132.99
2022-02-04 22:00:00+00:00,32224.8,-0.96,6.69,0.0,109.25
2022-02-04 23:00:00+00:00,29819.2,-0.5,6.98,0.0,69.83
2022-02-05 00:00:00+00:00,26308.1,-1.23,6.34,0.0,78.26
2022-02-05 01:00:00+00:00,24904.3,-0.51,4.67,0.0,78.06
2022-02-05 02:00:00+00:00,24515.0,-0.78,4.19,0.0,71.8
2022-02-05 03:00:00+00:00,24501.1,0.18,3.28,0.0,98.5
2022-02-05 04:00:00+00:00,24707.9,0.21,2.89,0.0,83.81
2022-02-05 05:00:00+00:00,25127.8,0.57,3.29,0.0,82.49
2022-02-05 06:00:00+00:00,27252.5,1.25,3.54,0.0,97.83
2022-02-05 07:00:00+00:00,28806.8,3.75,5.16,20.1,83.3
2022-02-05 08:00:00+00:00,30616.6,4.9,5.63,86.9,91.29
2022-02-05 09:00:00+00:00,31580.6,5.16,7.19,96.1,68.97
2022-02-05 10:00:00+00:00,31540.7,6.44,7.74,149.6,93.95
2022-02-05 11:00:00+00:00,30967.2,6.85,8.56,141.2,92.03
2022-02-05 12:00:00+00:00,30302.7,7.09,8.2,98.7,86.7
2022-02-05 13:00:00+00:00,29209.5,8.04,7.3,113.2,83.19
2022-02-05 14:00:00+00:00,28904.4,8.27,6.93,106.9,80.84
2022-02-05 15:00:00+00:00,29012.6,8.45,6.93,113.2,96.97
2022-02-05 16:00:00+00:00,31737.5,8.27,6.44,69.1,102.54
2022-02-05 17:00:00+00:00,34002.9,8.09,5.68,38.4,132.85
2022-02-05 18:00:00+00:00,34976.2,7.78,6.08,0.0,138.32
2022-02-05 19:00:00+00:00,33861.8,5.9,5.34,0.0,113.9
2022-02-05 20:00:00+00:00,31654.0,5.52,4.22,0.0,127.0
2022-02-05 21:00:00+00:00,29651.7,4.09,3.48,0.0,101.27
2022-02-05 22:00:00+00:00,27646.2,2.4,3.47,0.0,94.81
2022-02-05 23:00:00+00:00,27249.4,1.62,2.87,0.0,99.47
2022-02-06 00:00:00+00:00,26542.6,1.08,2.9,0.0,109.42
2022-02-06 01:00:00+00:00,25522.5,0.17,3.58,0.0,79.98
2022-02-06 02:00:00+00:00,24572.9,0.36,4.2,0.0,81.41
2022-02-06 03:00:00+00:00,25255.9,-0.57,3.82,0.0,68.63
2022-02-06 04:00:00+00:00,25180.7,-0.7,2.96,0.0,86.56
2022-02-06 05:00:00+00:00,25663.3,-0.74,2.71,0.0,87.89
2022-02-06 06:00:00+00:00,28278.9,-0.27,3.44,0.0,117.06
2022-02-06 07:00:00+00:00,30655.5,0.54,4.31,47.3,103.09
2022-02-06 08:00:00+00:00,31991.4,0.67,4.72,93.9,97.41
2022-02-06 09:00:00+00:00,31874.1,1.92,5.78,76.2,103.62
2022-02-06 10:00:00+00:00,32040.1,2.75,7.19,119.2,92.05
2022-02-06 11:00:00+00:00,32042.4,2.36,6.8,177.1,98.59
2022-02-06 12:00:00+00:00,31659.3,1.85,7.97,89.5,107.06
2022-02-06 13:00:00+00:00,31283.7,2.41,7.72,108.5,88.24
2022-02-06 14:00:00+00:00,30653.2,2.66,8.48,163.6,83.41
2022-02-06 15:00:00+00:00,30353.8,2.78,8.96,94.9,79.33
2022-02-06 16:00:00+00:00,31873.0,2.75,7.32,94.3,103.38
2022-02-06 17:00:00+00:00,34667.6,2.66,6.55,31.6,114.06
2022-02-06 18:00:00+00:00,35432.1,2.83,5.62,0.0,135.5
2022-02-06 19:00:00+00:00,34742.7,1.6,4.29,0.0,148.2
2022-02-06 20:00:00+00:00,33883.7,0.25,5.11,0.0,121.54
2022-02-06 21:00:00+00:00,32090.3,-1.09,6.83,0.0,107.42
2022-02-06 22:00:00+00:00,31199.2,-1.59,6.63,0.0,104.16
2022-02-06 23:00:00+00:00,29333.3,-1.46,7.32,0.0,75.12
2022-02-07 00:00:00+00:00,30400.8,-2.22,8.46,0.0,97.39
2022-02-07 01:00:00+00:00,29225.5,-4.11,8.55,0.0,76.94
2022-02-07 02:00:00+00:00,28967.7,-5.31,8.46,0.0,81.16
2022-02-07 03:00:00+00:00,28793.8,-5.76,8.19,0.0,88.16
2022-02-07 04:00:00+00:00,29538.1,-5.83,8.55,0.0,91.69
2022-02-07 05:00:00+00:00,30378.0,-5.61,9.16,0.0,74.42
2022-02-07 06:00:00+00:00,32765.6,-4.94,9.41,0.0,103.41
2022-02-07 07:00:00+00:00,35556.4,-4.34,9.63,49.3,121.16
2022-02-07 08:00:00+00:00,37213.9,-2.83,9.45,97.0,112.19
2022-02-07 09:00:00+00:00,38002.4,-2.32,8.09,57.4,141.68
2022-02-07 10:00:00+00:00,37829.8,-1.91,8.73,83.1,131.49
2022-02-07 11:00:00+00:00,37265.0,-0.74,7.64,108.8,132.96
2022-02-07 12:00:00+00:00,37328.8,-0.89,8.09,180.6,129.45
2022-02-07 13:00:00+00:00,36374.9,-0.01,8.63,147.2,105.77
2022-02-07 14:00:00+00:00,35745.5,0.5,7.66,127.3,108.09
2022-02-07 15:00:00+00:00,35936.3,0.67,7.15,106.7,134.55
2022-02-07 16:00:00+00:00,37860.1,1.67,8.8,96.4,123.23
2022-02-07 17:00:00+00:00,40200.3,1.11,8.65,29.1,131.56
2022-02-07 18:00:00+00:00,40824.9,1.99,7.61,0.0,155.94
2022-02-07 19:00:00+00:00,38996.7,1.32,8.21,0.0,142.32
2022-02-07 20:00:00+00:00,37943.2,-0.09,7.54,0.0,143.13
2022-02-07 21:00:00+00:00,36019.2,-0.72,6.01,0.0,133.55
2022-02-07 22:00:00+00:00,33713.3,-2.04,6.47,0.0,138.49
2022-02-07 23:00:00+00:00,32112.5,-3.1,5.78,0.0,106.29
2022-02-08 00:00:00+00:00,30760.5,-3.3,6.09,0.0,86.04
2022-02-08 01:00:00+00:00,29488.4,-3.33,5.5,0.0,86.33
2022-02-08 02:00:00+00:00,29131.3,-3.9,6.13,0.0,88.11
2022-02-08 03:00:00+00:00,28441.0,-3.3,6.32,0.0,95.08
2022-02-08 04:00:00+00:00,27648.6,-2.41,4.33,0.0,94.26
2022-02-08 05:00:00+00:00,29290.8,-1.19,4.76,0.0,107.3
2022-02-08 06:00:00+00:00,31422.7,-0.35,4.64,0.0,110.53
2022-02-08 07:00:00+00:00,33906.1,1.11,5.87,28.1,127.61
2022-02-08 08:00:00+00:00,35748.2,0.71,6.24,63.5,114.19
2022-02-08 09:00:00+00:00,36453.4,1.33,6.86,115.9,128.67
2022-02-08 10:00:00+00:00,36226.9,1.63,6.32,129.2,133.7
2022-02-08 11:00:00+00:00,35351.3,2.48,5.73,92.7,119.02
2022-02-08 12:00:00+00:00,34752.8,2.81,5.78,108.9,140.07
2022-02-08 13:00:00+00:00,34522.4,3.24,5.55,183.0,98.97
2022-02-08 14:00:00+00:00,33612.6,4.73,6.67,175.0,113.82
2022-02-08 15:00:00+00:00,33761.2,4.76,6.57,117.4,120.76
2022-02-08 16:00:00+00:00,35201.7,4.93,5.63,41.3,122.93
2022-02-08 17:00:00+00:00,37578.1,4.51,5.05,44.5,151.9
2022-02-08 18:00:00+00:00,39117.4,4.1,5.91,0.0,147.99
2022-02-08 19:00:00+00:00,37332.8,3.51,5.83,0.0,149.22
2022-02-08 20:00:00+00:00,35702.5,3.07,5.72,0.0,134.9
2022-02-08 21:00:00+00:00,33887.9,3.01,6.61,0.0,121.42
2022-02-08 22:00:00+00:00,31398.4,3.21,5.91,0.0,104.39
2022-02-08 23:00:00+00:00,29625.0,2.63,4.22,0.0,102.95
2022-02-09 00:00:00+00:00,27786.3,2.38,3.69,0.0,92.83
2022-02-09 01:00:00+00:00,27427.3,1.16,4.05,0.0,102.92
2022-02-09 02:00:00+00:00,26258.1,0.77,4.0,0.0,106.42
2022-02-09 03:00:00+00:00,26014.3,1.21,2.93,0.0,116.84
2022-02-09 04:00:00+00:00,26220.0,1.78,3.93,0.0,99.27
2022-02-09 05:00:00+00:00,27702.4,2.15,4.21,0.0,97.25
2022-02-09 06:00:00+00:00,29331.4,3.1,4.65,0.0,114.66
2022-02-09 07:00:00+00:00,31660.8,3.94,5.1,22.4,118.16
2022-02-09 08:00:00+00:00,33328.3,5.3,4.18,77.6,122.23
2022-02-09 09:00:00+00:00,33596.1,6.15,4.56,96.2,143.62
2022-02-09 10:00:00+00:00,32582.9,6.61,5.39,116.4,121.66
2022-02-09 11:00:00+00:00,32201.1,7.44,6.36,132.3,95.79
2022-02-09 12:00:00+00:00,33373.5,6.21,6.96,97.4,119.19
2022-02-09 13:00:00+00:00,32756.9,6.88,7.36,102.0,109.13
2022-02-09 14:00:00+00:00,32601.2,4.94,5.98,143.7,97.5
2022-02-09 15:00:00+00:00,33519.3,4.03,6.02,104.2,115.77
2022-02-09 16:00:00+00:00,35684.1,4.25,5.32,79.7,133.0
2022-02-09 17:00:00+00:00,37213.5,4.28,6.41,25.7,114.8
2022-02-09 18:00:00+00:00,38506.8,3.13,7.32,0.0,131.37
2022-02-09 19:00:00+00:00,38067.1,2.14,6.56,0.0,157.85
2022-02-09 20:00:00+00:00,35180.1,2.3,6.55,0.0,122.53
2022-02-09 21:00:00+00:00,33451.2,1.27,6.77,0.0,124.09
2022-02-09 22:00:00+00:00,30830.9,1.88,7.48,0.0,111.31
2022-02-09 23:00:00+00:00,29225.5,1.16,6.15,0.0,75.53
2022-02-10 00:00:00+00:00,28887.6,0.84,4.46,0.0,119.43
2022-02-10 01:00:00+00:00,28026.8,1.33,4.62,0.0,95.6
2022-02-10 02:00:00+00:00,27257.3,1.08,2.76,0.0,106.62
2022-02-10 03:00:00+00:00,26703.4,0.34,3.09,0.0,117.0
2022-02-10 04:00:00+00:00,27598.6,0.36,3.75,0.0,109.08
2022-02-10 05:00:00+00:00,28956.2,0.62,4.88,0.0,99.72
2022-02-10 06:00:00+00:00,31341.3,0.27,4.5,0.0,112.53
2022-02-10 07:00:00+00:00,34341.3,0.75,4.75,24.9,128.24
2022-02-10 08:00:00+00:00,36172.0,1.04,5.37,95.0,129.66
2022-02-10 09:00:00+00:00,35684.3,2.4,4.54,77.3,150.81
2022-02-10 10:00:00+00:00,35046.5,3.21,5.37,103.9,133.32
2022-02-10 11:00:00+00:00,34537.4,3.77,5.67,186.0,119.46
2022-02-10 12:00:00+00:00,33151.5,4.35,5.26,118.0,113.95
2022-02-10 13:00:00+00:00,32334.3,4.97,5.46,186.4,112.54
2022-02-10 14:00:00+00:00,31589.8,5.66,5.43,160.7,83.97
2022-02-10 15:00:00+00:00,32363.9,5.16,6.12,135.8,124.16
2022-02-10 16:00:00+00:00,34077.5,4.45,5.88,85.6,118.04
2022-02-10 17:00:00+00:00,36741.0,4.85,6.11,33.7,129.66
2022-02-10 18:00:00+00:00,38149.4,4.14,5.67,0.0,163.91
2022-02-10 19:00:00+00:00,37245.3,2.69,5.01,0.0,161.86
2022-02-10 20:00:00+00:00,35594.3,2.28,5.24,0.0,138.72
2022-02-10 21:00:00+00:00,33959.2,1.82,4.63,0.0,146.24
2022-02-10 22:00:00+00:00,32050.8,0.16,5.37,0.0,127.53
2022-02-10 23:00:00+00:00,30462.1,-0.37,5.92,0.0,108.83
2022-02-11 00:00:00+00:00,28975.0,-0.44,5.37,0.0,82.65
2022-02-11 01:00:00+00:00,27601.4,-0.66,5.62,0.0,90.74
2022-02-11 02:00:00+00:00,27777.9,-0.55,5.09,0.0,93.5
2022-02-11 03:00:00+00:00,27682.5,-1.48,3.93,0.0,96.62
2022-02-11 04:00:00+00:00,27819.9,-1.14,3.61,0.0,97.92
2022-02-11 05:00:00+00:00,28906.6,-0.99,3.74,0.0,114.96
2022-02-11 06:00:00+00:00,31378.4,-0.77,4.31,0.0,106.75
2022-02-11 07:00:00+00:00,33640.6,0.42,4.57,50.1,139.75
2022-02-11 08:00:00+00:00,34632.1,2.06,5.4,51.8,128.65
2022-02-11 09:00:00+00:00,35002.3,3.92,4.71,110.3,122.46
2022-02-11 10:00:00+00:00,33708.4,5.45,4.53,132.1,119.62
2022-02-11 11:00:00+00:00,33363.6,6.05,5.94,134.0,114.7
2022-02-11 12:00:00+00:00,32460.5,6.83,4.48,216.7,123.63
2022-02-11 13:00:00+00:00,30746.2,7.71,4.26,152.2,111.9
2022-02-11 14:00:00+00:00,30574.5,8.02,3.55,122.2,121.53
2022-02-11 15:00:00+00:00,30543.9,8.13,3.57,140.7,107.47
2022-02-11 16:00:00+00:00,31910.2,8.45,3.41,52.6,121.43
2022-02-11 17:00:00+00:00,35988.0,8.04,4.06,32.3,164.55
2022-02-11 18:00:00+00:00,37556.4,7.05,4.4,0.0,154.46
2022-02-11 19:00:00+00:00,36654.9,6.11,3.51,0.0,149.77
2022-02-11 20:00:00+00:00,34621.8,5.72,3.23,0.0,138.1
2022-02-11 21:00:00+00:00,32259.8,4.88,3.42,0.0,132.36
2022-02-11 22:00:00+00:00,30099.1,4.25,4.17,0.0,101.52
2022-02-11 23:00:00+00:00,28359.6,3.86,6.22,0.0,92.72
2022-02-12 00:00:00+00:00,24510.7,3.0,6.81,0.0,66.26
2022-02-12 01:00:00+00:00,24396.5,2.91,6.02,0.0,74.08
2022-02-12 02:00:00+00:00,23848.8,2.76,6.0,0.0,47.52
2022-02-12 03:00:00+00:00,23562.1,1.84,6.19,0.0,42.28
2022-02-12 04:00:00+00:00,23675.8,2.75,5.82,0.0,60.55
2022-02-12 05:00:00+00:00,24358.9,2.66,6.25,0.0,65.33
2022-02-12 06:00:00+00:00,26741.7,2.08,4.51,0.0,79.24
2022-02-12 07:00:00+00:00,30679.7,2.03,5.07,57.3,93.23
2022-02-12 08:00:00+00:00,32256.4,2.12,4.79,72.0,121.13
2022-02-12 09:00:00+00:00,32624.4,2.93,4.82,132.2,111.44
2022-02-12 10:00:00+00:00,32506.8,3.54,6.07,97.6,117.66
2022-02-12 11:00:00+00:00,31973.9,4.07,5.13,206.4,89.86
2022-02-12 12:00:00+00:00,31102.1,5.07,5.44,99.6,103.34
2022-02-12 13:00:00+00:00,31355.0,5.75,6.14,209.3,111.0
2022-02-12 14:00:00+00:00,30406.1,6.23,6.31,161.2,88.12
2022-02-12 15:00:00+00:00,30137.3,6.57,5.09,84.4,95.81
2022-02-12 16:00:00+00:00,32113.1,6.82,6.24,56.6,118.41
2022-02-12 17:00:00+00:00,34536.1,5.22,6.11,52.0,137.04
2022-02-12 18:00:00+00:00,36268.4,4.54,5.74,0.0,134.63
2022-02-12 19:00:00+00:00,35402.9,2.62,5.56,0.0,131.14
2022-02-12 20:00:00+00:00,33623.4,1.97,5.34,0.0,135.97
2022-02-12 21:00:00+00:00,31934.2,1.24,4.49,0.0,124.76
2022-02-12 22:00:00+00:00,29393.5,1.15,4.74,0.0,108.37
2022-02-12 23:00:00+00:00,28008.6,1.16,4.39,0.0,101.12
2022-02-13 00:00:00+00:00,27189.1,0.74,5.04,0.0,89.8
2022-02-13 01:00:00+00:00,26397.4,-0.04,5.55,0.0,92.87
2022-02-13 02:00:00+00:00,24973.7,-0.03,6.89,0.0,80.93
2022-02-13 03:00:00+00:00,24698.3,-0.45,6.73,0.0,55.97
2022-02-13 04:00:00+00:00,24955.2,-0.33,6.12,0.0,80.0
2022-02-13 05:00:00+00:00,26643.9,0.57,5.01,0.0,86.79
2022-02-13 06:00:00+00:00,28239.6,0.71,6.83,0.0,74.15
2022-02-13 07:00:00+00:00,30565.2,1.81,7.35,50.9,85.22
2022-02-13 08:00:00+00:00,32511.2,2.93,6.79,68.4,103.81
2022-02-13 09:00:00+00:00,32590.4,3.12,8.13,82.2,110.77
2022-02-13 10:00:00+00:00,31839.8,4.47,9.13,141.6,75.64
2022-02-13 11:00:00+00:00,31975.0,5.59,7.97,179.5,72.34
2022-02-13 12:00:00+00:00,31528.7,6.24,7.33,194.2,87.42
2022-02-13 13:00:00+00:00,31236.1,6.23,7.21,94.4,91.37
2022-02-13 14:00:00+00:00,31206.0,5.99,6.36,167.8,105.96
2022-02-13 15:00:00+00:00,31463.0,5.77,6.32,75.2,106.28
2022-02-13 16:00:00+00:00,33061.7,6.0,6.91,81.3,116.8
2022-02-13 17:00:00+00:00,36061.5,5.12,5.84,43.2,132.26
2022-02-13 18:00:00+00:00,36470.9,4.92,6.13,0.0,128.04
2022-02-13 19:00:00+00:00,36196.1,3.56,7.09,0.0,146.53
2022-02-13 20:00:00+00:00,33952.9,2.74,7.39,0.0,112.38
2022-02-13 21:00:00+00:00,32448.7,2.06,7.32,0.0,116.16
2022-02-13 22:00:00+00:00,29812.9,2.78,6.78,0.0,93.1
2022-02-13 23:00:00+00:00,28164.2,1.21,7.44,0.0,89.9
2022-02-14 00:00:00+00:00,29144.8,1.55,6.5,0.0,97.32
2022-02-14 01:00:00+00:00,28025.5,1.14,6.71,0.0,87.71
2022-02-14 02:00:00+00:00,26542.9,1.07,6.75,0.0,81.49
2022-02-14 03:00:00+00:00,26292.3,1.01,7.64,0.0,68.62
2022-02-14 04:00:00+00:00,25961.7,1.35,7.15,0.0,54.64
2022-02-14 05:00:00+00:00,27485.8,1.52,6.75,0.0,85.87
2022-02-14 06:00:00+00:00,29404.7,2.84,5.79,0.0,111.13
2022-02-14 07:00:00+00:00,32768.5,3.13,6.2,42.3,114.2
2022-02-14 08:00:00+00:00,33724.3,4.48,5.91,59.4,117.59
2022-02-14 09:00:00+00:00,33668.5,4.81,5.29,104.1,123.13
2022-02-14 10:00:00+00:00,33079.8,5.49,4.77,89.0,130.64
2022-02-14 11:00:00+00:00,33899.6,5.52,5.3,90.7,119.98
2022-02-14 12:00:00+00:00,34630.0,6.39,4.53,229.2,106.46
2022-02-14 13:00:00+00:00,34158.1,7.7,3.86,97.3,133.27
2022-02-14 14:00:00+00:00,32691.5,7.89,4.71,85.8,122.73
2022-02-14 15:00:00+00:00,32218.1,7.81,4.7,153.6,113.19
2022-02-14 16:00:00+00:00,33830.3,6.99,5.56,114.6,114.33
2022-02-14 17:00:00+00:00,36835.2,6.52,5.35,54.6,146.11
2022-02-14 18:00:00+00:00,39231.3,5.06,5.43,0.0,158.33
2022-02-14 19:00:00+00:00,38386.3,3.9,5.63,0.0,150.11
2022-02-14 20:00:00+00:00,36350.0,3.33,6.79,0.0,133.19
2022-02-14 21:00:00+00:00,33615.6,3.36,7.82,0.0,115.8
2022-02-14 22:00:00+00:00,30662.6,4.26,8.68,0.0,94.52
2022-02-14 23:00:00+00:00,29293.5,3.12,8.1,0.0,81.47
2022-02-15 00:00:00+00:00,28351.2,3.38,7.28,0.0,87.42
2022-02-15 01:00:00+00:00,26967.8,2.98,7.86,0.0,77.81
2022-02-15 02:00:00+00:00,26680.4,2.52,8.89,0.0,72.26
2022-02-15 03:00:00+00:00,26399.1,2.6,9.71,0.0,65.43
2022-02-15 04:00:00+00:00,26637.6,2.67,9.58,0.0,75.74
2022-02-15 05:00:00+00:00,27473.9,2.96,10.02,0.0,72.23
2022-02-15 06:00:00+00:00,29844.0,3.12,10.45,0.0,97.3
2022-02-15 07:00:00+00:00,32877.6,2.84,10.4,50.2,102.47
2022-02-15 08:00:00+00:00,34401.2,2.6,10.38,58.7,110.79
2022-02-15 09:00:00+00:00,35016.2,3.76,10.29,156.9,85.65
2022-02-15 10:00:00+00:00,35466.9,4.35,9.51,107.6,115.95
2022-02-15 11:00:00+00:00,34941.3,4.7,8.84,99.2,117.93
2022-02-15 12:00:00+00:00,34233.6,5.33,8.2,157.4,104.0
2022-02-15 13:00:00+00:00,33497.9,6.28,6.89,186.2,84.56
2022-02-15 14:00:00+00:00,32971.8,6.67,7.01,100.8,84.11
2022-02-15 15:00:00+00:00,33757.7,6.36,6.98,97.4,109.74
2022-02-15 16:00:00+00:00,35148.6,6.98,7.57,53.3,115.47
2022-02-15 17:00:00+00:00,37392.5,7.6,8.53,47.4,114.65
2022-02-15 18:00:00+00:00,38962.0,7.36,9.49,0.0,141.09
2022-02-15 19:00:00+00:00,37754.4,7.26,10.47,0.0,113.33
2022-02-15 20:00:00+00:00,35238.5,7.21,9.71,0.0,97.05
2022-02-15 21:00:00+00:00,33420.7,7.01,8.45,0.0,130.22
2022-02-15 22:00:00+00:00,30418.5,6.48,9.11,0.0,93.08
2022-02-15 23:00:00+00:00,28553.1,5.99,10.08,0.0,67.32
2022-02-16 00:00:00+00:00,27758.3,5.62,11.15,0.0,46.95
2022-02-16 01:00:00+00:00,27566.6,4.35,11.32,0.0,50.15
2022-02-16 02:00:00+00:00,26357.1,4.36,9.54,0.0,55.13
2022-02-16 03:00:00+00:00,26292.1,3.32,9.7,0.0,54.67
2022-02-16 04:00:00+00:00,26656.3,2.85,10.0,0.0,57.46
2022-02-16 05:00:00+00:00,27340.5,3.86,10.83,0.0,48.5
2022-02-16 06:00:00+00:00,28792.1,4.74,11.76,0.0,55.29
2022-02-16 07:00:00+00:00,31541.0,6.14,12.23,45.4,57.59
2022-02-16 08:00:00+00:00,32605.3,6.57,11.51,83.2,62.46
2022-02-16 09:00:00+00:00,33847.6,6.53,10.48,88.8,79.52
2022-02-16 10:00:00+00:00,34242.7,7.06,10.72,143.4,85.91
2022-02-16 11:00:00+00:00,33262.8,7.75,9.92,163.2,85.97
2022-02-16 12:00:00+00:00,32126.3,8.33,10.92,227.5,76.82
2022-02-16 13:00:00+00:00,31183.9,9.4,9.39,218.7,79.56
2022-02-16 14:00:00+00:00,30724.2,9.37,9.72,145.5,82.42
2022-02-16 15:00:00+00:00,30946.8,9.59,9.83,158.1,72.95
2022-02-16 16:00:00+00:00,33188.7,8.79,9.53,110.8,101.05
2022-02-16 17:00:00+00:00,35282.1,8.68,8.68,60.9,93.81
2022-02-16 18:00:00+00:00,37281.8,8.12,6.98,0.0,146.83
2022-02-16 19:00:00+00:00,35894.7,6.96,6.57,0.0,134.31
2022-02-16 20:00:00+00:00,34598.0,6.03,6.19,0.0,138.61
2022-02-16 21:00:00+00:00,32396.0,5.08,7.1,0.0,84.07
2022-02-16 22:00:00+00:00,30432.3,4.08,6.48,0.0,111.54
2022-02-16 23:00:00+00:00,28743.9,4.37,6.86,0.0,73.98
2022-02-17 00:00:00+00:00,27840.9,3.68,5.86,0.0,101.44
2022-02-17 01:00:00+00:00,26759.9,2.98,6.29,0.0,73.0
2022-02-17 02:00:00+00:00,26553.4,1.36,4.58,0.0,93.61
2022-02-17 03:00:00+00:00,26366.3,0.69,6.34,0.0,77.97
2022-02-17 04:00:00+00:00,26458.5,0.62,6.26,0.0,89.96
2022-02-17 05:00:00+00:00,27970.6,0.5,4.11,0.0,102.0
2022-02-17 06:00:00+00:00,30760.1,1.81,3.69,0.0,135.18
2022-02-17 07:00:00+00:00,33617.0,2.31,3.17,26.1,130.35
2022-02-17 08:00:00+00:00,34999.1,3.79,2.85,84.1,133.06
2022-02-17 09:00:00+00:00,35639.5,4.56,2.77,90.5,140.68
2022-02-17 10:00:00+00:00,34928.5,5.32,2.47,200.9,143.0
2022-02-17 11:00:00+00:00,33441.7,5.96,2.06,157.8,139.82
2022-02-17 12:00:00+00:00,32974.1,6.54,1.4,151.6,121.4
2022-02-17 13:00:00+00:00,32242.4,8.02,2.32,174.1,114.81
2022-02-17 14:00:00+00:00,33244.4,6.86,3.49,167.0,126.37
2022-02-17 15:00:00+00:00,33314.1,5.74,3.47,78.8,142.84
2022-02-17 16:00:00+00:00,35682.2,5.33,3.63,104.8,134.82
2022-02-17 17:00:00+00:00,38134.9,5.06,2.92,31.0,151.46
2022-02-17 18:00:00+00:00,38718.5,5.02,3.18,0.0,180.09
2022-02-17 19:00:00+00:00,36782.1,4.69,3.55,0.0,138.96
2022-02-17 20:00:00+00:00,34803.3,3.74,3.55,0.0,149.97
2022-02-17 21:00:00+00:00,33091.0,3.59,4.03,0.0,110.01
2022-02-17 22:00:00+00:00,31309.8,3.42,4.42,0.0,117.71
2022-02-17 23:00:00+00:00,28421.3,2.78,3.73,0.0,101.81
2022-02-18 00:00:00+00:00,27611.7,2.78,4.82,0.0,86.74
2022-02-18 01:00:00+00:00,26372.5,2.42,4.77,0.0,101.82
2022-02-18 02:00:00+00:00,25934.7,1.73,6.19,0.0,76.29
2022-02-18 03:00:00+00:00,25853.6,2.01,6.56,0.0,72.97
2022-02-18 04:00:00+00:00,27045.2,2.13,8.12,0.0,-13.32
2022-02-18 05:00:00+00:00,27712.1,2.38,8.99,0.0,65.03
2022-02-18 06:00:00+00:00,29543.2,3.69,9.07,0.0,101.56
2022-02-18 07:00:00+00:00,32171.7,2.76,8.4,46.8,95.53
2022-02-18 08:00:00+00:00,34359.0,2.61,7.78,116.6,129.29
2022-02-18 09:00:00+00:00,34690.0,2.67,8.16,151.6,99.92
2022-02-18 10:00:00+00:00,35293.9,3.25,8.21,150.5,111.77
2022-02-18 11:00:00+00:00,34879.0,3.85,7.69,129.3,108.66
2022-02-18 12:00:00+00:00,34475.2,3.59,8.31,104.0,101.48
2022-02-18 13:00:00+00:00,33740.4,3.53,8.27,128.0,101.68
2022-02-18 14:00:00+00:00,33658.3,3.39,8.86,124.8,116.76
2022-02-18 15:00:00+00:00,33603.9,5.05,8.01,84.3,120.2
2022-02-18 16:00:00+00:00,34402.1,6.07,8.74,101.5,107.18
2022-02-18 17:00:00+00:00,36975.0,5.53,9.04,39.1,111.56
2022-02-18 18:00:00+00:00,38173.6,4.84,9.88,0.0,133.95
2022-02-18 19:00:00+00:00,37292.6,3.55,10.5,0.0,116.81
2022-02-18 20:00:00+00:00,36482.6,1.72,10.26,0.0,108.9
2022-02-18 21:00:00+00:00,33923.7,0.94,9.97,0.0,111.17
2022-02-18 22:00:00+00:00,32488.0,-0.36,11.21,0.0,76.63
2022-02-18 23:00:00+00:00,31058.0,-1.05,10.77,0.0,84.27
2022-02-19 00:00:00+00:00,27896.1,-2.46,11.17,0.0,66.59
2022-02-19 01:00:00+00:00,27354.4,-3.29,10.66,0.0,68.2
2022-02-19 02:00:00+00:00,26529.4,-3.37,9.02,0.0,52.69
2022-02-19 03:00:00+00:00,25290.7,-3.14,7.96,0.0,80.54
2022-02-19 04:00:00+00:00,24006.7,-2.68,8.23,0.0,57.33
2022-02-19 05:00:00+00:00,25227.8,-3.08,8.72,0.0,59.1
2022-02-19 06:00:00+00:00,27406.1,-1.97,8.95,0.0,57.65
2022-02-19 07:00:00+00:00,30796.4,-1.73,9.75,64.7,74.04
2022-02-19 08:00:00+00:00,32712.1,-0.52,9.92,94.3,87.16
2022-02-19 09:00:00+00:00,33059.7,0.35,9.17,81.0,97.55
2022-02-19 10:00:00+00:00,32586.1,0.39,9.52,116.1,93.98
2022-02-19 11:00:00+00:00,32137.3,1.04,9.53,169.1,80.47
2022-02-19 12:00:00+00:00,31624.7,1.99,8.95,234.7,93.8
2022-02-19 13:00:00+00:00,31664.2,2.94,9.23,234.2,74.34
2022-02-19 14:00:00+00:00,31516.9,3.25,9.18,104.9,88.76
2022-02-19 15:00:00+00:00,30613.5,4.36,8.59,80.0,329.98
2022-02-19 16:00:00+00:00,32178.5,4.93,8.38,61.2,92.78
2022-02-19 17:00:00+00:00,35173.7,4.51,9.41,53.7,97.52
2022-02-19 18:00:00+00:00,36113.8,4.53,10.37,0.0,111.38
2022-02-19 19:00:00+00:00,33694.9,5.1,10.35,0.0,110.26
2022-02-19 20:00:00+00:00,31961.9,5.55,10.23,0.0,92.09
2022-02-19 21:00:00+00:00,30677.3,3.99,8.95,0.0,97.39
2022-02-19 22:00:00+00:00,28735.9,2.64,10.19,0.0,59.12
2022-02-19 23:00:00+00:00,26536.7,2.81,10.84,0.0,225.77
2022-02-20 00:00:00+00:00,26344.6,1.61,11.24,0.0,58.06
2022-02-20 01:00:00+00:00,24798.0,0.33,9.25,0.0,57.24
2022-02-20 02:00:00+00:00,23867.6,-0.25,9.17,0.0,39.44
2022-02-20 03:00:00+00:00,23430.8,-0.07,8.96,0.0,35.64
2022-02-20 04:00:00+00:00,24119.4,-0.01,9.4,0.0,47.24
2022-02-20 05:00:00+00:00,24925.5,-0.09,8.92,0.0,55.83
2022-02-20 06:00:00+00:00,27318.4,0.02,8.65,0.0,59.95
2022-02-20 07:00:00+00:00,30346.1,0.25,9.05,28.8,85.38
2022-02-20 08:00:00+00:00,32453.3,0.5,8.34,76.3,84.62
2022-02-20 09:00:00+00:00,32254.9,2.71,7.83,97.1,92.86
2022-02-20 10:00:00+00:00,31918.6,3.69,7.93,121.3,81.74
2022-02-20 11:00:00+00:00,30968.5,4.96,8.93,189.6,77.78
2022-02-20 12:00:00+00:00,31218.1,5.29,9.47,229.3,68.22
2022-02-20 13:00:00+00:00,30822.2,5.66,10.19,216.0,82.83
2022-02-20 14:00:00+00:00,30827.1,5.55,10.08,205.2,73.79
2022-02-20 15:00:00+00:00,31261.3,4.08,11.09,156.6,58.25
2022-02-20 16:00:00+00:00,33168.8,3.23,9.53,130.2,102.29
2022-02-20 17:00:00+00:00,36330.0,1.94,10.98,28.1,109.67
2022-02-20 18:00:00+00:00,37614.4,0.23,12.47,0.0,120.93
2022-02-20 19:00:00+00:00,36199.4,-0.94,12.55,0.0,91.49
2022-02-20 20:00:00+00:00,34261.5,-0.69,12.92,0.0,96.8
2022-02-20 21:00:00+00:00,31897.2,-1.35,12.6,0.0,98.87
2022-02-20 22:00:00+00:00,29526.8,-1.21,12.15,0.0,72.39
2022-02-20 23:00:00+00:00,28426.4,-1.57,11.42,0.0,57.99
2022-02-21 00:00:00+00:00,29527.0,-1.53,11.16,0.0,83.43
2022-02-21 01:00:00+00:00,28234.4,-2.46,11.39,0.0,56.12
2022-02-21 02:00:00+00:00,27917.5,-2.34,11.49,0.0,65.31
2022-02-21 03:00:00+00:00,27234.9,-1.92,12.82,0.0,71.68
2022-02-21 04:00:00+00:00,28073.4,-2.08,12.61,0.0,49.61
2022-02-21 05:00:00+00:00,29228.5,-1.37,11.17,0.0,75.26
2022-02-21 06:00:00+00:00,31088.6,-0.48,12.24,0.0,95.54
2022-02-21 07:00:00+00:00,33612.2,-0.13,11.03,40.4,104.14
2022-02-21 08:00:00+00:00,35048.6,-0.01,10.39,84.9,110.31
2022-02-21 09:00:00+00:00,36883.4,0.14,10.43,156.4,89.16
2022-02-21 10:00:00+00:00,35366.4,1.07,10.59,121.2,91.78
2022-02-21 11:00:00+00:00,33988.2,2.08,9.28,113.8,109.42
2022-02-21 12:00:00+00:00,34333.9,2.32,8.58,108.3,103.89
2022-02-21 13:00:00+00:00,33999.2,2.91,7.34,186.4,101.1
2022-02-21 14:00:00+00:00,33574.1,3.65,7.81,128.4,116.91
2022-02-21 15:00:00+00:00,32728.4,4.21,8.7,140.4,101.04
2022-02-21 16:00:00+00:00,34578.4,5.11,7.66,125.1,104.03
2022-02-21 17:00:00+00:00,36415.8,5.62,8.4,40.2,132.98
2022-02-21 18:00:00+00:00,37819.5,4.56,9.06,0.0,123.52
2022-02-21 19:00:00+00:00,36466.8,4.98,8.44,0.0,112.45
2022-02-21 20:00:00+00:00,35053.0,3.94,6.82,0.0,131.79
2022-02-21 21:00:00+00:00,32717.4,3.8,5.99,0.0,106.67
2022-02-21 22:00:00+00:00,31240.4,3.06,5.57,0.0,99.89
2022-02-21 23:00:00+00:00,30112.6,2.08,6.85,0.0,88.57
2022-02-22 00:00:00+00:00,28971.9,0.46,6.77,0.0,94.01
2022-02-22 01:00:00+00:00,27750.0,-0.09,5.99,0.0,97.07
2022-02-22 02:00:00+00:00,27296.9,-1.29,6.16,0.0,82.66
2022-02-22 03:00:00+00:00,26857.5,-0.75,5.19,0.0,76.15
2022-02-22 04:00:00+00:00,27120.6,0.3,5.68,0.0,75.84
2022-02-22 05:00:00+00:00,27558.4,0.14,4.98,0.0,77.96
2022-02-22 06:00:00+00:00,28977.9,0.82,4.43,0.0,112.16
2022-02-22 07:00:00+00:00,31841.6,1.03,4.85,67.2,106.02
2022-02-22 08:00:00+00:00,34434.3,1.41,6.33,105.6,122.13
2022-02-22 09:00:00+00:00,34793.9,2.69,8.08,158.5,90.69
2022-02-22 10:00:00+00:00,35297.8,3.48,7.21,179.3,127.67
2022-02-22 11:00:00+00:00,34176.5,5.27,6.74,160.2,112.06
2022-02-22 12:00:00+00:00,33331.8,5.6,7.15,151.0,89.84
2022-02-22 13:00:00+00:00,31609.3,6.68,8.06,207.2,80.21
2022-02-22 14:00:00+00:00,30990.3,7.03,6.31,235.4,91.76
2022-02-22 15:00:00+00:00,31019.2,7.59,6.42,184.6,84.36
2022-02-22 16:00:00+00:00,32113.5,7.19,6.06,72.3,113.4
2022-02-22 17:00:00+00:00,34673.0,6.84,4.61,64.4,146.35
2022-02-22 18:00:00+00:00,35805.0,6.28,3.68,0.0,159.14
2022-02-22 19:00:00+00:00,35143.9,5.14,3.4,0.0,147.29
2022-02-22 20:00:00+00:00,33464.1,4.82,3.63,0.0,150.53
2022-02-22 21:00:00+00:00,31915.4,4.42,4.59,0.0,123.74
2022-02-22 22:00:00+00:00,29129.7,3.98,4.98,0.0,101.66
2022-02-22 23:00:00+00:00,27042.9,4.14,5.83,0.0,84.86
2022-02-23 00:00:00+00:00,26487.4,4.41,5.9,0.0,82.98
2022-02-23 01:00:00+00:00,25651.3,3.63,5.41,0.0,84.11
2022-02-23 02:00:00+00:00,25658.6,3.48,5.34,0.0,71.21
2022-02-23 03:00:00+00:00,25565.1,2.92,5.97,0.0,87.55
2022-02-23 04:00:00+00:00,25989.9,2.97,6.83,0.0,87.1
2022-02-23 05:00:00+00:00,27506.0,2.85,6.72,0.0,108.52
2022-02-23 06:00:00+00:00,29101.8,4.25,6.01,0.0,80.08
2022-02-23 07:00:00+00:00,31544.4,5.01,6.32,48.1,107.1
2022-02-23 08:00:00+00:00,32930.3,5.52,6.73,59.7,104.03
2022-02-23 09:00:00+00:00,33086.8,6.93,7.71,98.3,111.42
2022-02-23 10:00:00+00:00,33692.2,6.31,7.14,111.8,122.89
2022-02-23 11:00:00+00:00,33450.8,5.77,6.61,143.2,110.23
2022-02-23 12:00:00+00:00,33325.3,6.85,7.22,219.1,97.28
2022-02-23 13:00:00+00:00,33278.0,7.34,6.89,201.1,98.34
2022-02-23 14:00:00+00:00,32224.8,7.76,6.55,160.3,99.76
2022-02-23 15:00:00+00:00,33256.3,7.03,7.55,179.6,104.84
2022-02-23 16:00:00+00:00,34925.2,6.9,6.45,119.5,125.06
2022-02-23 17:00:00+00:00,37021.8,7.8,8.09,58.8,144.47
2022-02-23 18:00:00+00:00,37729.3,7.77,7.55,0.0,139.28
2022-02-23 19:00:00+00:00,36895.4,7.2,8.2,0.0,141.53
2022-02-23 20:00:00+00:00,35158.0,6.15,8.06,0.0,113.92
2022-02-23 21:00:00+00:00,33121.1,5.09,8.22,0.0,97.09
2022-02-23 22:00:00+00:00,31213.2,2.99,7.95,0.0,109.84
2022-02-23 23:00:00+00:00,29034.0,2.42,8.57,0.0,87.51
2022-02-24 00:00:00+00:00,27653.3,2.39,8.22,0.0,71.79
2022-02-24 01:00:00+00:00,27653.3,0.95,7.71,0.0,70.63
2022-02-24 02:00:00+00:00,27774.4,0.26,9.1,0.0,68.36
2022-02-24 03:00:00+00:00,27361.8,-0.52,9.01,0.0,73.27
2022-02-24 04:00:00+00:00,27295.5,-0.96,8.38,0.0,75.67
2022-02-24 05:00:00+00:00,28844.6,-0.57,7.15,0.0,75.61
2022-02-24 06:00:00+00:00,31680.4,-1.29,8.6,0.0,86.56
2022-02-24 07:00:00+00:00,33317.5,-0.21,8.09,57.2,109.12
2022-02-24 08:00:00+00:00,36064.8,1.04,9.65,108.5,117.99
2022-02-24 09:00:00+00:00,36251.9,1.73,9.83,90.5,105.71
2022-02-24 10:00:00+00:00,37137.3,1.08,9.8,215.6,95.87
2022-02-24 11:00:00+00:00,36573.1,1.31,9.79,246.8,104.83
2022-02-24 12:00:00+00:00,35022.3,2.79,11.38,218.7,66.58
2022-02-24 13:00:00+00:00,34844.0,1.7,9.45,157.1,98.56
2022-02-24 14:00:00+00:00,33712.1,1.93,9.5,206.7,97.8
2022-02-24 15:00:00+00:00,34196.7,1.47,9.16,165.9,97.04
2022-02-24 16:00:00+00:00,35365.3,2.01,8.89,135.5,94.52
2022-02-24 17:00:00+00:00,38036.4,1.45,8.91,34.8,148.42
2022-02-24 18:00:00+00:00,39218.0,1.36,8.61,0.0,144.66
2022-02-24 19:00:00+00:00,37993.7,1.22,8.67,0.0,138.98
2022-02-24 20:00:00+00:00,35089.8,1.72,8.57,0.0,128.82
2022-02-24 21:00:00+00:00,33174.4,0.91,7.47,0.0,112.7
2022-02-24 22:00:00+00:00,30252.7,0.44,7.74,0.0,92.75
2022-02-24 23:00:00+00:00,29646.5,-1.09,8.26,0.0,101.32
2022-02-25 00:00:00+00:00,28638.6,-0.81,7.78,0.0,77.46
2022-02-25 01:00:00+00:00,27383.5,-1.67,9.2,0.0,79.59
2022-02-25 02:00:00+00:00,27848.6,-2.21,10.13,0.0,56.88
2022-02-25 03:00:00+00:00,27818.9,-2.23,10.64,0.0,58.01
2022-02-25 04:00:00+00:00,28353.7,-2.97,11.1,0.0,68.9
2022-02-25 05:00:00+00:00,29139.2,-2.42,10.92,0.0,85.97
2022-02-25 06:00:00+00:00,30858.5,-1.25,11.62,0.0,79.72
2022-02-25 07:00:00+00:00,33263.7,-0.36,12.62,33.6,70.87
2022-02-25 08:00:00+00:00,35797.0,-0.51,12.97,58.5,103.5
2022-02-25 09:00:00+00:00,36225.9,0.31,12.22,197.4,85.05
2022-02-25 10:00:00+00:00,35234.9,1.63,11.93,172.9,96.72
2022-02-25 11:00:00+00:00,35720.4,1.32,12.13,229.7,91.0
2022-02-25 12:00:00+00:00,35292.1,1.42,12.53,189.5,71.29
2022-02-25 13:00:00+00:00,33813.1,2.56,12.19,281.3,76.26
2022-02-25 14:00:00+00:00,34238.9,3.14,11.49,173.8,74.4
2022-02-25 15:00:00+00:00,33739.6,3.6,12.51,198.7,90.01
2022-02-25 16:00:00+00:00,34738.4,4.72,11.39,115.2,78.79
2022-02-25 17:00:00+00:00,37190.3,4.76,10.44,73.1,115.82
2022-02-25 18:00:00+00:00,38301.4,4.73,9.23,0.0,126.43
2022-02-25 19:00:00+00:00,36080.7,5.77,8.38,0.0,141.26
2022-02-25 20:00:00+00:00,33393.4,4.91,9.28,0.0,90.65
2022-02-25 21:00:00+00:00,32050.3,3.65,10.17,0.0,116.6
2022-02-25 22:00:00+00:00,29581.4,3.14,9.96,0.0,76.04
2022-02-25 23:00:00+00:00,28054.6,2.68,10.2,0.0,63.56
2022-02-26 00:00:00+00:00,24855.3,1.82,10.03,0.0,58.65
2022-02-26 01:00:00+00:00,23848.7,0.73,8.94,0.0,50.4
2022-02-26 02:00:00+00:00,23017.9,1.83,10.58,0.0,28.42
2022-02-26 03:00:00+00:00,22677.8,1.91,11.48,0.0,22.4
2022-02-26 04:00:00+00:00,23012.5,1.54,11.53,0.0,26.8
2022-02-26 05:00:00+00:00,24624.3,2.38,10.63,0.0,39.35
2022-02-26 06:00:00+00:00,26580.5,2.76,10.28,0.0,68.06
2022-02-26 07:00:00+00:00,29507.3,3.2,9.57,32.9,79.83
2022-02-26 08:00:00+00:00,31085.0,4.24,9.52,89.2,89.3
2022-02-26 09:00:00+00:00,31090.6,4.21,9.64,157.8,74.95
2022-02-26 10:00:00+00:00,30490.9,5.19,9.24,229.9,78.95
2022-02-26 11:00:00+00:00,29788.4,7.05,7.99,168.4,72.53
2022-02-26 12:00:00+00:00,29389.9,7.91,9.61,172.4,58.85
2022-02-26 13:00:00+00:00,28575.8,8.1,9.66,241.8,52.79
2022-02-26 14:00:00+00:00,28526.5,8.06,9.89,136.9,78.19
2022-02-26 15:00:00+00:00,29211.9,7.88,9.41,197.1,60.52
2022-02-26 16:00:00+00:00,31516.3,7.6,8.07,130.0,86.89
2022-02-26 17:00:00+00:00,34478.2,7.05,7.95,72.0,116.97
2022-02-26 18:00:00+00:00,35882.9,7.11,7.65,0.0,128.72
2022-02-26 19:00:00+00:00,34951.7,5.42,8.17,0.0,110.75
2022-02-26 20:00:00+00:00,32196.6,5.21,8.82,0.0,89.78
2022-02-26 21:00:00+00:00,30389.2,4.2,9.33,0.0,95.5
2022-02-26 22:00:00+00:00,27687.3,3.64,9.99,0.0,56.38
2022-02-26 23:00:00+00:00,26964.7,2.23,11.25,0.0,65.97
2022-02-27 00:00:00+00:00,26330.1,2.5,11.34,0.0,48.15
2022-02-27 01:00:00+00:00,24948.8,2.76,11.98,0.0,17.84
2022-02-27 02:00:00+00:00,24716.6,3.0,12.12,0.0,45.41
2022-02-27 03:00:00+00:00,25157.2,1.93,10.38,0.0,59.01
2022-02-27 04:00:00+00:00,25151.9,2.5,10.09,0.0,58.36
2022-02-27 05:00:00+00:00,26191.4,3.01,9.25,0.0,58.61
2022-02-27 06:00:00+00:00,29008.0,2.48,9.32,0.0,76.26
2022-02-27 07:00:00+00:00,30899.7,3.07,8.59,66.3,85.81
2022-02-27 08:00:00+00:00,32380.0,4.0,8.98,125.5,85.64
2022-02-27 09:00:00+00:00,32730.0,5.09,9.65,203.3,88.56
2022-02-27 10:00:00+00:00,31642.4,5.94,10.46,255.3,69.07
2022-02-27 11:00:00+00:00,31908.4,6.8,11.55,142.9,70.27
2022-02-27 12:00:00+00:00,31397.4,8.27,10.01,179.5,70.41
2022-02-27 13:00:00+00:00,30641.7,9.42,8.93,255.4,74.88
2022-02-27 14:00:00+00:00,30826.6,7.92,11.12,228.1,77.32
2022-02-27 15:00:00+00:00,30491.0,7.81,11.7,94.8,70.27
2022-02-27 16:00:00+00:00,31687.8,7.58,11.64,148.1,59.21
2022-02-27 17:00:00+00:00,34583.8,6.21,11.44,71.7,96.52
2022-02-27 18:00:00+00:00,35977.1,5.81,11.17,0.0,116.54
2022-02-27 19:00:00+00:00,34625.6,5.95,9.45,0.0,120.01
2022-02-27 20:00:00+00:00,33739.2,4.56,8.72,0.0,116.68
2022-02-27 21:00:00+00:00,31494.2,4.0,8.55,0.0,100.33
2022-02-27 22:00:00+00:00,29286.8,2.67,7.91,0.0,116.31
2022-02-27 23:00:00+00:00,27825.0,1.57,7.41,0.0,71.24
2022-02-28 00:00:00+00:00,28087.1,1.96,9.39,0.0,88.93
2022-02-28 01:00:00+00:00,27915.0,1.16,9.07,0.0,80.25
2022-02-28 02:00:00+00:00,27109.6,1.15,9.19,0.0,92.21
2022-02-28 03:00:00+00:00,27332.8,-0.07,9.27,0.0,55.7
2022-02-28 04:00:00+00:00,27454.9,1.18,9.61,0.0,84.41
2022-02-28 05:00:00+00:00,27937.2,1.85,9.11,0.0,91.05
2022-02-28 06:00:00+00:00,30292.0,2.21,9.98,0.0,82.53
2022-02-28 07:00:00+00:00,32871.1,3.17,10.18,64.2,85.39
2022-02-28 08:00:00+00:00,35121.3,3.03,9.01,91.5,132.96
2022-02-28 09:00:00+00:00,35035.8,4.53,8.83,117.8,102.08
2022-02-28 10:00:00+00:00,33435.9,5.1,8.6,202.5,106.32
2022-02-28 11:00:00+00:00,32668.1,5.7,8.35,268.4,102.82
2022-02-28 12:00:00+00:00,31797.0,6.02,8.68,302.7,76.78
2022-02-28 13:00:00+00:00,32329.4,6.16,9.09,131.5,90.01
2022-02-28 14:00:00+00:00,32466.8,6.9,9.39,160.6,106.46
2022-02-28 15:00:00+00:00,31636.7,7.16,9.54,138.6,81.56
2022-02-28 16:00:00+00:00,33014.9,7.45,9.48,95.9,90.72
2022-02-28 17:00:00+00:00,35117.1,7.13,7.67,64.0,93.99
2022-02-28 18:00:00+00:00,36471.6,6.95,8.25,0.0,141.83
2022-02-28 19:00:00+00:00,35092.1,6.06,8.57,0.0,116.88
2022-02-28 20:00:00+00:00,32898.8,6.66,7.72,0.0,119.87
2022-02-28 21:00:00+00:00,31079.2,4.89,7.9,0.0,98.67
2022-02-28 22:00:00+00:00,29195.0,4.85,8.36,0.0,99.7
2022-02-28 23:00:00+00:00,26825.3,4.91,9.21,0.0,81.31
2022-03-01 00:00:00+00:00,27487.5,3.8,9.5,0.0,60.02
2022-03-01 01:00:00+00:00,26683.9,4.61,9.63,0.0,59.84
2022-03-01 02:00:00+00:00,27007.8,4.82,10.24,0.0,68.95
2022-03-01 03:00:00+00:00,26523.4,5.2,9.83,0.0,76.48
2022-03-01 04:00:00+00:00,27217.8,5.2,10.01,0.0,66.73
2022-03-01 05:00:00+00:00,28414.1,5.26,9.38,0.0,78.37
2022-03-01 06:00:00+00:00,29881.3,5.5,10.13,0.0,84.47
2022-03-01 07:00:00+00:00,32206.7,6.26,8.71,42.3,90.79
2022-03-01 08:00:00+00:00,33500.2,7.72,9.27,65.0,98.15
2022-03-01 09:00:00+00:00,34178.1,8.48,9.17,177.9,97.32
2022-03-01 10:00:00+00:00,33910.2,8.58,9.81,198.1,102.63
2022-03-01 11:00:00+00:00,33257.2,9.69,9.06,146.1,114.46
2022-03-01 12:00:00+00:00,32212.2,10.75,9.03,163.5,80.07
2022-03-01 13:00:00+00:00,31020.7,11.49,8.97,242.3,83.86
2022-03-01 14:00:00+00:00,29764.3,12.1,9.22,180.2,74.46
2022-03-01 15:00:00+00:00,30424.6,11.89,8.29,120.1,80.58
2022-03-01 16:00:00+00:00,32332.1,11.09,8.72,120.1,85.12
2022-03-01 17:00:00+00:00,34575.3,10.15,7.19,35.1,124.84
2022-03-01 18:00:00+00:00,35967.5,8.6,6.66,0.0,130.46
2022-03-01 19:00:00+00:00,34990.4,8.05,5.45,0.0,140.69
2022-03-01 20:00:00+00:00,33635.2,7.21,6.18,0.0,114.9
2022-03-01 21:00:00+00:00,31911.4,6.1,6.53,0.0,101.64
2022-03-01 22:00:00+00:00,31029.8,3.5,6.91,0.0,116.09
2022-03-01 23:00:00+00:00,30402.0,2.03,8.07,0.0,97.29
2022-03-02 00:00:00+00:00,28827.7,2.2,7.77,0.0,89.24
2022-03-02 01:00:00+00:00,28279.5,1.33,8.21,0.0,76.81
2022-03-02 02:00:00+00:00,27223.3,1.26,8.2,0.0,83.17
2022-03-02 03:00:00+00:00,26605.7,0.33,8.07,0.0,70.74
2022-03-02 04:00:00+00:00,26150.0,1.32,9.04,0.0,72.39
2022-03-02 05:00:00+00:00,27001.8,1.54,10.56,0.0,56.95
2022-03-02 06:00:00+00:00,29131.6,2.2,10.05,0.0,66.43
2022-03-02 07:00:00+00:00,32437.4,4.22,10.55,39.6,84.08
2022-03-02 08:00:00+00:00,33362.6,5.81,10.62,106.3,95.95
2022-03-02 09:00:00+00:00,33613.3,6.34,10.7,111.6,82.54
2022-03-02 10:00:00+00:00,33595.0,6.7,10.71,144.0,108.06
2022-03-02 11:00:00+00:00,32543.7,7.18,10.26,186.8,69.36
2022-03-02 12:00:00+00:00,32111.6,8.07,7.29,255.2,89.98
2022-03-02 13:00:00+00:00,31766.5,8.43,8.48,145.5,102.82
2022-03-02 14:00:00+00:00,32146.4,8.45,7.86,158.3,98.46
2022-03-02 15:00:00+00:00,32560.2,9.4,7.63,207.3,92.29
2022-03-02 16:00:00+00:00,34399.2,9.17,7.43,90.4,127.88
2022-03-02 17:00:00+00:00,36107.4,10.19,6.79,41.6,124.28
2022-03-02 18:00:00+00:00,36988.1,9.67,6.99,0.0,137.9
2022-03-02 19:00:00+00:00,35438.1,10.03,6.96,0.0,115.5
2022-03-02 20:00:00+00:00,33442.3,9.39,6.4,0.0,131.56
2022-03-02 21:00:00+00:00,31337.0,9.07,6.55,0.0,114.9
2022-03-02 22:00:00+00:00,28967.8,7.72,6.54,0.0,100.73
2022-03-02 23:00:00+00:00,28020.2,6.36,7.29,0.0,86.69
2022-03-03 00:00:00+00:00,27054.6,6.01,6.23,0.0,86.15
2022-03-03 01:00:00+00:00,25458.5,6.01,5.64,0.0,80.04
2022-03-03 02:00:00+00:00,25705.8,5.61,6.27,0.0,80.07
2022-03-03 03:00:00+00:00,25764.2,4.62,5.81,0.0,81.18
2022-03-03 04:00:00+00:00,25620.8,3.81,5.16,0.0,73.2
2022-03-03 05:00:00+00:00,27523.3,3.19,4.79,0.0,73.36
2022-03-03 06:00:00+00:00,29804.7,2.56,4.82,0.0,130.34
2022-03-03 07:00:00+00:00,32380.0,3.24,4.86,68.0,113.36
2022-03-03 08:00:00+00:00,33619.0,4.63,4.8,148.0,120.08
2022-03-03 09:00:00+00:00,34384.2,5.37,4.1,118.9,143.41
2022-03-03 10:00:00+00:00,34557.6,4.77,4.85,270.1,121.76
2022-03-03 11:00:00+00:00,34279.1,5.39,6.0,287.4,94.99
2022-03-03 12:00:00+00:00,32993.8,5.93,4.55,284.2,97.97
2022-03-03 13:00:00+00:00,31315.1,7.69,3.46,304.0,112.83
2022-03-03 14:00:00+00:00,31421.7,7.09,4.42,246.8,109.58
2022-03-03 15:00:00+00:00,31573.0,6.97,5.78,172.1,97.41
2022-03-03 16:00:00+00:00,33094.9,7.91,4.18,128.7,123.08
2022-03-03 17:00:00+00:00,36002.1,7.86,4.95,75.4,140.96
2022-03-03 18:00:00+00:00,36658.6,7.7,6.34,0.0,144.96
2022-03-03 19:00:00+00:00,35167.5,7.11,5.7,0.0,141.21
2022-03-03 20:00:00+00:00,33489.5,6.55,7.0,0.0,116.03
2022-03-03 21:00:00+00:00,30683.4,6.2,6.86,0.0,110.85
2022-03-03 22:00:00+00:00,29521.9,4.89,7.11,0.0,101.45
2022-03-03 23:00:00+00:00,28006.8,4.66,6.54,0.0,98.21
2022-03-04 00:00:00+00:00,27477.6,3.26,7.35,0.0,89.68
2022-03-04 01:00:00+00:00,26220.9,2.96,7.98,0.0,78.46
2022-03-04 02:00:00+00:00,26120.3,2.74,9.28,0.0,58.85
2022-03-04 03:00:00+00:00,25961.1,2.23,10.3,0.0,55.74
2022-03-04 04:00:00+00:00,26818.7,2.3,10.12,0.0,54.55
2022-03-04 05:00:00+00:00,27199.3,2.21,12.4,0.0,55.08
2022-03-04 06:00:00+00:00,29779.9,2.04,13.18,0.0,56.3
2022-03-04 07:00:00+00:00,32702.0,2.46,13.3,66.5,81.14
2022-03-04 08:00:00+00:00,34658.6,2.54,12.2,121.7,102.13
2022-03-04 09:00:00+00:00,35516.6,3.55,10.75,142.3,101.66
2022-03-04 10:00:00+00:00,34739.5,3.66,9.43,225.5,92.72
2022-03-04 11:00:00+00:00,33383.2,4.86,8.58,301.5,94.07
2022-03-04 12:00:00+00:00,33091.4,4.81,9.58,276.6,94.11
2022-03-04 13:00:00+00:00,31716.2,5.01,9.83,132.7,77.06
2022-03-04 14:00:00+00:00,32748.2,5.0,9.21,202.9,90.2
2022-03-04 15:00:00+00:00,33123.6,5.97,8.99,197.7,95.98
2022-03-04 16:00:00+00:00,35037.3,6.11,8.69,116.7,109.01
2022-03-04 17:00:00+00:00,37838.2,5.73,9.23,64.9,134.54
2022-03-04 18:00:00+00:00,39212.2,5.59,8.43,0.0,130.27
2022-03-04 19:00:00+00:00,37906.1,3.74,8.63,0.0,141.16
2022-03-04 20:00:00+00:00,35770.3,3.06,8.79,0.0,142.03
2022-03-04 21:00:00+00:00,33565.1,3.55,8.03,0.0,120.54
2022-03-04 22:00:00+00:00,31102.4,2.88,9.22,0.0,94.12
2022-03-04 23:00:00+00:00,29108.3,2.23,8.88,0.0,71.47
2022-03-05 00:00:00+00:00,25595.6,2.06,8.01,0.0,63.83
2022-03-05 01:00:00+00:00,24636.6,2.14,8.63,0.0,61.27
2022-03-05 02:00:00+00:00,25060.7,0.64,8.59,0.0,61.87
2022-03-05 03:00:00+00:00,24551.5,-0.44,8.83,0.0,44.25
2022-03-05 04:00:00+00:00,24732.0,-0.15,7.81,0.0,65.68
2022-03-05 05:00:00+00:00,26013.5,-0.22,8.41,0.0,59.09
2022-03-05 06:00:00+00:00,27348.9,1.12,10.03,0.0,61.14
2022-03-05 07:00:00+00:00,30549.5,1.59,8.89,37.9,98.49
2022-03-05 08:00:00+00:00,32552.5,1.2,9.08,73.6,95.61
2022-03-05 09:00:00+00:00,32785.5,1.3,8.36,124.5,93.15
2022-03-05 10:00:00+00:00,33019.9,0.53,10.39,137.6,79.24
2022-03-05 11:00:00+00:00,32853.0,1.26,11.19,208.0,71.56
2022-03-05 12:00:00+00:00,32831.5,1.91,11.2,151.5,77.19
2022-03-05 13:00:00+00:00,32226.4,2.28,10.03,240.6,87.46
2022-03-05 14:00:00+00:00,32322.6,3.38,9.11,188.9,87.85
2022-03-05 15:00:00+00:00,32557.1,4.33,9.59,181.4,99.58
2022-03-05 16:00:00+00:00,34378.4,4.22,8.39,167.9,94.21
2022-03-05 17:00:00+00:00,36761.9,2.74,7.28,87.1,144.93
2022-03-05 18:00:00+00:00,38012.7,2.77,7.28,0.0,144.34
2022-03-05 19:00:00+00:00,36011.1,2.6,7.37,0.0,131.09
2022-03-05 20:00:00+00:00,34304.5,2.17,7.65,0.0,119.23
2022-03-05 21:00:00+00:00,30986.3,2.08,7.27,0.0,126.33
2022-03-05 22:00:00+00:00,28993.4,0.69,7.98,0.0,83.21
2022-03-05 23:00:00+00:00,26467.7,1.27,7.25,0.0,97.44
2022-03-06 00:00:00+00:00,25756.7,0.23,7.73,0.0,78.53
2022-03-06 01:00:00+00:00,24051.8,0.27,7.86,0.0,47.91
2022-03-06 02:00:00+00:00,24244.1,-0.98,8.29,0.0,48.2
2022-03-06 03:00:00+00:00,24612.1,-1.55,9.15,0.0,57.31
2022-03-06 04:00:00+00:00,24346.5,-0.44,8.68,0.0,57.34
2022-03-06 05:00:00+00:00,25499.7,-0.23,8.08,0.0,62.49
2022-03-06 06:00:00+00:00,27769.6,0.82,6.71,0.0,82.17
2022-03-06 07:00:00+00:00,30554.7,1.64,5.14,51.4,124.48
2022-03-06 08:00:00+00:00,32789.6,2.35,5.1,130.4,118.5
2022-03-06 09:00:00+00:00,32413.5,4.0,5.11,113.8,120.55
2022-03-06 10:00:00+00:00,32432.6,4.65,4.36,226.0,113.14
2022-03-06 11:00:00+00:00,32344.0,4.34,3.81,153.4,120.06
2022-03-06 12:00:00+00:00,31209.4,4.53,5.16,323.8,114.81
2022-03-06 13:00:00+00:00,30422.1,5.41,5.93,281.2,93.15
2022-03-06 14:00:00+00:00,29934.5,6.01,5.0,151.6,125.18
2022-03-06 15:00:00+00:00,30382.6,5.22,4.76,211.8,106.34
2022-03-06 16:00:00+00:00,33256.3,4.76,5.19,143.7,111.87
2022-03-06 17:00:00+00:00,36368.5,4.2,4.79,74.5,156.64
2022-03-06 18:00:00+00:00,36974.5,3.6,4.26,0.0,155.26
2022-03-06 19:00:00+00:00,36197.9,2.25,4.14,0.0,167.32
2022-03-06 20:00:00+00:00,34688.0,1.27,5.13,0.0,130.88
2022-03-06 21:00:00+00:00,32905.5,0.19,6.15,0.0,105.61
2022-03-06 22:00:00+00:00,29936.6,0.01,5.62,0.0,107.55
2022-03-06 23:00:00+00:00,27738.6,-0.11,6.05,0.0,105.71
2022-03-07 00:00:00+00:00,29241.1,-0.61,6.09,0.0,93.51
2022-03-07 01:00:00+00:00,28513.1,-1.22,5.35,0.0,105.27
2022-03-07 02:00:00+00:00,27790.5,-1.33,5.2,0.0,89.21
2022-03-07 03:00:00+00:00,28266.6,-1.82,4.3,0.0,113.1
2022-03-07 04:00:00+00:00,29298.0,-2.3,5.34,0.0,100.57
2022-03-07 05:00:00+00:00,30985.1,-2.43,6.64,0.0,110.03
2022-03-07 06:00:00+00:00,33645.1,-2.2,6.34,0.0,121.61
2022-03-07 07:00:00+00:00,36222.2,-2.12,5.86,79.7,129.74
2022-03-07 08:00:00+00:00,36737.5,-1.14,6.74,157.4,110.76
2022-03-07 09:00:00+00:00,36543.9,0.23,7.71,146.0,111.45
2022-03-07 10:00:00+00:00,36433.2,0.2,6.8,262.5,117.51
2022-03-07 11:00:00+00:00,35458.9,1.1,6.7,227.1,122.06
2022-03-07 12:00:00+00:00,34759.6,1.75,6.66,213.2,133.1
2022-03-07 13:00:00+00:00,33369.6,2.59,6.08,316.5,96.75
2022-03-07 14:00:00+00:00,33367.4,3.03,6.43,203.7,101.81
2022-03-07 15:00:00+00:00,34688.7,2.4,5.91,107.2,112.62
2022-03-07 16:00:00+00:00,37718.3,1.7,5.54,136.6,152.47
2022-03-07 17:00:00+00:00,39968.4,1.6,5.53,72.0,167.83
2022-03-07 18:00:00+00:00,40408.8,1.92,4.44,0.0,180.31
2022-03-07 19:00:00+00:00,39381.0,0.12,2.96,0.0,181.12
2022-03-07 20:00:00+00:00,37866.3,-0.2,3.88,0.0,159.89
2022-03-07 21:00:00+00:00,36084.1,-0.09,3.46,0.0,168.8
2022-03-07 22:00:00+00:00,33532.8,-0.81,5.31,0.0,122.18
2022-03-07 23:00:00+00:00,32136.4,-1.06,6.93,0.0,108.05
2022-03-08 00:00:00+00:00,31021.0,-1.86,6.54,0.0,98.06
2022-03-08 01:00:00+00:00,29395.2,-2.27,8.39,0.0,87.19
2022-03-08 02:00:00+00:00,29022.7,-3.4,9.06,0.0,74.91
2022-03-08 03:00:00+00:00,29907.2,-4.74,8.45,0.0,84.97
2022-03-08 04:00:00+00:00,29973.9,-3.87,6.36,0.0,90.96
2022-03-08 05:00:00+00:00,30741.7,-3.98,6.93,0.0,94.91
2022-03-08 06:00:00+00:00,33261.5,-3.59,6.95,0.0,103.38
2022-03-08 07:00:00+00:00,36383.3,-3.61,7.29,68.1,135.05
2022-03-08 08:00:00+00:00,37780.4,-3.52,7.1,123.2,128.31
2022-03-08 09:00:00+00:00,37545.6,-2.61,6.2,119.1,156.8
2022-03-08 10:00:00+00:00,36773.1,-2.04,5.91,264.0,136.68
2022-03-08 11:00:00+00:00,35337.3,-0.86,6.51,173.9,122.51
2022-03-08 12:00:00+00:00,34511.3,0.25,6.26,318.9,113.49
2022-03-08 13:00:00+00:00,33710.9,1.13,6.02,295.3,114.6
2022-03-08 14:00:00+00:00,33921.6,1.77,4.88,154.3,118.64
2022-03-08 15:00:00+00:00,34159.3,3.0,5.06,215.2,117.64
2022-03-08 16:00:00+00:00,36226.9,2.41,4.28,141.8,152.33
2022-03-08 17:00:00+00:00,37793.0,2.24,5.14,91.1,161.41
2022-03-08 18:00:00+00:00,38812.7,2.6,4.66,0.0,157.56
2022-03-08 19:00:00+00:00,36542.0,2.87,4.54,0.0,175.23
2022-03-08 20:00:00+00:00,35599.6,1.41,6.36,0.0,123.29
2022-03-08 21:00:00+00:00,34308.6,0.57,6.15,0.0,107.35
2022-03-08 22:00:00+00:00,31854.9,0.74,5.85,0.0,134.34
2022-03-08 23:00:00+00:00,30528.1,0.43,6.36,0.0,113.67
2022-03-09 00:00:00+00:00,29815.4,0.12,5.0,0.0,111.33
2022-03-09 01:00:00+00:00,28703.9,-0.4,6.08,0.0,105.09
2022-03-09 02:00:00+00:00,28070.0,-0.84,6.9,0.0,81.96
2022-03-09 03:00:00+00:00,27013.9,-0.68,7.32,0.0,62.8
2022-03-09 04:00:00+00:00,27183.4,-0.64,4.66,0.0,91.05
2022-03-09 05:00:00+00:00,27864.1,-0.28,4.57,0.0,93.13
2022-03-09 06:00:00+00:00,29722.6,0.32,3.7,0.0,106.09
2022-03-09 07:00:00+00:00,32485.4,0.62,4.74,81.9,115.0
2022-03-09 08:00:00+00:00,33202.0,1.75,5.68,120.1,111.64
2022-03-09 09:00:00+00:00,33614.0,4.35,6.05,241.4,104.56
2022-03-09 10:00:00+00:00,34014.0,4.08,5.16,171.8,125.33
2022-03-09 11:00:00+00:00,34007.4,5.06,6.42,188.9,119.03
2022-03-09 12:00:00+00:00,33995.7,5.27,6.24,172.8,118.49
2022-03-09 13:00:00+00:00,33219.1,6.15,7.69,232.7,73.29
2022-03-09 14:00:00+00:00,33036.6,6.52,7.86,222.1,87.27
2022-03-09 15:00:00+00:00,33025.5,7.13,8.22,124.7,92.45
2022-03-09 16:00:00+00:00,35039.2,7.76,7.8,84.9,131.69
2022-03-09 17:00:00+00:00,37053.0,7.58,8.86,59.4,119.43
2022-03-09 18:00:00+00:00,37732.3,7.79,9.24,0.0,115.23
2022-03-09 19:00:00+00:00,36778.8,5.74,10.26,0.0,129.89
2022-03-09 20:00:00+00:00,35430.2,6.0,10.23,0.0,115.96
2022-03-09 21:00:00+00:00,33028.2,5.45,10.03,0.0,126.86
2022-03-09 22:00:00+00:00,31134.9,5.31,10.35,0.0,74.86
2022-03-09 23:00:00+00:00,29069.0,3.82,11.31,0.0,68.91
2022-03-10 00:00:00+00:00,28249.8,2.8,11.89,0.0,52.68
2022-03-10 01:00:00+00:00,27063.2,2.42,11.75,0.0,46.32
2022-03-10 02:00:00+00:00,26096.1,2.12,10.06,0.0,51.78
2022-03-10 03:00:00+00:00,25542.4,2.19,10.54,0.0,43.11
2022-03-10 04:00:00+00:00,25900.8,2.95,9.24,0.0,65.14
2022-03-10 05:00:00+00:00,27294.6,2.17,9.15,0.0,72.74
2022-03-10 06:00:00+00:00,28921.8,3.24,8.96,0.0,82.64
2022-03-10 07:00:00+00:00,32232.3,3.86,7.75,69.5,117.02
2022-03-10 08:00:00+00:00,33829.4,4.46,8.0,131.3,113.69
2022-03-10 09:00:00+00:00,34647.7,4.35,9.64,212.2,106.72
2022-03-10 10:00:00+00:00,34713.2,5.46,9.26,209.7,102.6
2022-03-10 11:00:00+00:00,35274.3,4.75,9.75,330.1,96.15
2022-03-10 12:00:00+00:00,33316.9,5.82,11.45,184.2,91.9
2022-03-10 13:00:00+00:00,32838.3,5.44,11.9,232.2,62.43
2022-03-10 14:00:00+00:00,31662.6,5.85,11.16,139.9,70.97
2022-03-10 15:00:00+00:00,33328.4,5.95,11.13,214.3,83.01
2022-03-10 16:00:00+00:00,34838.5,6.61,11.3,103.5,98.82
2022-03-10 17:00:00+00:00,37717.1,6.25,12.21,62.4,99.54
2022-03-10 18:00:00+00:00,38491.5,5.4,12.9,0.0,126.8
2022-03-10 19:00:00+00:00,37085.5,4.54,10.44,0.0,138.43
2022-03-10 20:00:00+00:00,35411.7,4.64,9.59,0.0,132.18
2022-03-10 21:00:00+00:00,33579.2,4.23,9.41,0.0,101.62
2022-03-10 22:00:00+00:00,32162.1,3.25,8.5,0.0,113.49
2022-03-10 23:00:00+00:00,30036.0,2.42,5.53,0.0,104.24
2022-03-11 00:00:00+00:00,29136.7,1.01,5.03,0.0,106.26
2022-03-11 01:00:00+00:00,28144.6,0.83,5.13,0.0,110.11
2022-03-11 02:00:00+00:00,28219.1,-0.47,4.81,0.0,114.66
2022-03-11 03:00:00+00:00,27787.4,-0.03,4.14,0.0,97.87
2022-03-11 04:00:00+00:00,27235.4,0.22,4.32,0.0,92.85
2022-03-11 05:00:00+00:00,27317.7,2.01,4.72,0.0,111.35
2022-03-11 06:00:00+00:00,30009.7,1.85,4.47,0.0,112.88
2022-03-11 07:00:00+00:00,32117.8,2.45,5.67,94.0,83.3
2022-03-11 08:00:00+00:00,32981.8,4.3,5.78,161.7,117.41
2022-03-11 09:00:00+00:00,33239.6,5.8,5.16,173.0,109.09
2022-03-11 10:00:00+00:00,32924.4,6.14,4.37,271.0,109.58
2022-03-11 11:00:00+00:00,32603.8,7.0,4.34,212.8,120.81
2022-03-11 12:00:00+00:00,32169.8,7.61,5.34,168.1,91.59
2022-03-11 13:00:00+00:00,31092.3,8.25,4.78,237.9,109.27
2022-03-11 14:00:00+00:00,30665.0,8.12,5.36,239.4,80.7
2022-03-11 15:00:00+00:00,31723.3,8.18,5.51,161.3,99.56
2022-03-11 16:00:00+00:00,34145.0,7.12,7.14,119.9,118.86
2022-03-11 17:00:00+00:00,36730.0,6.93,7.44,80.3,120.14
2022-03-11 18:00:00+00:00,37702.3,6.76,6.87,0.0,134.86
2022-03-11 19:00:00+00:00,36053.4,6.02,7.46,0.0,137.45
2022-03-11 20:00:00+00:00,34398.6,4.35,8.04,0.0,126.35
2022-03-11 21:00:00+00:00,31370.9,4.22,7.67,0.0,103.07
2022-03-11 22:00:00+00:00,29182.2,3.7,6.73,0.0,103.02
2022-03-11 23:00:00+00:00,27830.1,2.56,7.16,0.0,126.67
2022-03-12 00:00:00+00:00,25212.6,1.92,7.2,0.0,55.56
2022-03-12 01:00:00+00:00,24433.3,0.59,6.01,0.0,49.86
2022-03-12 02:00:00+00:00,24711.0,-0.26,6.26,0.0,83.82
2022-03-12 03:00:00+00:00,24514.6,-0.6,5.8,0.0,62.07
2022-03-12 04:00:00+00:00,24624.0,0.33,4.67,0.0,84.33
2022-03-12 05:00:00+00:00,25880.2,0.31,4.51,0.0,95.11
2022-03-12 06:00:00+00:00,28292.7,1.25,5.64,0.0,97.09
2022-03-12 07:00:00+00:00,31678.5,1.61,6.65,55.2,111.09
2022-03-12 08:00:00+00:00,32551.7,2.55,7.41,145.6,120.05
2022-03-12 09:00:00+00:00,33645.7,3.3,7.6,162.9,101.13
2022-03-12 10:00:00+00:00,32574.7,4.67,8.04,261.4,104.16
2022-03-12 11:00:00+00:00,31964.7,5.12,8.06,277.3,73.36
2022-03-12 12:00:00+00:00,31499.7,4.85,7.14,379.8,84.76
2022-03-12 13:00:00+00:00,31705.9,4.58,6.43,215.5,103.06
2022-03-12 14:00:00+00:00,30780.6,4.66,5.98,200.9,95.34
2022-03-12 15:00:00+00:00,31610.3,4.13,7.13,139.6,109.01
2022-03-12 16:00:00+00:00,32250.3,4.4,7.96,129.0,99.84
2022-03-12 17:00:00+00:00,35340.6,3.94,7.07,88.8,128.99
2022-03-12 18:00:00+00:00,35793.4,5.01,7.11,0.0,127.52
2022-03-12 19:00:00+00:00,34782.0,3.42,6.79,0.0,120.27
2022-03-12 20:00:00+00:00,32636.0,2.92,6.68,0.0,107.75
2022-03-12 21:00:00+00:00,31144.5,1.57,6.28,0.0,105.09
2022-03-12 22:00:00+00:00,29053.2,0.61,7.41,0.0,79.73
2022-03-12 23:00:00+00:00,26894.8,0.1,7.38,0.0,98.47
2022-03-13 00:00:00+00:00,26247.8,-1.69,7.53,0.0,72.03
2022-03-13 01:00:00+00:00,25728.1,-1.87,7.68,0.0,71.1
2022-03-13 02:00:00+00:00,24701.8,-0.89,6.84,0.0,58.09
2022-03-13 03:00:00+00:00,24288.1,-1.15,6.93,0.0,87.03
2022-03-13 04:00:00+00:00,24652.0,-0.78,7.76,0.0,61.72
2022-03-13 05:00:00+00:00,25827.5,0.23,8.88,0.0,59.43
2022-03-13 06:00:00+00:00,28415.3,0.69,7.89,0.0,81.24
2022-03-13 07:00:00+00:00,31430.0,1.05,6.65,58.5,104.63
2022-03-13 08:00:00+00:00,33951.3,0.5,6.72,118.2,114.19
2022-03-13 09:00:00+00:00,33948.7,1.78,7.6,215.4,92.0
2022-03-13 10:00:00+00:00,33418.0,2.61,7.85,149.5,114.27
2022-03-13 11:00:00+00:00,33356.1,2.83,8.34,289.2,81.47
2022-03-13 12:00:00+00:00,32290.8,3.66,7.21,366.4,94.87
2022-03-13 13:00:00+00:00,31372.1,3.9,6.75,170.3,84.55
2022-03-13 14:00:00+00:00,30315.4,4.01,5.05,184.6,101.43
2022-03-13 15:00:00+00:00,31349.0,4.61,5.03,111.5,101.0
2022-03-13 16:00:00+00:00,34339.3,3.83,3.44,137.3,128.67
2022-03-13 17:00:00+00:00,36257.5,4.29,4.66,83.9,149.54
2022-03-13 18:00:00+00:00,37792.3,3.09,5.99,0.0,164.59
2022-03-13 19:00:00+00:00,36741.6,2.21,6.15,0.0,163.85
2022-03-13 20:00:00+00:00,34284.9,2.79,5.01,0.0,140.78
2022-03-13 21:00:00+00:00,32533.9,2.79,5.41,0.0,124.37
2022-03-13 22:00:00+00:00,29540.1,2.16,6.94,0.0,88.56
2022-03-13 23:00:00+00:00,28017.6,0.95,7.32,0.0,69.14
2022-03-14 00:00:00+00:00,28293.8,0.22,8.23,0.0,89.98
2022-03-14 01:00:00+00:00,26903.2,-0.12,7.79,0.0,75.29
2022-03-14 02:00:00+00:00,25841.9,-0.3,7.06,0.0,75.45
2022-03-14 03:00:00+00:00,25046.8,-0.36,7.01,0.0,66.93
2022-03-14 04:00:00+00:00,25468.8,-0.19,5.5,0.0,74.41
2022-03-14 05:00:00+00:00,27107.9,0.07,7.34,0.0,88.23
2022-03-14 06:00:00+00:00,29588.1,-0.23,7.44,0.0,112.9
2022-03-14 07:00:00+00:00,32454.2,0.2,8.09,65.1,92.83
2022-03-14 08:00:00+00:00,33662.0,1.59,7.68,119.3,91.69
2022-03-14 09:00:00+00:00,34584.4,1.64,6.44,145.5,118.43
2022-03-14 10:00:00+00:00,34226.0,2.43,7.58,182.6,102.62
2022-03-14 11:00:00+00:00,33562.7,2.78,6.67,291.9,114.69
2022-03-14 12:00:00+00:00,33640.1,3.6,6.96,383.6,100.23
2022-03-14 13:00:00+00:00,32638.8,3.97,7.31,289.5,113.01
2022-03-14 14:00:00+00:00,31450.6,5.28,7.35,220.1,102.48
2022-03-14 15:00:00+00:00,32153.2,5.79,6.72,151.4,105.33
2022-03-14 16:00:00+00:00,33643.3,4.98,6.62,155.3,114.98
2022-03-14 17:00:00+00:00,36782.1,5.19,5.89,53.5,147.5
2022-03-14 18:00:00+00:00,37645.1,4.34,6.58,0.0,139.8
2022-03-14 19:00:00+00:00,36683.4,3.48,7.05,0.0,144.97
2022-03-14 20:00:00+00:00,34429.1,3.06,7.03,0.0,140.91
2022-03-14 21:00:00+00:00,32898.5,2.09,6.58,0.0,114.11
2022-03-14 22:00:00+00:00,30469.5,1.95,8.25,0.0,94.44
2022-03-14 23:00:00+00:00,28816.2,0.85,7.17,0.0,99.35
2022-03-15 00:00:00+00:00,27414.9,0.07,5.96,0.0,105.94
2022-03-15 01:00:00+00:00,26585.8,-0.69,5.94,0.0,78.62
2022-03-15 02:00:00+00:00,26706.5,-1.21,5.79,0.0,90.03
2022-03-15 03:00:00+00:00,26655.3,-0.53,6.71,0.0,82.01
2022-03-15 04:00:00+00:00,26514.2,0.05,7.23,0.0,75.94
2022-03-15 05:00:00+00:00,27002.4,1.46,7.24,0.0,62.96
2022-03-15 06:00:00+00:00,28787.8,3.35,7.62,0.0,82.78
2022-03-15 07:00:00+00:00,31944.8,3.36,7.97,50.9,91.37
2022-03-15 08:00:00+00:00,33570.5,4.15,9.57,157.6,95.76
2022-03-15 09:00:00+00:00,34041.9,4.25,9.64,174.1,93.84
2022-03-15 10:00:00+00:00,33863.9,4.6,8.97,337.8,77.22
2022-03-15 11:00:00+00:00,33411.3,5.01,9.03,342.7,83.08
2022-03-15 12:00:00+00:00,32133.5,5.06,6.88,332.7,109.07
2022-03-15 13:00:00+00:00,31698.7,4.99,6.86,313.2,82.69
2022-03-15 14:00:00+00:00,31924.7,5.31,7.72,146.3,94.17
2022-03-15 15:00:00+00:00,33216.3,4.78,8.16,126.9,102.59
2022-03-15 16:00:00+00:00,35353.2,5.31,8.33,131.4,109.13
2022-03-15 17:00:00+00:00,37977.5,4.56,8.77,97.9,116.42
2022-03-15 18:00:00+00:00,37750.7,5.88,9.55,0.0,151.8
2022-03-15 19:00:00+00:00,36356.1,5.05,10.53,0.0,101.71
2022-03-15 20:00:00+00:00,34224.4,4.43,10.71,0.0,89.16
2022-03-15 21:00:00+00:00,32187.5,2.94,10.27,0.0,103.91
2022-03-15 22:00:00+00:00,29469.0,3.28,8.3,0.0,70.28
2022-03-15 23:00:00+00:00,27611.0,3.28,9.0,0.0,83.57
2022-03-16 00:00:00+00:00,26177.4,2.98,9.3,0.0,74.24
2022-03-16 01:00:00+00:00,26227.1,1.72,9.31,0.0,57.89
2022-03-16 02:00:00+00:00,26145.8,1.59,8.66,0.0,69.37
2022-03-16 03:00:00+00:00,26204.7,0.86,9.33,0.0,65.19
2022-03-16 04:00:00+00:00,26367.5,1.9,9.01,0.0,60.34
2022-03-16 05:00:00+00:00,27429.1,2.72,8.88,0.0,69.3
2022-03-16 06:00:00+00:00,29289.8,3.27,8.74,0.0,85.8
2022-03-16 07:00:00+00:00,33479.2,2.45,9.01,104.4,98.9
2022-03-16 08:00:00+00:00,34751.5,2.64,8.01,162.4,118.19
2022-03-16 09:00:00+00:00,34102.8,3.9,8.4,175.7,103.98
2022-03-16 10:00:00+00:00,33716.8,5.47,7.77,193.0,109.86
2022-03-16 11:00:00+00:00,33223.2,6.89,7.19,257.9,96.95
2022-03-16 12:00:00+00:00,32933.0,6.57,7.87,205.6,105.57
2022-03-16 13:00:00+00:00,32673.4,7.27,7.05,161.1,114.1
2022-03-16 14:00:00+00:00,32020.8,8.22,7.74,153.4,78.4
2022-03-16 15:00:00+00:00,32208.2,7.34,7.78,228.5,97.48
2022-03-16 16:00:00+00:00,33777.1,7.28,6.45,83.5,113.78
2022-03-16 17:00:00+00:00,36342.1,7.19,7.55,60.9,127.46
2022-03-16 18:00:00+00:00,37550.9,6.57,7.76,0.0,145.46
2022-03-16 19:00:00+00:00,37261.9,4.89,8.03,0.0,140.37
2022-03-16 20:00:00+00:00,35767.3,4.04,8.77,0.0,123.87
2022-03-16 21:00:00+00:00,33153.7,3.15,9.85,0.0,111.29
2022-03-16 22:00:00+00:00,30998.1,2.36,9.87,0.0,93.47
2022-03-16 23:00:00+00:00,29044.2,1.39,10.21,0.0,70.55
2022-03-17 00:00:00+00:00,28896.9,0.71,10.34,0.0,87.54
2022-03-17 01:00:00+00:00,27392.3,0.3,9.9,0.0,80.53
2022-03-17 02:00:00+00:00,26932.0,0.36,8.52,0.0,74.73
2022-03-17 03:00:00+00:00,26433.7,0.16,8.61,0.0,65.53
2022-03-17 04:00:00+00:00,25959.2,0.1,9.61,0.0,55.18
2022-03-17 05:00:00+00:00,26678.2,0.55,9.93,0.0,82.18
2022-03-17 06:00:00+00:00,29505.6,-0.04,8.95,0.0,85.88
2022-03-17 07:00:00+00:00,32646.6,0.98,9.71,102.0,96.59
2022-03-17 08:00:00+00:00,34539.1,1.81,9.34,179.3,107.19
2022-03-17 09:00:00+00:00,34284.3,2.72,7.58,222.1,80.2
2022-03-17 10:00:00+00:00,34063.1,4.17,8.35,235.7,92.23
2022-03-17 11:00:00+00:00,34454.3,3.8,7.54,173.1,134.62
2022-03-17 12:00:00+00:00,34569.8,3.35,8.91,266.2,71.26
2022-03-17 13:00:00+00:00,33473.2,4.13,9.71,288.7,71.75
2022-03-17 14:00:00+00:00,33035.6,4.56,9.4,354.0,76.59
2022-03-17 15:00:00+00:00,33275.9,4.9,9.64,282.2,76.49
2022-03-17 16:00:00+00:00,35787.3,4.64,11.4,96.0,97.86
2022-03-17 17:00:00+00:00,38729.2,4.87,11.96,105.1,107.79
2022-03-17 18:00:00+00:00,39582.2,5.06,11.9,0.0,130.65
2022-03-17 19:00:00+00:00,37928.5,4.82,13.91,0.0,115.15
2022-03-17 20:00:00+00:00,35898.6,4.02,13.66,0.0,104.78
2022-03-17 21:00:00+00:00,34402.5,2.07,13.78,0.0,82.93
2022-03-17 22:00:00+00:00,32024.7,1.87,12.71,0.0,92.4
2022-03-17 23:00:00+00:00,29816.0,1.98,11.12,0.0,79.47
2022-03-18 00:00:00+00:00,29455.4,1.94,10.69,0.0,88.93
2022-03-18 01:00:00+00:00,28031.1,1.0,10.53,0.0,73.39
2022-03-18 02:00:00+00:00,27836.0,1.18,10.61,0.0,66.29
2022-03-18 03:00:00+00:00,26161.9,1.66,9.32,0.0,63.48
2022-03-18 04:00:00+00:00,25961.3,2.74,9.72,0.0,66.01
2022-03-18 05:00:00+00:00,27141.4,2.53,8.94,0.0,86.44
2022-03-18 06:00:00+00:00,29575.6,2.9,9.32,0.0,87.63
2022-03-18 07:00:00+00:00,32029.7,4.0,9.93,99.0,92.76
2022-03-18 08:00:00+00:00,34220.8,4.78,9.48,143.7,108.71
2022-03-18 09:00:00+00:00,34590.2,4.9,8.6,228.5,86.17
2022-03-18 10:00:00+00:00,33685.5,5.96,9.72,329.1,70.87
2022-03-18 11:00:00+00:00,32595.4,7.06,10.27,283.5,81.14
2022-03-18 12:00:00+00:00,31956.7,7.75,10.23,294.2,65.05
2022-03-18 13:00:00+00:00,31597.6,8.38,11.21,273.5,65.99
2022-03-18 14:00:00+00:00,31702.6,8.53,11.07,274.7,69.83
2022-03-18 15:00:00+00:00,31043.6,9.54,10.38,245.0,96.01
2022-03-18 16:00:00+00:00,32811.4,8.88,9.43,184.2,90.25
2022-03-18 17:00:00+00:00,35113.3,8.23,9.22,45.1,95.81
2022-03-18 18:00:00+00:00,36261.9,7.78,9.71,0.0,126.49
2022-03-18 19:00:00+00:00,35414.1,7.7,10.66,0.0,124.41
2022-03-18 20:00:00+00:00,34072.9,6.08,10.5,0.0,112.41
2022-03-18 21:00:00+00:00,32841.0,4.54,11.27,0.0,100.17
2022-03-18 22:00:00+00:00,31498.0,2.59,10.89,0.0,82.16
2022-03-18 23:00:00+00:00,29586.2,1.97,10.09,0.0,78.22
2022-03-19 00:00:00+00:00,26010.4,0.88,8.91,0.0,58.83
2022-03-19 01:00:00+00:00,24881.7,0.27,8.42,0.0,234.83
2022-03-19 02:00:00+00:00,24711.8,0.46,7.36,0.0,65.86
2022-03-19 03:00:00+00:00,24870.2,0.06,8.91,0.0,69.71
2022-03-19 04:00:00+00:00,25051.5,0.4,9.16,0.0,89.08
2022-03-19 05:00:00+00:00,26570.9,0.61,8.98,0.0,71.84
2022-03-19 06:00:00+00:00,28559.4,1.58,10.22,0.0,80.98
2022-03-19 07:00:00+00:00,30937.0,2.56,9.04,93.0,65.4
2022-03-19 08:00:00+00:00,31839.2,2.94,8.83,161.4,86.76
2022-03-19 09:00:00+00:00,32827.1,3.69,10.31,122.4,107.26
2022-03-19 10:00:00+00:00,32188.3,5.17,10.03,276.8,79.44
2022-03-19 11:00:00+00:00,31281.3,6.18,11.79,281.9,62.14
2022-03-19 12:00:00+00:00,31025.8,6.02,12.17,371.7,82.19
2022-03-19 13:00:00+00:00,30772.9,6.96,12.93,226.6,69.9
2022-03-19 14:00:00+00:00,30920.7,6.66,13.68,304.8,56.94
2022-03-19 15:00:00+00:00,30491.4,7.69,13.34,233.2,52.97
2022-03-19 16:00:00+00:00,32180.4,8.25,12.64,163.8,75.24
2022-03-19 17:00:00+00:00,35039.8,8.15,12.27,70.5,119.79
2022-03-19 18:00:00+00:00,36018.7,7.79,11.24,0.0,137.29
2022-03-19 19:00:00+00:00,34647.1,7.06,10.97,0.0,102.79
2022-03-19 20:00:00+00:00,31545.5,6.76,10.77,0.0,74.41
2022-03-19 21:00:00+00:00,30432.1,5.77,11.9,0.0,78.36
2022-03-19 22:00:00+00:00,27732.7,5.15,12.12,0.0,68.13
2022-03-19 23:00:00+00:00,25197.8,4.96,13.71,0.0,54.76
2022-03-20 00:00:00+00:00,23702.0,4.12,11.69,0.0,37.62
2022-03-20 01:00:00+00:00,22756.4,3.28,10.5,0.0,35.92
2022-03-20 02:00:00+00:00,23087.8,2.27,10.05,0.0,54.97
2022-03-20 03:00:00+00:00,23800.0,1.57,11.06,0.0,33.42
2022-03-20 04:00:00+00:00,24684.4,0.63,10.78,0.0,47.15
2022-03-20 05:00:00+00:00,26380.4,1.45,9.44,0.0,66.98
2022-03-20 06:00:00+00:00,27844.9,3.08,9.13,0.0,76.7
2022-03-20 07:00:00+00:00,30095.1,4.6,8.08,64.6,104.7
2022-03-20 08:00:00+00:00,31111.9,4.35,6.94,197.2,100.0
2022-03-20 09:00:00+00:00,31117.5,5.6,8.5,272.2,75.43
2022-03-20 10:00:00+00:00,29733.8,7.25,8.15,223.2,75.61
2022-03-20 11:00:00+00:00,28974.7,7.7,8.23,281.0,96.81
2022-03-20 12:00:00+00:00,29069.3,8.39,8.1,419.0,45.76
2022-03-20 13:00:00+00:00,28226.6,7.66,7.85,317.3,45.04
2022-03-20 14:00:00+00:00,27367.0,8.16,7.15,150.1,62.08
2022-03-20 15:00:00+00:00,27485.6,7.66,6.9,263.1,71.47
2022-03-20 16:00:00+00:00,30101.9,7.73,7.17,132.5,103.46
2022-03-20 17:00:00+00:00,34016.3,6.54,8.27,62.9,113.5
2022-03-20 18:00:00+00:00,35024.5,6.46,8.94,0.0,115.94
2022-03-20 19:00:00+00:00,34024.5,6.52,7.89,0.0,113.91
2022-03-20 20:00:00+00:00,31831.0,5.36,8.62,0.0,86.84
2022-03-20 21:00:00+00:00,30916.9,3.96,8.91,0.0,113.12
2022-03-20 22:00:00+00:00,28922.1,1.96,8.33,0.0,86.29
2022-03-20 23:00:00+00:00,27755.7,1.19,8.4,0.0,83.14
2022-03-21 00:00:00+00:00,28994.3,0.45,8.78,0.0,94.85
2022-03-21 01:00:00+00:00,27400.6,-0.84,8.73,0.0,90.92
2022-03-21 02:00:00+00:00,26514.9,-0.72,9.02,0.0,67.92
2022-03-21 03:00:00+00:00,26588.5,-0.97,8.24,0.0,65.7
2022-03-21 04:00:00+00:00,26359.8,-1.38,9.74,0.0,65.16
2022-03-21 05:00:00+00:00,27934.1,-1.26,8.09,0.0,82.4
2022-03-21 06:00:00+00:00,29413.8,0.01,8.49,0.0,84.88
2022-03-21 07:00:00+00:00,32522.3,1.13,8.7,62.7,90.83
2022-03-21 08:00:00+00:00,33602.7,1.89,9.12,179.9,103.15
2022-03-21 09:00:00+00:00,34190.4,3.15,8.46,247.4,114.75
2022-03-21 10:00:00+00:00,34664.0,3.33,9.3,328.7,111.46
2022-03-21 11:00:00+00:00,34027.3,4.19,9.1,184.2,94.05
2022-03-21 12:00:00+00:00,33446.2,5.02,8.07,374.7,107.59
2022-03-21 13:00:00+00:00,33461.3,5.32,7.16,292.3,89.94
2022-03-21 14:00:00+00:00,32468.3,6.0,7.25,221.8,101.08
2022-03-21 15:00:00+00:00,32631.1,5.73,5.99,236.1,116.81
2022-03-21 16:00:00+00:00,34649.6,6.05,7.45,191.7,119.32
2022-03-21 17:00:00+00:00,37172.2,6.18,8.24,52.1,148.8
2022-03-21 18:00:00+00:00,38724.1,4.04,9.61,0.0,130.12
2022-03-21 19:00:00+00:00,36570.2,4.27,10.83,0.0,119.07
2022-03-21 20:00:00+00:00,35929.3,1.83,10.36,0.0,117.54
2022-03-21 21:00:00+00:00,33632.8,0.85,9.51,0.0,121.78
2022-03-21 22:00:00+00:00,32356.1,0.86,7.29,0.0,112.4
2022-03-21 23:00:00+00:00,30185.9,0.09,6.96,0.0,105.84
2022-03-22 00:00:00+00:00,28964.0,-1.14,8.34,0.0,86.13
2022-03-22 01:00:00+00:00,28390.2,-2.1,7.63,0.0,92.75
2022-03-22 02:00:00+00:00,27901.3,-1.6,7.43,0.0,79.75
2022-03-22 03:00:00+00:00,27573.1,-2.7,6.98,0.0,76.57
2022-03-22 04:00:00+00:00,28349.1,-1.73,7.27,0.0,85.85
2022-03-22 05:00:00+00:00,29447.9,-1.3,8.26,0.0,82.9
2022-03-22 06:00:00+00:00,31667.7,-1.38,7.0,0.0,110.22
2022-03-22 07:00:00+00:00,34614.7,-0.93,5.94,98.4,136.37
2022-03-22 08:00:00+00:00,36767.5,-0.64,7.16,120.6,119.93
2022-03-22 09:00:00+00:00,37352.2,0.86,7.72,204.5,123.6
2022-03-22 10:00:00+00:00,36628.0,2.24,7.49,280.8,140.9
2022-03-22 11:00:00+00:00,35568.9,2.09,8.8,311.5,85.62
2022-03-22 12:00:00+00:00,34409.3,2.65,7.64,335.1,89.99
2022-03-22 13:00:00+00:00,33167.6,2.79,8.33,420.1,86.86
2022-03-22 14:00:00+00:00,32262.8,4.06,8.21,349.5,68.11
2022-03-22 15:00:00+00:00,32977.5,3.52,8.63,280.2,89.89
2022-03-22 16:00:00+00:00,34626.6,4.56,6.68,198.5,134.24
2022-03-22 17:00:00+00:00,37698.8,4.39,6.49,100.2,137.79
2022-03-22 18:00:00+00:00,38035.5,3.36,7.09,0.0,141.09
2022-03-22 19:00:00+00:00,37029.5,2.5,7.04,0.0,128.02
2022-03-22 20:00:00+00:00,35667.0,1.46,8.02,0.0,122.04
2022-03-22 21:00:00+00:00,32889.2,0.1,8.92,0.0,106.9
2022-03-22 22:00:00+00:00,31199.3,-0.43,8.08,0.0,125.09
2022-03-22 23:00:00+00:00,31316.0,-1.7,8.67,0.0,99.4
2022-03-23 00:00:00+00:00,30990.0,-3.3,7.81,0.0,102.57
2022-03-23 01:00:00+00:00,29970.7,-3.77,7.81,0.0,97.36
2022-03-23 02:00:00+00:00,29546.5,-4.91,8.28,0.0,84.03
2022-03-23 03:00:00+00:00,29377.7,-5.2,7.57,0.0,72.02
2022-03-23 04:00:00+00:00,30347.6,-5.37,8.15,0.0,112.71
2022-03-23 05:00:00+00:00,31162.2,-5.32,7.7,0.0,111.66
2022-03-23 06:00:00+00:00,33218.1,-3.36,7.21,0.0,131.71
2022-03-23 07:00:00+00:00,35870.7,-2.46,7.75,63.0,131.41
2022-03-23 08:00:00+00:00,37769.2,-1.36,7.06,187.9,146.8
2022-03-23 09:00:00+00:00,38567.4,-1.43,6.37,281.2,121.61
2022-03-23 10:00:00+00:00,38060.9,-0.8,7.21,327.7,126.61
2022-03-23 11:00:00+00:00,37099.1,0.3,7.29,181.5,135.63
2022-03-23 12:00:00+00:00,36314.5,0.55,6.13,377.0,131.1
2022-03-23 13:00:00+00:00,35498.7,1.82,6.85,422.9,110.04
2022-03-23 14:00:00+00:00,34781.9,1.62,6.54,241.1,120.52
2022-03-23 15:00:00+00:00,34940.6,1.79,5.46,261.8,123.88
2022-03-23 16:00:00+00:00,36623.1,1.58,3.58,126.8,136.83
2022-03-23 17:00:00+00:00,38331.6,1.62,4.46,115.8,151.99
2022-03-23 18:00:00+00:00,39632.6,0.99,3.91,0.0,171.98
2022-03-23 19:00:00+00:00,37684.6,0.44,3.09,0.0,178.09
2022-03-23 20:00:00+00:00,35784.3,-0.19,3.79,0.0,159.75
2022-03-23 21:00:00+00:00,34528.7,-1.17,4.58,0.0,157.88
2022-03-23 22:00:00+00:00,32374.4,-1.42,4.08,0.0,137.45
2022-03-23 23:00:00+00:00,30824.9,-1.78,4.94,0.0,116.51
2022-03-24 00:00:00+00:00,29386.4,-2.12,6.65,0.0,113.61
2022-03-24 01:00:00+00:00,28955.1,-2.65,7.72,0.0,79.99
2022-03-24 02:00:00+00:00,27791.9,-2.26,8.62,0.0,77.72
2022-03-24 03:00:00+00:00,27896.8,-2.32,8.78,0.0,70.9
2022-03-24 04:00:00+00:00,28730.6,-2.21,8.35,0.0,76.53
2022-03-24 05:00:00+00:00,28907.7,-1.67,8.24,0.0,78.54
2022-03-24 06:00:00+00:00,30526.1,0.01,8.52,0.0,90.99
2022-03-24 07:00:00+00:00,33383.5,-0.03,7.46,106.0,114.74
2022-03-24 08:00:00+00:00,34892.0,1.32,6.84,96.0,122.49
2022-03-24 09:00:00+00:00,35203.2,1.1,5.73,211.4,128.14
2022-03-24 10:00:00+00:00,34396.2,2.18,5.97,176.5,124.1
2022-03-24 11:00:00+00:00,33582.8,4.01,6.09,282.2,85.41
2022-03-24 12:00:00+00:00,32803.6,5.06,5.63,334.6,104.4
2022-03-24 13:00:00+00:00,32059.9,5.76,6.34,331.9,87.26
2022-03-24 14:00:00+00:00,32295.8,5.83,5.55,375.7,80.84
2022-03-24 15:00:00+00:00,31826.8,6.07,5.09,306.2,104.25
2022-03-24 16:00:00+00:00,33814.0,5.93,5.79,133.1,123.2
2022-03-24 17:00:00+00:00,36355.8,5.27,6.58,96.4,137.69
2022-03-24 18:00:00+00:00,37645.9,4.75,5.98,0.0,161.09
2022-03-24 19:00:00+00:00,36166.1,4.37,6.21,0.0,137.22
2022-03-24 20:00:00+00:00,34105.6,3.31,5.64,0.0,124.83
2022-03-24 21:00:00+00:00,32851.1,2.18,5.55,0.0,127.29
2022-03-24 22:00:00+00:00,32406.0,0.73,5.74,0.0,119.42
2022-03-24 23:00:00+00:00,30560.7,0.4,6.24,0.0,137.26
2022-03-25 00:00:00+00:00,28950.1,0.38,6.53,0.0,97.47
2022-03-25 01:00:00+00:00,27491.8,0.18,6.76,0.0,88.73
2022-03-25 02:00:00+00:00,27218.0,0.59,5.93,0.0,82.75
2022-03-25 03:00:00+00:00,26465.9,0.64,6.29,0.0,74.64
2022-03-25 04:00:00+00:00,27234.1,1.08,6.76,0.0,70.39
2022-03-25 05:00:00+00:00,27402.9,1.65,7.31,0.0,81.72
2022-03-25 06:00:00+00:00,29783.5,2.16,6.73,0.0,100.3
2022-03-25 07:00:00+00:00,32987.1,2.54,7.46,92.3,121.94
2022-03-25 08:00:00+00:00,34298.0,4.68,6.41,184.1,115.38
2022-03-25 09:00:00+00:00,34916.3,5.24,6.1,324.6,109.06
2022-03-25 10:00:00+00:00,34743.4,5.67,5.93,255.6,120.3
2022-03-25 11:00:00+00:00,34437.2,6.71,4.99,214.6,122.98
2022-03-25 12:00:00+00:00,33171.7,7.54,4.87,222.3,126.12
2022-03-25 13:00:00+00:00,32327.5,7.22,5.15,314.1,117.71
2022-03-25 14:00:00+00:00,31446.9,8.27,3.81,251.3,109.39
2022-03-25 15:00:00+00:00,32412.8,8.36,3.66,308.7,102.52
2022-03-25 16:00:00+00:00,34590.0,7.64,2.46,162.7,140.83
2022-03-25 17:00:00+00:00,36987.2,8.12,4.29,80.0,154.89
2022-03-25 18:00:00+00:00,37665.5,8.07,4.59,0.0,147.49
2022-03-25 19:00:00+00:00,36931.3,6.72,4.81,0.0,152.49
2022-03-25 20:00:00+00:00,33817.4,7.11,5.1,0.0,120.17
2022-03-25 21:00:00+00:00,31678.5,6.75,5.67,0.0,123.44
2022-03-25 22:00:00+00:00,29518.3,5.98,6.5,0.0,90.74
2022-03-25 23:00:00+00:00,27468.3,6.22,5.3,0.0,92.75
2022-03-26 00:00:00+00:00,24168.9,5.8,6.41,0.0,68.68
2022-03-26 01:00:00+00:00,23509.1,5.28,7.41,0.0,47.98
2022-03-26 02:00:00+00:00,23318.2,4.56,7.34,0.0,60.56
2022-03-26 03:00:00+00:00,23466.9,4.8,7.23,0.0,50.82
2022-03-26 04:00:00+00:00,22582.0,5.17,4.79,0.0,84.36
2022-03-26 05:00:00+00:00,24448.0,5.45,3.93,0.0,98.71
2022-03-26 06:00:00+00:00,26513.3,5.42,4.49,0.0,106.55
2022-03-26 07:00:00+00:00,29861.6,6.11,5.55,64.6,105.98
2022-03-26 08:00:00+00:00,31115.4,6.78,6.2,166.9,104.6
2022-03-26 09:00:00+00:00,31849.3,6.74,6.18,285.8,95.4
2022-03-26 10:00:00+00:00,31330.5,6.65,7.72,223.1,95.6
2022-03-26 11:00:00+00:00,30105.8,7.75,8.47,379.8,83.93
2022-03-26 12:00:00+00:00,30556.4,6.83,8.09,207.8,74.93
2022-03-26 13:00:00+00:00,28563.3,7.51,9.74,382.8,55.65
2022-03-26 14:00:00+00:00,27975.0,7.58,8.75,177.2,50.78
2022-03-26 15:00:00+00:00,28595.4,8.55,7.51,186.9,73.5
2022-03-26 16:00:00+00:00,30545.5,8.19,7.16,129.3,94.77
2022-03-26 17:00:00+00:00,32691.1,8.35,6.56,112.9,115.88
2022-03-26 18:00:00+00:00,34771.6,7.67,6.29,0.0,141.52
2022-03-26 19:00:00+00:00,34361.6,7.17,6.95,0.0,141.83
2022-03-26 20:00:00+00:00,32226.9,6.93,6.93,0.0,102.06
2022-03-26 21:00:00+00:00,30989.3,5.9,6.92,0.0,117.37
2022-03-26 22:00:00+00:00,29131.0,5.76,6.97,0.0,115.3
2022-03-26 23:00:00+00:00,27526.1,4.46,5.17,0.0,93.66
2022-03-27 00:00:00+00:00,25969.8,4.18,4.07,0.0,88.99
2022-03-27 01:00:00+00:00,24629.7,4.29,3.92,0.0,88.87
2022-03-27 02:00:00+00:00,23214.4,4.39,3.41,0.0,80.41
2022-03-27 03:00:00+00:00,22807.2,5.44,3.41,0.0,77.31
2022-03-27 04:00:00+00:00,23084.5,5.05,4.69,0.0,88.62
2022-03-27 05:00:00+00:00,24529.5,4.5,4.75,0.0,106.41
2022-03-27 06:00:00+00:00,26995.9,4.39,3.83,0.0,99.17
2022-03-27 07:00:00+00:00,29218.6,5.43,3.36,99.0,134.25
2022-03-27 08:00:00+00:00,30685.8,6.46,4.88,211.3,100.09
2022-03-27 09:00:00+00:00,30419.2,7.3,6.19,182.1,104.69
2022-03-27 10:00:00+00:00,30336.9,7.4,6.69,191.5,82.77
2022-03-27 11:00:00+00:00,29261.0,8.6,5.49,389.9,70.17
2022-03-27 12:00:00+00:00,28853.7,8.49,5.8,314.7,77.03
2022-03-27 13:00:00+00:00,27057.8,9.69,6.16,316.1,75.79
2022-03-27 14:00:00+00:00,26221.0,11.71,6.23,351.0,61.69
2022-03-27 15:00:00+00:00,27012.3,11.99,5.82,184.7,62.1
2022-03-27 16:00:00+00:00,29076.2,12.18,5.59,108.4,84.31
2022-03-27 17:00:00+00:00,32404.0,11.53,5.16,119.3,101.87
2022-03-27 18:00:00+00:00,33543.1,9.91,4.36,0.0,142.1
2022-03-27 19:00:00+00:00,32337.0,8.91,5.56,0.0,126.69
2022-03-27 20:00:00+00:00,31322.5,7.53,6.32,0.0,116.31
2022-03-27 21:00:00+00:00,29837.6,5.9,6.13,0.0,108.32
2022-03-27 22:00:00+00:00,27443.5,6.2,6.45,0.0,83.48
2022-03-27 23:00:00+00:00,26816.2,5.65,6.78,0.0,87.21
2022-03-28 00:00:00+00:00,27620.1,5.39,8.63,0.0,94.73
2022-03-28 01:00:00+00:00,26333.5,4.72,9.23,0.0,75.13
2022-03-28 02:00:00+00:00,25385.3,4.32,9.77,0.0,49.14
2022-03-28 03:00:00+00:00,24818.5,4.8,9.66,0.0,54.69
2022-03-28 04:00:00+00:00,25614.5,4.87,9.19,0.0,59.09
2022-03-28 05:00:00+00:00,26800.6,5.48,10.16,0.0,76.07
2022-03-28 06:00:00+00:00,29631.8,5.82,10.51,0.0,71.77
2022-03-28 07:00:00+00:00,32445.5,6.22,9.69,98.3,98.43
2022-03-28 08:00:00+00:00,33096.8,6.09,9.91,150.6,92.14
2022-03-28 09:00:00+00:00,34179.5,5.69,10.42,205.8,87.57
2022-03-28 10:00:00+00:00,33954.8,6.36,8.61,185.6,107.32
2022-03-28 11:00:00+00:00,33324.3,7.17,7.81,455.5,84.15
2022-03-28 12:00:00+00:00,33591.6,7.08,8.05,390.8,98.76
2022-03-28 13:00:00+00:00,32542.7,7.6,6.49,212.8,101.38
2022-03-28 14:00:00+00:00,32275.4,8.01,5.14,257.1,96.98
2022-03-28 15:00:00+00:00,32405.5,6.89,5.02,151.8,115.75
2022-03-28 16:00:00+00:00,33737.1,6.34,5.5,173.6,124.14
2022-03-28 17:00:00+00:00,35986.1,6.4,6.0,101.7,143.75
2022-03-28 18:00:00+00:00,36964.9,6.27,7.28,0.0,142.03
2022-03-28 19:00:00+00:00,36336.1,5.05,7.33,0.0,148.29
2022-03-28 20:00:00+00:00,34018.0,4.54,7.03,0.0,114.21
2022-03-28 21:00:00+00:00,32780.0,4.48,6.0,0.0,135.53
2022-03-28 22:00:00+00:00,30025.2,4.26,5.75,0.0,116.26
2022-03-28 23:00:00+00:00,28538.3,3.55,6.37,0.0,93.9
2022-03-29 00:00:00+00:00,27684.3,2.85,6.99,0.0,100.35
2022-03-29 01:00:00+00:00,26972.9,2.07,7.2,0.0,87.6
2022-03-29 02:00:00+00:00,26570.2,2.14,7.61,0.0,92.6
2022-03-29 03:00:00+00:00,27229.3,2.23,8.58,0.0,70.8
2022-03-29 04:00:00+00:00,26826.2,2.77,8.56,0.0,69.44
2022-03-29 05:00:00+00:00,27877.4,3.21,9.55,0.0,82.73
2022-03-29 06:00:00+00:00,29724.7,4.23,8.86,0.0,92.75
2022-03-29 07:00:00+00:00,32801.3,4.94,8.71,57.6,92.82
2022-03-29 08:00:00+00:00,34172.9,6.17,8.24,103.6,133.33
2022-03-29 09:00:00+00:00,34199.8,7.48,8.8,342.2,112.13
2022-03-29 10:00:00+00:00,33258.4,7.78,7.92,336.1,96.1
2022-03-29 11:00:00+00:00,32894.6,7.43,7.62,202.9,96.34
2022-03-29 12:00:00+00:00,31596.7,9.03,6.14,419.0,81.25
2022-03-29 13:00:00+00:00,30674.8,9.68,6.64,289.0,92.85
2022-03-29 14:00:00+00:00,30416.3,8.96,7.64,368.9,90.7
2022-03-29 15:00:00+00:00,30777.6,8.68,8.32,332.7,103.89
2022-03-29 16:00:00+00:00,32430.9,9.1,8.89,100.9,97.97
2022-03-29 17:00:00+00:00,35010.5,8.67,9.45,122.9,108.29
2022-03-29 18:00:00+00:00,36250.1,7.93,9.87,0.0,124.2
2022-03-29 19:00:00+00:00,34408.7,8.2,10.21,0.0,117.08
2022-03-29 20:00:00+00:00,33056.4,6.87,10.58,0.0,94.35
2022-03-29 21:00:00+00:00,31189.4,5.66,9.89,0.0,81.81
2022-03-29 22:00:00+00:00,28969.2,5.06,9.59,0.0,81.42
2022-03-29 23:00:00+00:00,27546.1,4.63,9.51,0.0,78.72
2022-03-30 00:00:00+00:00,25432.3,4.48,9.13,0.0,82.19
2022-03-30 01:00:00+00:00,25699.8,4.58,7.79,0.0,63.05
2022-03-30 02:00:00+00:00,25482.9,4.41,6.79,0.0,89.28
2022-03-30 03:00:00+00:00,25269.9,4.61,6.98,0.0,74.67
2022-03-30 04:00:00+00:00,25341.8,4.56,7.69,0.0,69.86
2022-03-30 05:00:00+00:00,26490.3,4.9,7.66,0.0,63.83
2022-03-30 06:00:00+00:00,28159.2,5.45,9.79,0.0,81.79
2022-03-30 07:00:00+00:00,31219.2,6.2,8.93,58.8,99.4
2022-03-30 08:00:00+00:00,31867.3,7.39,9.18,109.4,118.22
2022-03-30 09:00:00+00:00,31677.1,8.48,10.08,250.7,76.8
2022-03-30 10:00:00+00:00,31333.4,9.26,10.76,327.1,83.69
2022-03-30 11:00:00+00:00,31912.9,9.47,11.09,370.7,63.71
2022-03-30 12:00:00+00:00,30958.1,10.13,11.72,224.0,64.76
2022-03-30 13:00:00+00:00,30507.8,10.57,11.53,430.1,34.89
2022-03-30 14:00:00+00:00,29231.5,10.98,12.6,295.2,59.45
2022-03-30 15:00:00+00:00,29276.3,12.39,13.32,215.7,51.43
2022-03-30 16:00:00+00:00,32249.5,11.93,12.34,172.6,76.26
2022-03-30 17:00:00+00:00,34923.2,11.84,12.33,54.0,98.09
2022-03-30 18:00:00+00:00,34813.1,11.95,10.85,0.0,114.55
2022-03-30 19:00:00+00:00,33731.6,11.33,11.85,0.0,93.22
2022-03-30 20:00:00+00:00,31313.8,11.94,11.78,0.0,90.69
2022-03-30 21:00:00+00:00,30328.2,10.83,12.6,0.0,66.34
2022-03-30 22:00:00+00:00,28143.1,10.15,12.23,0.0,63.42
2022-03-30 23:00:00+00:00,26200.6,8.85,10.52,0.0,67.34
2022-03-31 00:00:00+00:00,25374.6,8.07,12.4,0.0,61.3
2022-03-31 01:00:00+00:00,24136.2,7.67,12.24,0.0,42.81
2022-03-31 02:00:00+00:00,22674.5,7.81,11.19,0.0,50.56
2022-03-31 03:00:00+00:00,22618.8,7.81,11.88,0.0,33.43
2022-03-31 04:00:00+00:00,22903.6,8.57,13.23,0.0,18.65
2022-03-31 05:00:00+00:00,24444.1,8.71,12.76,0.0,60.6
2022-03-31 06:00:00+00:00,27377.5,8.88,12.39,0.0,58.22
2022-03-31 07:00:00+00:00,29456.4,11.03,12.31,117.1,73.35
2022-03-31 08:00:00+00:00,30312.2,11.84,11.17,233.9,60.53
2022-03-31 09:00:00+00:00,30628.7,12.04,10.43,238.4,77.57
2022-03-31 10:00:00+00:00,30742.5,12.28,11.65,218.3,71.35
2022-03-31 11:00:00+00:00,31141.6,12.32,11.31,247.6,70.0
2022-03-31 12:00:00+00:00,30455.0,13.41,10.44,285.2,88.19
2022-03-31 13:00:00+00:00,29758.3,13.57,9.92,256.5,72.92
2022-03-31 14:00:00+00:00,29274.0,13.85,10.61,272.7,57.11
2022-03-31 15:00:00+00:00,29626.2,13.82,8.88,247.6,89.81
2022-03-31 16:00:00+00:00,32228.6,14.06,8.99,112.5,80.74
2022-03-31 17:00:00+00:00,34793.0,13.15,10.81,121.8,89.14
2022-03-31 18:00:00+00:00,35925.5,11.95,12.21,0.0,120.55
2022-03-31 19:00:00+00:00,34589.2,11.4,12.4,0.0,105.0
2022-03-31 20:00:00+00:00,32294.0,10.97,13.16,0.0,79.4
2022-03-31 21:00:00+00:00,29756.7,10.32,13.87,0.0,69.72
2022-03-31 22:00:00+00:00,27237.7,8.99,13.43,0.0,63.74
2022-03-31 23:00:00+00:00,25534.5,8.61,13.83,0.0,30.13
2022-04-01 00:00:00+00:00,25538.0,7.6,14.89,0.0,34.15
2022-04-01 01:00:00+00:00,25309.7,6.76,13.51,0.0,41.52
2022-04-01 02:00:00+00:00,24548.6,5.85,13.63,0.0,38.96
2022-04-01 03:00:00+00:00,24026.0,6.5,13.58,0.0,39.48
2022-04-01 04:00:00+00:00,24311.8,6.94,13.33,0.0,16.42
2022-04-01 05:00:00+00:00,25017.2,7.54,13.03,0.0,47.35
2022-04-01 06:00:00+00:00,27680.5,8.7,12.91,0.0,39.55
2022-04-01 07:00:00+00:00,30152.9,10.92,12.86,92.6,66.71
2022-04-01 08:00:00+00:00,32191.9,10.49,13.44,164.8,60.43
2022-04-01 09:00:00+00:00,32630.1,10.72,13.49,298.1,65.71
2022-04-01 10:00:00+00:00,31714.7,11.04,13.03,224.6,72.71
2022-04-01 11:00:00+00:00,32040.2,11.19,12.07,234.6,73.05
2022-04-01 12:00:00+00:00,31964.3,11.11,11.45,377.1,58.61
2022-04-01 13:00:00+00:00,31342.1,11.37,11.43,411.1,45.9
2022-04-01 14:00:00+00:00,30761.9,10.92,10.66,304.6,67.07
2022-04-01 15:00:00+00:00,30624.0,11.22,11.21,311.2,59.07
2022-04-01 16:00:00+00:00,32711.1,11.14,11.34,227.8,84.36
2022-04-01 17:00:00+00:00,35597.7,11.12,12.02,123.8,97.85
2022-04-01 18:00:00+00:00,37233.1,10.93,11.27,0.0,138.97
2022-04-01 19:00:00+00:00,35265.2,10.64,10.4,0.0,118.27
2022-04-01 20:00:00+00:00,33337.4,9.66,11.12,0.0,111.57
2022-04-01 21:00:00+00:00,30027.3,10.12,11.02,0.0,78.09
2022-04-01 22:00:00+00:00,26903.0,9.42,10.66,0.0,73.64
2022-04-01 23:00:00+00:00,26379.3,7.51,11.02,0.0,67.43
2022-04-02 00:00:00+00:00,23226.4,6.39,11.34,0.0,33.77
2022-04-02 01:00:00+00:00,21962.1,4.85,10.14,0.0,24.5
2022-04-02 02:00:00+00:00,21311.8,4.58,11.06,0.0,43.27
2022-04-02 03:00:00+00:00,21626.8,4.42,10.54,0.0,31.12
2022-04-02 04:00:00+00:00,22450.0,4.26,11.69,0.0,27.58
2022-04-02 05:00:00+00:00,22527.9,5.8,10.41,0.0,38.42
2022-04-02 06:00:00+00:00,25487.0,6.59,10.49,0.0,49.3
2022-04-02 07:00:00+00:00,27912.6,7.63,10.17,99.4,74.2
2022-04-02 08:00:00+00:00,29954.8,7.76,8.47,203.2,81.79
2022-04-02 09:00:00+00:00,30620.3,7.92,8.91,268.2,79.35
2022-04-02 10:00:00+00:00,30395.1,8.73,7.31,436.8,85.37
2022-04-02 11:00:00+00:00,29426.9,9.56,7.07,210.0,86.83
2022-04-02 12:00:00+00:00,29442.6,9.06,7.93,329.4,88.45
2022-04-02 13:00:00+00:00,28924.9,9.47,7.47,455.4,62.82
2022-04-02 14:00:00+00:00,28471.4,9.81,6.74,220.8,66.08
2022-04-02 15:00:00+00:00,28885.4,9.82,7.38,267.3,67.97
2022-04-02 16:00:00+00:00,31439.5,9.26,7.16,182.0,92.19
2022-04-02 17:00:00+00:00,33784.3,8.69,6.84,116.7,121.13
2022-04-02 18:00:00+00:00,35171.3,8.17,7.84,0.0,146.53
2022-04-02 19:00:00+00:00,33705.4,7.66,6.89,0.0,129.56
2022-04-02 20:00:00+00:00,32329.8,7.36,6.53,0.0,119.06
2022-04-02 21:00:00+00:00,29475.1,7.27,7.23,0.0,97.41
2022-04-02 22:00:00+00:00,28018.6,6.34,6.26,0.0,102.43
2022-04-02 23:00:00+00:00,26233.1,5.37,7.68,0.0,82.73
2022-04-03 00:00:00+00:00,26011.6,5.18,7.48,0.0,86.34
2022-04-03 01:00:00+00:00,24814.2,5.1,8.14,0.0,60.58
2022-04-03 02:00:00+00:00,24584.9,4.55,8.77,0.0,85.39
2022-04-03 03:00:00+00:00,23810.8,4.95,8.56,0.0,55.92
2022-04-03 04:00:00+00:00,23965.2,5.65,8.11,0.0,56.39
2022-04-03 05:00:00+00:00,24856.1,6.71,8.02,0.0,80.53
2022-04-03 06:00:00+00:00,26388.2,8.22,8.52,0.0,84.07
2022-04-03 07:00:00+00:00,29547.0,8.26,7.68,103.3,84.71
2022-04-03 08:00:00+00:00,29368.6,8.94,6.7,241.0,92.22
2022-04-03 09:00:00+00:00,29536.5,9.68,7.88,361.9,67.15
2022-04-03 10:00:00+00:00,29458.8,10.35,7.26,386.3,76.72
2022-04-03 11:00:00+00:00,29406.3,10.64,7.52,386.5,73.13
2022-04-03 12:00:00+00:00,29718.2,10.34,7.34,345.3,102.09
2022-04-03 13:00:00+00:00,28763.9,10.88,7.2,442.4,78.59
2022-04-03 14:00:00+00:00,28342.4,10.71,8.31,367.4,72.24
2022-04-03 15:00:00+00:00,29000.4,10.88,8.17,249.3,82.41
2022-04-03 16:00:00+00:00,31479.4,10.31,7.84,180.5,83.88
2022-04-03 17:00:00+00:00,34420.0,9.37,7.58,71.7,125.11
2022-04-03 18:00:00+00:00,35177.7,9.08,7.16,0.0,130.88
2022-04-03 19:00:00+00:00,34878.0,8.58,6.63,0.0,135.84
2022-04-03 20:00:00+00:00,32607.2,8.24,6.26,0.0,125.61
2022-04-03 21:00:00+00:00,30116.4,8.8,7.59,0.0,85.44
2022-04-03 22:00:00+00:00,28449.3,8.17,8.12,0.0,86.91
2022-04-03 23:00:00+00:00,27170.4,7.71,7.8,0.0,85.12
2022-04-04 00:00:00+00:00,28522.1,6.55,8.52,0.0,97.29
2022-04-04 01:00:00+00:00,27003.9,5.29,7.21,0.0,78.22
2022-04-04 02:00:00+00:00,25971.0,5.95,8.27,0.0,66.21
2022-04-04 03:00:00+00:00,25963.8,5.28,9.22,0.0,60.39
2022-04-04 04:00:00+00:00,27138.0,4.76,10.86,0.0,63.98
2022-04-04 05:00:00+00:00,29214.8,5.05,11.46,0.0,65.13
2022-04-04 06:00:00+00:00,30641.1,5.5,11.58,0.0,97.6
2022-04-04 07:00:00+00:00,33611.6,5.6,12.36,118.6,97.17
2022-04-04 08:00:00+00:00,34448.9,6.17,11.6,256.5,115.76
2022-04-04 09:00:00+00:00,34173.8,7.73,11.06,327.4,79.46
2022-04-04 10:00:00+00:00,33494.3,8.04,10.81,290.8,93.31
2022-04-04 11:00:00+00:00,33917.4,7.96,11.69,347.4,66.29
2022-04-04 12:00:00+00:00,33054.9,9.2,10.78,257.7,99.29
2022-04-04 13:00:00+00:00,32100.2,10.01,9.84,411.9,70.72
2022-04-04 14:00:00+00:00,31669.8,9.96,9.88,302.0,77.13
2022-04-04 15:00:00+00:00,32306.5,9.16,10.3,337.3,89.76
2022-04-04 16:00:00+00:00,34329.1,8.67,9.59,206.4,114.59
2022-04-04 17:00:00+00:00,36364.2,8.41,9.98,67.8,112.71
2022-04-04 18:00:00+00:00,36330.2,8.71,10.9,0.0,121.17
2022-04-04 19:00:00+00:00,34788.4,7.52,11.65,0.0,123.22
2022-04-04 20:00:00+00:00,32433.3,6.82,11.69,0.0,90.93
2022-04-04 21:00:00+00:00,30842.5,6.51,11.38,0.0,89.79
2022-04-04 22:00:00+00:00,29120.0,4.36,12.52,0.0,75.64
2022-04-04 23:00:00+00:00,28019.5,4.35,12.26,0.0,79.18
2022-04-05 00:00:00+00:00,27470.3,3.23,12.73,0.0,65.93
2022-04-05 01:00:00+00:00,25585.8,3.05,13.98,0.0,38.8
2022-04-05 02:00:00+00:00,25048.9,2.98,14.28,0.0,16.75
2022-04-05 03:00:00+00:00,23770.5,3.61,13.14,0.0,41.93
2022-04-05 04:00:00+00:00,23732.9,4.09,11.86,0.0,43.3
2022-04-05 05:00:00+00:00,25517.0,3.01,11.39,0.0,72.62
2022-04-05 06:00:00+00:00,27815.7,3.1,11.72,0.0,72.6
2022-04-05 07:00:00+00:00,31731.5,3.9,11.83,99.7,76.9
2022-04-05 08:00:00+00:00,33731.2,4.6,13.32,148.6,70.58
2022-04-05 09:00:00+00:00,33779.6,5.76,13.34,335.9,68.01
2022-04-05 10:00:00+00:00,33973.5,7.09,12.77,397.5,73.19
2022-04-05 11:00:00+00:00,32714.4,8.24,11.59,355.2,72.46
2022-04-05 12:00:00+00:00,32079.9,8.78,12.29,306.7,54.74
2022-04-05 13:00:00+00:00,32130.9,8.21,12.02,464.7,29.88
2022-04-05 14:00:00+00:00,31247.4,8.32,10.59,416.0,54.11
2022-04-05 15:00:00+00:00,31756.5,8.76,10.43,262.4,54.29
2022-04-05 16:00:00+00:00,33938.7,8.09,9.48,219.1,90.22
2022-04-05 17:00:00+00:00,36504.7,8.26,9.02,78.0,130.48
2022-04-05 18:00:00+00:00,38077.7,8.42,8.92,0.0,158.11
2022-04-05 19:00:00+00:00,36741.1,7.93,8.12,0.0,115.5
2022-04-05 20:00:00+00:00,35427.9,5.43,7.68,0.0,124.22
2022-04-05 21:00:00+00:00,33009.6,4.0,7.07,0.0,127.25
2022-04-05 22:00:00+00:00,30503.2,4.49,6.5,0.0,106.81
2022-04-05 23:00:00+00:00,28819.3,3.54,5.74,0.0,106.98
2022-04-06 00:00:00+00:00,28180.2,1.96,5.42,0.0,107.0
2022-04-06 01:00:00+00:00,26641.0,2.36,4.8,0.0,93.23
2022-04-06 02:00:00+00:00,26394.8,2.18,5.37,0.0,104.86
2022-04-06 03:00:00+00:00,25402.2,2.85,5.61,0.0,109.87
2022-04-06 04:00:00+00:00,25758.5,3.2,6.61,0.0,71.64
2022-04-06 05:00:00+00:00,26299.2,3.85,8.11,0.0,86.76
2022-04-06 06:00:00+00:00,27740.1,4.6,8.58,0.0,104.67
2022-04-06 07:00:00+00:00,30442.8,5.7,8.86,107.8,105.06
2022-04-06 08:00:00+00:00,31890.6,7.83,9.34,160.7,85.96
2022-04-06 09:00:00+00:00,31782.2,9.19,9.59,243.5,81.62
2022-04-06 10:00:00+00:00,32111.7,9.0,9.5,337.5,63.29
2022-04-06 11:00:00+00:00,31411.9,10.0,9.35,500.9,59.76
2022-04-06 12:00:00+00:00,30296.8,11.31,8.43,492.4,58.95
2022-04-06 13:00:00+00:00,29710.8,12.49,9.02,240.9,80.37
2022-04-06 14:00:00+00:00,29235.2,12.5,8.89,342.8,54.93
2022-04-06 15:00:00+00:00,29564.9,13.27,9.93,298.9,66.55
2022-04-06 16:00:00+00:00,30643.8,13.67,10.5,158.9,81.4
2022-04-06 17:00:00+00:00,32860.6,14.85,9.84,77.2,97.45
2022-04-06 18:00:00+00:00,34585.3,13.81,10.67,0.0,121.91
2022-04-06 19:00:00+00:00,33694.7,12.79,8.48,0.0,115.47
2022-04-06 20:00:00+00:00,32391.4,11.81,9.92,0.0,107.69
2022-04-06 21:00:00+00:00,30951.8,10.66,8.73,0.0,89.26
2022-04-06 22:00:00+00:00,29098.2,9.29,9.03,0.0,81.73
2022-04-06 23:00:00+00:00,28485.7,6.86,9.26,0.0,94.19
2022-04-07 00:00:00+00:00,27230.6,6.12,10.03,0.0,56.23
2022-04-07 01:00:00+00:00,26255.9,5.88,9.62,0.0,76.83
2022-04-07 02:00:00+00:00,25761.7,5.3,7.81,0.0,72.84
2022-04-07 03:00:00+00:00,25782.0,6.37,7.51,0.0,57.53
2022-04-07 04:00:00+00:00,25920.8,6.46,7.32,0.0,75.31
2022-04-07 05:00:00+00:00,25916.9,7.52,5.7,0.0,95.82
2022-04-07 06:00:00+00:00,28142.0,8.11,5.8,0.0,124.37
2022-04-07 07:00:00+00:00,30232.7,9.18,5.02,85.8,130.55
2022-04-07 08:00:00+00:00,32070.7,10.01,5.62,261.1,97.73
2022-04-07 09:00:00+00:00,32378.7,11.55,5.5,374.1,109.42
2022-04-07 10:00:00+00:00,31726.3,12.27,7.11,323.5,88.01
2022-04-07 11:00:00+00:00,30575.5,13.21,6.9,232.3,87.15
2022-04-07 12:00:00+00:00,30121.2,13.96,7.24,513.5,78.52
2022-04-07 13:00:00+00:00,29079.8,14.17,7.07,372.1,75.64
2022-04-07 14:00:00+00:00,28346.4,14.63,5.79,225.9,88.69
2022-04-07 15:00:00+00:00,28447.7,15.98,5.69,320.3,63.97
2022-04-07 16:00:00+00:00,30709.8,15.59,6.35,219.2,88.4
2022-04-07 17:00:00+00:00,32530.8,15.42,6.85,67.6,108.19
2022-04-07 18:00:00+00:00,33295.8,15.58,6.63,0.0,132.99
2022-04-07 19:00:00+00:00,33106.8,15.5,5.51,0.0,140.11
2022-04-07 20:00:00+00:00,31998.0,14.62,6.09,0.0,140.38
2022-04-07 21:00:00+00:00,31138.9,12.26,6.46,0.0,106.46
2022-04-07 22:00:00+00:00,28707.0,11.69,7.15,0.0,115.17
2022-04-07 23:00:00+00:00,27849.8,9.52,6.93,0.0,91.04
2022-04-08 00:00:00+00:00,26109.0,9.85,5.61,0.0,91.09
2022-04-08 01:00:00+00:00,23710.0,9.38,6.1,0.0,72.12
2022-04-08 02:00:00+00:00,22890.5,9.59,6.14,0.0,70.72
2022-04-08 03:00:00+00:00,22806.8,8.84,7.27,0.0,68.55
2022-04-08 04:00:00+00:00,23626.2,7.92,7.28,0.0,76.83
2022-04-08 05:00:00+00:00,25016.1,8.32,7.23,0.0,72.63
2022-04-08 06:00:00+00:00,28064.3,8.71,7.54,0.0,92.56
2022-04-08 07:00:00+00:00,30872.8,8.98,7.05,82.2,96.18
2022-04-08 08:00:00+00:00,31859.1,9.7,6.54,212.6,111.34
2022-04-08 09:00:00+00:00,31484.7,12.09,6.49,238.9,103.39
2022-04-08 10:00:00+00:00,31360.7,13.27,5.79,299.4,91.61
2022-04-08 11:00:00+00:00,30507.2,14.52,5.68,435.1,72.71
2022-04-08 12:00:00+00:00,29648.0,15.52,7.26,494.4,68.79
2022-04-08 13:00:00+00:00,29345.0,16.75,8.06,473.6,75.61
2022-04-08 14:00:00+00:00,28532.4,16.78,8.25,254.5,88.3
2022-04-08 15:00:00+00:00,28541.2,15.49,9.4,306.7,49.59
2022-04-08 16:00:00+00:00,30690.8,15.17,8.63,152.8,99.99
2022-04-08 17:00:00+00:00,32829.9,15.25,10.5,109.7,104.49
2022-04-08 18:00:00+00:00,34064.7,14.08,9.97,0.0,128.58
2022-04-08 19:00:00+00:00,33030.9,13.26,11.38,0.0,105.63
2022-04-08 20:00:00+00:00,31494.3,12.04,12.73,0.0,81.06
2022-04-08 21:00:00+00:00,29035.8,12.09,11.07,0.0,86.48
2022-04-08 22:00:00+00:00,27109.4,11.67,12.01,0.0,36.21
2022-04-08 23:00:00+00:00,25165.9,11.23,11.54,0.0,42.96
2022-04-09 00:00:00+00:00,22759.6,11.0,10.87,0.0,33.38
2022-04-09 01:00:00+00:00,21598.5,10.37,11.09,0.0,27.22
2022-04-09 02:00:00+00:00,21408.6,10.07,10.09,0.0,22.98
2022-04-09 03:00:00+00:00,21756.1,9.14,10.33,0.0,33.35
2022-04-09 04:00:00+00:00,22296.5,7.84,9.43,0.0,41.58
2022-04-09 05:00:00+00:00,22888.7,8.18,9.45,0.0,47.96
2022-04-09 06:00:00+00:00,25433.7,8.79,10.37,0.0,63.73
2022-04-09 07:00:00+00:00,27279.2,10.08,10.5,99.5,51.58
2022-04-09 08:00:00+00:00,28012.5,11.67,10.05,257.5,55.06
2022-04-09 09:00:00+00:00,28473.0,13.29,10.32,313.0,55.99
2022-04-09 10:00:00+00:00,28470.3,13.33,9.05,239.6,50.48
2022-04-09 11:00:00+00:00,27801.2,13.74,8.29,447.9,53.38
2022-04-09 12:00:00+00:00,27114.2,14.55,7.89,291.7,65.8
2022-04-09 13:00:00+00:00,26147.8,16.45,8.46,462.4,49.84
2022-04-09 14:00:00+00:00,27030.3,17.49,8.71,213.3,50.98
2022-04-09 15:00:00+00:00,27753.0,18.09,9.04,189.2,66.95
2022-04-09 16:00:00+00:00,29062.0,17.58,8.92,264.9,83.95
2022-04-09 17:00:00+00:00,31299.4,16.58,8.2,81.1,84.7
2022-04-09 18:00:00+00:00,32478.6,16.42,9.31,0.0,108.96
2022-04-09 19:00:00+00:00,30501.1,14.98,8.65,0.0,85.52
2022-04-09 20:00:00+00:00,28581.8,13.98,8.89,0.0,83.62
2022-04-09 21:00:00+00:00,26808.4,13.01,8.71,0.0,70.22
2022-04-09 22:00:00+00:00,24089.5,13.07,9.06,0.0,63.79
2022-04-09 23:00:00+00:00,23353.4,11.99,8.49,0.0,55.81
2022-04-10 00:00:00+00:00,22652.3,9.9,9.24,0.0,37.76
2022-04-10 01:00:00+00:00,21586.4,9.64,10.2,0.0,54.15
2022-04-10 02:00:00+00:00,21427.9,8.83,10.82,0.0,36.44
2022-04-10 03:00:00+00:00,21954.2,8.68,10.75,0.0,48.06
2022-04-10 04:00:00+00:00,22125.5,8.65,10.22,0.0,31.13
2022-04-10 05:00:00+00:00,24191.2,8.71,12.27,0.0,39.51
2022-04-10 06:00:00+00:00,25841.5,9.6,11.23,0.0,68.96
2022-04-10 07:00:00+00:00,28717.7,9.22,11.71,111.0,58.16
2022-04-10 08:00:00+00:00,30686.4,9.59,11.73,198.8,70.98
2022-04-10 09:00:00+00:00,31537.9,10.74,11.45,339.6,66.9
2022-04-10 10:00:00+00:00,30968.9,11.1,11.37,455.5,32.59
2022-04-10 11:00:00+00:00,31103.8,10.82,10.75,422.5,62.07
2022-04-10 12:00:00+00:00,30506.1,11.84,10.9,505.2,48.25
2022-04-10 13:00:00+00:00,28822.7,12.97,10.95,218.5,61.05
2022-04-10 14:00:00+00:00,28245.2,13.21,12.85,332.2,33.63
2022-04-10 15:00:00+00:00,28806.3,12.1,13.39,300.5,30.65
2022-04-10 16:00:00+00:00,29909.4,12.42,13.48,145.1,52.77
2022-04-10 17:00:00+00:00,32884.7,11.11,13.6,71.6,78.11
2022-04-10 18:00:00+00:00,33913.4,10.84,14.71,0.0,94.8
2022-04-10 19:00:00+00:00,32999.7,9.7,13.57,0.0,83.84
2022-04-10 20:00:00+00:00,31413.4,8.31,13.09,0.0,83.58
2022-04-10 21:00:00+00:00,29347.1,7.31,11.3,0.0,81.8
2022-04-10 22:00:00+00:00,28389.2,6.48,11.52,0.0,67.45
2022-04-10 23:00:00+00:00,26887.3,5.43,11.96,0.0,71.21
2022-04-11 00:00:00+00:00,28317.4,5.36,10.93,0.0,71.88
2022-04-11 01:00:00+00:00,27316.4,4.67,11.86,0.0,59.03
2022-04-11 02:00:00+00:00,27014.3,5.02,11.05,0.0,78.23
2022-04-11 03:00:00+00:00,25990.4,5.13,10.58,0.0,64.96
2022-04-11 04:00:00+00:00,26160.2,4.84,10.5,0.0,41.17
2022-04-11 05:00:00+00:00,27074.9,4.67,11.57,0.0,38.21
2022-04-11 06:00:00+00:00,29309.6,4.22,10.67,0.0,99.01
2022-04-11 07:00:00+00:00,32082.0,5.1,10.71,140.2,90.21
2022-04-11 08:00:00+00:00,33512.8,5.69,11.13,217.0,88.44
2022-04-11 09:00:00+00:00,33679.6,5.13,11.37,280.5,63.15
2022-04-11 10:00:00+00:00,33447.8,5.71,11.63,358.1,75.53
2022-04-11 11:00:00+00:00,32982.0,6.02,11.99,371.7,60.72
2022-04-11 12:00:00+00:00,32565.1,7.73,11.31,415.5,66.16
2022-04-11 13:00:00+00:00,31509.0,7.3,12.41,403.7,50.59
2022-04-11 14:00:00+00:00,31294.8,6.87,12.05,339.2,60.28
2022-04-11 15:00:00+00:00,31074.1,7.8,11.61,347.7,65.58
2022-04-11 16:00:00+00:00,33090.9,8.64,12.43,178.7,87.21
2022-04-11 17:00:00+00:00,35584.3,8.0,11.67,67.8,109.91
2022-04-11 18:00:00+00:00,37361.6,7.26,11.69,0.0,127.09
2022-04-11 19:00:00+00:00,35895.1,7.13,10.89,0.0,103.71
2022-04-11 20:00:00+00:00,34788.7,5.12,12.66,0.0,104.5
2022-04-11 21:00:00+00:00,33812.8,3.38,14.18,0.0,93.35
2022-04-11 22:00:00+00:00,31034.8,2.61,13.74,0.0,76.23
2022-04-11 23:00:00+00:00,28983.1,2.99,13.81,0.0,79.21
2022-04-12 00:00:00+00:00,28227.7,2.39,13.47,0.0,59.01
2022-04-12 01:00:00+00:00,27202.2,2.12,12.88,0.0,45.48
2022-04-12 02:00:00+00:00,25789.2,2.64,12.68,0.0,51.34
2022-04-12 03:00:00+00:00,25408.7,3.92,12.36,0.0,45.03
2022-04-12 04:00:00+00:00,25805.1,3.75,10.9,0.0,43.78
2022-04-12 05:00:00+00:00,26925.6,4.12,10.91,0.0,64.66
2022-04-12 06:00:00+00:00,28590.6,5.77,10.68,0.0,93.71
2022-04-12 07:00:00+00:00,30265.9,5.53,10.74,64.8,80.33
2022-04-12 08:00:00+00:00,32072.0,6.94,10.5,131.6,102.23
2022-04-12 09:00:00+00:00,33043.0,7.15,10.04,223.8,100.24
2022-04-12 10:00:00+00:00,32607.2,8.06,10.57,448.3,95.09
2022-04-12 11:00:00+00:00,31511.6,8.7,10.81,269.5,80.99
2022-04-12 12:00:00+00:00,31154.4,8.81,11.71,239.0,72.41
2022-04-12 13:00:00+00:00,31243.7,8.78,11.86,501.3,53.38
2022-04-12 14:00:00+00:00,30640.5,9.34,11.47,308.0,67.73
2022-04-12 15:00:00+00:00,30763.0,10.13,11.72,303.1,62.05
2022-04-12 16:00:00+00:00,32542.9,10.02,9.94,128.1,92.49
2022-04-12 17:00:00+00:00,35256.7,9.83,11.44,139.1,109.6
2022-04-12 18:00:00+00:00,35641.9,9.76,11.43,0.0,111.04
2022-04-12 19:00:00+00:00,34648.2,8.61,12.92,0.0,84.72
2022-04-12 20:00:00+00:00,33267.7,8.4,11.94,0.0,87.28
2022-04-12 21:00:00+00:00,30861.2,8.17,10.82,0.0,108.48
2022-04-12 22:00:00+00:00,28121.9,8.99,10.92,0.0,71.89
2022-04-12 23:00:00+00:00,27262.9,8.03,11.0,0.0,77.14
2022-04-13 00:00:00+00:00,26675.9,7.27,11.07,0.0,58.62
2022-04-13 01:00:00+00:00,25606.0,7.26,11.01,0.0,68.4
2022-04-13 02:00:00+00:00,25009.0,7.44,10.32,0.0,63.7
2022-04-13 03:00:00+00:00,24929.6,6.99,8.99,0.0,86.29
2022-04-13 04:00:00+00:00,25056.8,6.84,9.11,0.0,79.66
2022-04-13 05:00:00+00:00,26436.6,7.46,8.0,0.0,88.13
2022-04-13 06:00:00+00:00,28475.0,7.42,6.88,0.0,93.21
2022-04-13 07:00:00+00:00,30796.0,7.8,6.59,99.4,95.69
2022-04-13 08:00:00+00:00,31693.3,8.58,6.94,211.8,101.42
2022-04-13 09:00:00+00:00,31630.7,9.96,8.5,320.5,86.42
2022-04-13 10:00:00+00:00,31361.8,10.36,9.19,435.4,68.53
2022-04-13 11:00:00+00:00,31077.4,9.98,10.2,394.1,75.49
2022-04-13 12:00:00+00:00,30653.2,9.48,10.55,533.5,54.75
2022-04-13 13:00:00+00:00,30581.3,9.27,10.66,540.3,52.45
2022-04-13 14:00:00+00:00,30197.4,8.87,12.44,490.6,59.4
2022-04-13 15:00:00+00:00,30936.5,8.99,11.13,240.5,74.72
2022-04-13 16:00:00+00:00,33470.2,8.28,10.6,120.5,86.84
2022-04-13 17:00:00+00:00,37301.7,7.68,10.16,123.4,135.81
2022-04-13 18:00:00+00:00,38109.9,6.87,10.7,0.0,138.49
2022-04-13 19:00:00+00:00,36705.8,6.13,9.75,0.0,130.39
2022-04-13 20:00:00+00:00,34110.3,6.35,10.21,0.0,105.51
2022-04-13 21:00:00+00:00,31587.5,6.09,10.5,0.0,110.98
2022-04-13 22:00:00+00:00,29360.2,5.43,10.96,0.0,99.43
2022-04-13 23:00:00+00:00,27678.7,4.53,11.39,0.0,63.44
2022-04-14 00:00:00+00:00,26358.8,3.89,12.37,0.0,59.92
2022-04-14 01:00:00+00:00,25572.7,3.72,12.06,0.0,58.28
2022-04-14 02:00:00+00:00,24605.7,3.87,12.23,0.0,29.8
2022-04-14 03:00:00+00:00,25007.7,3.31,11.39,0.0,53.74
2022-04-14 04:00:00+00:00,25744.2,3.54,10.41,0.0,46.46
2022-04-14 05:00:00+00:00,26899.9,2.71,11.62,0.0,64.1
2022-04-14 06:00:00+00:00,29753.9,3.45,10.76,0.0,108.73
2022-04-14 07:00:00+00:00,32434.9,4.65,11.07,88.9,79.61
2022-04-14 08:00:00+00:00,33880.4,5.31,11.28,243.0,109.31
2022-04-14 09:00:00+00:00,32880.1,7.29,11.99,176.6,103.3
2022-04-14 10:00:00+00:00,32108.0,7.61,10.44,493.1,66.42
2022-04-14 11:00:00+00:00,32409.1,8.55,10.97,428.3,75.28
2022-04-14 12:00:00+00:00,32503.7,9.22,10.72,526.8,62.09
2022-04-14 13:00:00+00:00,32364.1,9.72,10.07,487.1,66.03
2022-04-14 14:00:00+00:00,32581.5,10.03,9.72,266.9,91.59
2022-04-14 15:00:00+00:00,33079.5,10.27,10.39,235.4,83.43
2022-04-14 16:00:00+00:00,34418.5,10.75,10.79,164.5,106.89
2022-04-14 17:00:00+00:00,36518.8,11.33,10.5,80.4,122.8
2022-04-14 18:00:00+00:00,36966.9,10.88,9.44,0.0,125.96
2022-04-14 19:00:00+00:00,35423.7,10.78,8.48,0.0,139.65
2022-04-14 20:00:00+00:00,33915.8,9.64,9.0,0.0,128.1
2022-04-14 21:00:00+00:00,32065.1,9.35,7.9,0.0,126.82
2022-04-14 22:00:00+00:00,29840.0,8.13,7.76,0.0,98.19
2022-04-14 23:00:00+00:00,26968.4,8.08,9.82,0.0,84.94
2022-04-15 00:00:00+00:00,24808.2,8.93,10.04,0.0,82.19
2022-04-15 01:00:00+00:00,24215.3,8.34,10.47,0.0,54.96
2022-04-15 02:00:00+00:00,24107.5,6.69,9.46,0.0,60.63
2022-04-15 03:00:00+00:00,24388.0,6.27,8.38,0.0,73.78
2022-04-15 04:00:00+00:00,23850.3,7.13,8.93,0.0,39.13
2022-04-15 05:00:00+00:00,25563.8,7.75,8.62,0.0,59.13
2022-04-15 06:00:00+00:00,27298.1,8.36,9.45,0.0,73.19
2022-04-15 07:00:00+00:00,30579.0,9.57,9.44,68.1,90.13
2022-04-15 08:00:00+00:00,31236.7,10.54,12.1,129.5,79.85
2022-04-15 09:00:00+00:00,31633.8,12.01,11.48,202.5,81.91
2022-04-15 10:00:00+00:00,30745.6,13.27,11.56,450.0,41.94
2022-04-15 11:00:00+00:00,29942.6,14.83,10.71,508.5,62.75
2022-04-15 12:00:00+00:00,30135.3,15.56,11.41,448.4,56.28
2022-04-15 13:00:00+00:00,29904.0,16.47,11.61,231.8,66.67
2022-04-15 14:00:00+00:00,29122.7,16.46,10.71,299.7,66.3
2022-04-15 15:00:00+00:00,29132.5,16.09,10.35,265.5,59.69
2022-04-15 16:00:00+00:00,30268.2,16.91,11.33,167.3,72.04
2022-04-15 17:00:00+00:00,32038.1,16.62,12.17,113.6,73.56
2022-04-15 18:00:00+00:00,32865.1,16.5,10.89,0.0,82.45
2022-04-15 19:00:00+00:00,31297.4,15.82,10.41,0.0,95.32
2022-04-15 20:00:00+00:00,29000.2,14.6,11.74,0.0,93.97
2022-04-15 21:00:00+00:00,27546.0,13.71,11.45,0.0,63.89
2022-04-15 22:00:00+00:00,25481.9,13.68,11.45,0.0,41.64
2022-04-15 23:00:00+00:00,24150.8,13.15,12.11,0.0,51.32
2022-04-16 00:00:00+00:00,21240.5,11.5,10.89,0.0,30.02
2022-04-16 01:00:00+00:00,20299.9,10.78,10.04,0.0,38.14
2022-04-16 02:00:00+00:00,19554.3,11.45,9.71,0.0,37.68
2022-04-16 03:00:00+00:00,19988.6,11.09,10.6,0.0,23.85
2022-04-16 04:00:00+00:00,20512.3,9.98,11.29,0.0,32.46
2022-04-16 05:00:00+00:00,20593.3,11.33,11.72,0.0,26.15
2022-04-16 06:00:00+00:00,22827.3,12.1,11.45,0.0,21.68
2022-04-16 07:00:00+00:00,25704.3,12.55,12.19,101.2,42.11
2022-04-16 08:00:00+00:00,26869.1,12.93,11.89,177.9,42.17
2022-04-16 09:00:00+00:00,27123.8,14.24,12.18,312.2,25.71
2022-04-16 10:00:00+00:00,26905.6,14.56,12.71,320.2,27.57
2022-04-16 11:00:00+00:00,26727.1,15.86,13.83,567.5,17.84
2022-04-16 12:00:00+00:00,26880.4,16.68,13.52,450.9,22.26
2022-04-16 13:00:00+00:00,26212.7,17.16,12.99,343.8,10.14
2022-04-16 14:00:00+00:00,26330.0,17.41,13.78,361.3,12.78
2022-04-16 15:00:00+00:00,26596.1,17.27,14.59,363.4,21.11
2022-04-16 16:00:00+00:00,28387.7,17.67,13.87,261.5,42.95
2022-04-16 17:00:00+00:00,30760.9,16.7,12.74,119.8,70.32
2022-04-16 18:00:00+00:00,31691.3,15.13,13.48,0.0,91.26
2022-04-16 19:00:00+00:00,29764.8,14.79,11.95,0.0,84.13
2022-04-16 20:00:00+00:00,27223.9,14.34,10.46,0.0,67.56
2022-04-16 21:00:00+00:00,26188.8,13.74,10.15,0.0,61.97
2022-04-16 22:00:00+00:00,24296.7,13.1,10.08,0.0,55.78
2022-04-16 23:00:00+00:00,22760.2,12.07,9.09,0.0,33.06
2022-04-17 00:00:00+00:00,22224.8,11.95,9.16,0.0,53.25
2022-04-17 01:00:00+00:00,22567.6,11.32,9.26,0.0,39.29
2022-04-17 02:00:00+00:00,21316.9,10.62,8.77,0.0,59.1
2022-04-17 03:00:00+00:00,21087.9,10.22,10.28,0.0,20.41
2022-04-17 04:00:00+00:00,21179.4,11.44,10.45,0.0,40.86
2022-04-17 05:00:00+00:00,21880.0,10.58,11.16,0.0,17.63
2022-04-17 06:00:00+00:00,23403.0,11.26,9.81,0.0,47.51
2022-04-17 07:00:00+00:00,27209.4,10.78,8.53,62.2,83.24
2022-04-17 08:00:00+00:00,28828.5,11.37,8.81,234.7,84.23
2022-04-17 09:00:00+00:00,29003.6,11.82,10.17,386.5,66.52
2022-04-17 10:00:00+00:00,28575.8,11.3,9.22,471.5,61.17
2022-04-17 11:00:00+00:00,28299.9,12.24,9.22,285.3,74.03
2022-04-17 12:00:00+00:00,27386.5,12.62,8.14,363.5,69.6
2022-04-17 13:00:00+00:00,26883.7,11.82,7.53,272.2,62.02
2022-04-17 14:00:00+00:00,26133.0,12.65,7.65,440.3,46.53
2022-04-17 15:00:00+00:00,26232.3,13.62,7.23,328.1,68.05
2022-04-17 16:00:00+00:00,27529.9,14.4,6.2,206.3,94.37
2022-04-17 17:00:00+00:00,29879.9,14.27,5.2,89.7,109.71
2022-04-17 18:00:00+00:00,31742.8,13.78,3.82,0.0,130.96
2022-04-17 19:00:00+00:00,30463.6,13.91,4.35,0.0,120.09
2022-04-17 20:00:00+00:00,28428.4,14.12,4.95,0.0,102.02
2022-04-17 21:00:00+00:00,26709.2,13.93,5.51,0.0,101.63
2022-04-17 22:00:00+00:00,24435.4,12.47,4.88,0.0,98.07
2022-04-17 23:00:00+00:00,23198.7,11.77,5.77,0.0,79.36
2022-04-18 00:00:00+00:00,24585.8,11.46,6.38,0.0,79.35
2022-04-18 01:00:00+00:00,23578.7,9.8,6.42,0.0,92.48
2022-04-18 02:00:00+00:00,23388.2,9.71,6.33,0.0,72.75
2022-04-18 03:00:00+00:00,22775.9,10.9,5.85,0.0,85.53
2022-04-18 04:00:00+00:00,23056.9,11.28,6.06,0.0,61.43
2022-04-18 05:00:00+00:00,24582.9,12.34,7.37,0.0,76.59
2022-04-18 06:00:00+00:00,26703.7,12.79,8.24,0.0,72.64
2022-04-18 07:00:00+00:00,28979.0,13.23,7.98,112.9,80.21
2022-04-18 08:00:00+00:00,30495.7,14.04,8.35,191.8,82.76
2022-04-18 09:00:00+00:00,31008.1,14.19,7.42,384.4,85.76
2022-04-18 10:00:00+00:00,30448.3,14.27,7.97,328.8,78.19
2022-04-18 11:00:00+00:00,29036.5,15.66,7.28,307.2,58.99
2022-04-18 12:00:00+00:00,28949.6,16.99,7.8,271.7,74.55
2022-04-18 13:00:00+00:00,28973.7,16.73,10.08,321.2,56.92
2022-04-18 14:00:00+00:00,29177.3,17.49,9.48,427.4,42.52
2022-04-18 15:00:00+00:00,29578.6,17.41,11.64,330.8,62.24
2022-04-18 16:00:00+00:00,32039.1,17.39,11.8,232.7,85.38
2022-04-18 17:00:00+00:00,34339.4,17.24,10.97,142.8,109.65
2022-04-18 18:00:00+00:00,34992.4,17.22,10.15,0.0,139.15
2022-04-18 19:00:00+00:00,33475.4,16.51,11.84,0.0,92.67
2022-04-18 20:00:00+00:00,30940.1,16.49,11.99,0.0,76.95
2022-04-18 21:00:00+00:00,28251.4,15.73,11.29,0.0,75.19
2022-04-18 22:00:00+00:00,25510.3,15.16,10.92,0.0,59.93
2022-04-18 23:00:00+00:00,24130.1,13.77,11.06,0.0,53.43
2022-04-19 00:00:00+00:00,23246.1,14.43,10.85,0.0,56.29
2022-04-19 01:00:00+00:00,21603.2,14.05,10.93,0.0,35.11
2022-04-19 02:00:00+00:00,20769.1,13.99,12.12,0.0,36.58
2022-04-19 03:00:00+00:00,21543.9,12.73,10.98,0.0,29.34
2022-04-19 04:00:00+00:00,22006.8,12.17,11.29,0.0,33.13
2022-04-19 05:00:00+00:00,22897.6,13.08,11.01,0.0,33.91
2022-04-19 06:00:00+00:00,25059.2,13.56,10.42,0.0,27.08
2022-04-19 07:00:00+00:00,29316.5,12.88,11.09,95.2,58.79
2022-04-19 08:00:00+00:00,30830.2,14.1,9.74,253.8,90.2
2022-04-19 09:00:00+00:00,31315.5,14.42,7.76,196.2,110.07
2022-04-19 10:00:00+00:00,31074.4,15.92,7.89,382.6,70.66
2022-04-19 11:00:00+00:00,30853.3,16.45,7.74,256.5,101.35
2022-04-19 12:00:00+00:00,31263.9,17.06,6.65,471.0,60.7
2022-04-19 13:00:00+00:00,30232.4,18.1,5.33,435.6,78.17
2022-04-19 14:00:00+00:00,29831.4,17.71,6.92,229.7,87.64
2022-04-19 15:00:00+00:00,29987.8,17.08,7.29,280.5,98.16
2022-04-19 16:00:00+00:00,32066.3,16.75,7.29,156.8,127.07
2022-04-19 17:00:00+00:00,35049.8,16.84,8.99,138.4,114.42
2022-04-19 18:00:00+00:00,35384.7,15.45,9.69,0.0,126.58
2022-04-19 19:00:00+00:00,34379.5,13.74,10.94,0.0,124.91
2022-04-19 20:00:00+00:00,32276.6,13.46,9.82,0.0,130.42
2022-04-19 21:00:00+00:00,29840.3,12.25,8.73,0.0,111.12
2022-04-19 22:00:00+00:00,28273.4,11.18,9.12,0.0,75.61
2022-04-19 23:00:00+00:00,27798.4,9.29,9.34,0.0,92.45
2022-04-20 00:00:00+00:00,27094.3,8.39,10.2,0.0,68.38
2022-04-20 01:00:00+00:00,25545.7,7.91,8.76,0.0,87.32
2022-04-20 02:00:00+00:00,24096.2,8.17,9.23,0.0,68.46
2022-04-20 03:00:00+00:00,24315.3,7.59,9.89,0.0,49.65
2022-04-20 04:00:00+00:00,23663.6,8.68,10.48,0.0,63.86
2022-04-20 05:00:00+00:00,24534.2,8.54,9.98,0.0,65.99
2022-04-20 06:00:00+00:00,27143.9,8.59,10.24,0.0,78.97
2022-04-20 07:00:00+00:00,29978.9,10.12,9.47,67.6,91.6
2022-04-20 08:00:00+00:00,31321.6,10.94,9.12,299.3,79.35
2022-04-20 09:00:00+00:00,31706.9,11.35,8.2,318.5,96.68
2022-04-20 10:00:00+00:00,31452.0,12.01,7.54,272.7,117.83
2022-04-20 11:00:00+00:00,30211.1,13.52,7.33,242.9,110.77
2022-04-20 12:00:00+00:00,29306.6,14.98,6.93,449.0,71.76
2022-04-20 13:00:00+00:00,28140.5,14.89,6.34,448.6,48.79
2022-04-20 14:00:00+00:00,28380.2,15.11,5.36,244.5,85.81
2022-04-20 15:00:00+00:00,30068.3,15.22,6.97,315.6,89.04
2022-04-20 16:00:00+00:00,31951.4,14.47,6.58,202.3,112.01
2022-04-20 17:00:00+00:00,34905.3,14.11,6.86,105.3,141.36
2022-04-20 18:00:00+00:00,35675.2,13.6,5.49,0.0,159.24
2022-04-20 19:00:00+00:00,33417.0,13.64,6.63,0.0,139.71
2022-04-20 20:00:00+00:00,32357.9,13.59,6.78,0.0,118.82
2022-04-20 21:00:00+00:00,30078.8,12.55,6.44,0.0,108.07
2022-04-20 22:00:00+00:00,28392.2,11.58,6.13,0.0,94.07
2022-04-20 23:00:00+00:00,26684.8,11.2,6.85,0.0,93.34
2022-04-21 00:00:00+00:00,26222.7,10.3,4.55,0.0,109.07
2022-04-21 01:00:00+00:00,24841.8,10.12,4.03,0.0,105.65
2022-04-21 02:00:00+00:00,23707.5,9.71,4.08,0.0,62.79
2022-04-21 03:00:00+00:00,23360.7,8.96,4.13,0.0,90.27
2022-04-21 04:00:00+00:00,24949.5,8.45,6.23,0.0,73.34
2022-04-21 05:00:00+00:00,25674.7,9.6,6.01,0.0,95.24
2022-04-21 06:00:00+00:00,28751.6,9.94,6.83,0.0,92.88
2022-04-21 07:00:00+00:00,30656.1,11.5,8.25,113.8,106.26
2022-04-21 08:00:00+00:00,32410.5,11.84,8.72,288.2,87.93
2022-04-21 09:00:00+00:00,31841.0,12.74,8.1,408.1,79.41
2022-04-21 10:00:00+00:00,30950.9,14.89,7.04,533.7,85.06
2022-04-21 11:00:00+00:00,31584.8,14.87,7.62,362.2,84.54
2022-04-21 12:00:00+00:00,30902.0,14.27,8.88,293.2,93.75
2022-04-21 13:00:00+00:00,29578.8,15.48,9.21,264.3,83.94
2022-04-21 14:00:00+00:00,29604.9,15.21,10.07,493.6,54.45
2022-04-21 15:00:00+00:00,29844.8,15.25,11.94,371.8,51.14
2022-04-21 16:00:00+00:00,32493.7,14.75,12.35,240.5,91.59
2022-04-21 17:00:00+00:00,34601.5,14.57,11.22,111.9,115.14
2022-04-21 18:00:00+00:00,35766.9,13.49,11.05,0.0,139.25
2022-04-21 19:00:00+00:00,34545.8,12.74,11.92,0.0,93.39
2022-04-21 20:00:00+00:00,31993.0,12.26,11.48,0.0,95.0
2022-04-21 21:00:00+00:00,29821.8,10.86,12.43,0.0,75.18
2022-04-21 22:00:00+00:00,27353.3,9.66,12.11,0.0,71.8
2022-04-21 23:00:00+00:00,24621.3,8.73,12.11,0.0,40.78
2022-04-22 00:00:00+00:00,24349.7,7.4,11.58,0.0,43.43
2022-04-22 01:00:00+00:00,23204.5,6.71,11.48,0.0,45.63
2022-04-22 02:00:00+00:00,22850.5,6.52,11.42,0.0,24.66
2022-04-22 03:00:00+00:00,23507.4,6.22,9.94,0.0,35.24
2022-04-22 04:00:00+00:00,23601.9,6.21,9.45,0.0,57.45
2022-04-22 05:00:00+00:00,25240.9,6.55,8.36,0.0,100.86
2022-04-22 06:00:00+00:00,27023.1,6.68,7.98,0.0,88.24
2022-04-22 07:00:00+00:00,29555.6,7.77,7.31,73.7,96.87
2022-04-22 08:00:00+00:00,31786.9,9.41,8.08,136.8,109.61
2022-04-22 09:00:00+00:00,32055.5,9.92,8.83,374.7,91.55
2022-04-22 10:00:00+00:00,32303.7,11.01,9.17,234.7,94.19
2022-04-22 11:00:00+00:00,32788.6,11.61,8.07,584.9,72.36
2022-04-22 12:00:00+00:00,31722.2,12.47,7.94,495.0,64.23
2022-04-22 13:00:00+00:00,30116.6,13.9,6.84,303.2,99.05
2022-04-22 14:00:00+00:00,28550.1,14.49,6.74,481.8,63.68
2022-04-22 15:00:00+00:00,29494.2,13.5,7.26,395.0,82.25
2022-04-22 16:00:00+00:00,31481.2,13.68,8.02,230.6,107.72
2022-04-22 17:00:00+00:00,34094.0,14.12,8.34,73.5,119.37
2022-04-22 18:00:00+00:00,35817.5,13.49,9.25,0.0,118.47
2022-04-22 19:00:00+00:00,33712.1,13.45,9.35,0.0,117.76
2022-04-22 20:00:00+00:00,32864.5,12.28,9.05,0.0,115.01
2022-04-22 21:00:00+00:00,31083.0,10.59,9.63,0.0,107.71
2022-04-22 22:00:00+00:00,28975.4,9.9,10.2,0.0,81.28
2022-04-22 23:00:00+00:00,27681.0,8.13,9.63,0.0,76.1
2022-04-23 00:00:00+00:00,24054.9,7.53,9.8,0.0,55.84
2022-04-23 01:00:00+00:00,22174.6,7.87,9.43,0.0,54.14
2022-04-23 02:00:00+00:00,22309.9,6.43,7.74,0.0,69.39
2022-04-23 03:00:00+00:00,21946.7,5.61,8.04,0.0,79.89
2022-04-23 04:00:00+00:00,22451.1,5.16,6.98,0.0,84.64
2022-04-23 05:00:00+00:00,23460.2,5.51,7.24,0.0,68.69
2022-04-23 06:00:00+00:00,25705.7,5.85,6.02,0.0,82.87
2022-04-23 07:00:00+00:00,27450.6,7.4,5.51,75.1,91.67
2022-04-23 08:00:00+00:00,27586.4,8.76,5.25,315.0,69.77
2022-04-23 09:00:00+00:00,28646.5,9.87,6.27,437.7,76.13
2022-04-23 10:00:00+00:00,29142.3,10.77,5.89,466.0,67.99
2022-04-23 11:00:00+00:00,27476.7,11.76,5.11,384.5,66.95
2022-04-23 12:00:00+00:00,27678.1,11.88,5.49,302.8,72.66
2022-04-23 13:00:00+00:00,27036.7,12.91,5.39,396.0,81.92
2022-04-23 14:00:00+00:00,26454.6,12.56,6.09,454.0,60.78
2022-04-23 15:00:00+00:00,27178.9,13.2,5.35,218.9,73.29
2022-04-23 16:00:00+00:00,29381.6,13.83,5.59,129.2,114.09
2022-04-23 17:00:00+00:00,32326.1,13.66,7.59,153.7,122.29
2022-04-23 18:00:00+00:00,34140.3,13.07,7.38,0.0,128.92
2022-04-23 19:00:00+00:00,33003.4,12.69,7.5,0.0,118.18
2022-04-23 20:00:00+00:00,31184.0,10.24,6.18,0.0,113.54
2022-04-23 21:00:00+00:00,29155.6,9.69,5.55,0.0,116.14
2022-04-23 22:00:00+00:00,27117.7,8.88,5.99,0.0,108.06
2022-04-23 23:00:00+00:00,26144.1,8.16,5.78,0.0,95.92
2022-04-24 00:00:00+00:00,24599.8,8.14,6.32,0.0,68.6
2022-04-24 01:00:00+00:00,23135.0,7.64,6.69,0.0,81.95
2022-04-24 02:00:00+00:00,22076.6,6.68,5.67,0.0,69.91
2022-04-24 03:00:00+00:00,22309.7,6.54,6.53,0.0,65.21
2022-04-24 04:00:00+00:00,22622.4,6.73,5.58,0.0,78.54
2022-04-24 05:00:00+00:00,23249.4,7.14,5.06,0.0,91.28
2022-04-24 06:00:00+00:00,25819.6,7.75,5.33,0.0,83.4
2022-04-24 07:00:00+00:00,28156.0,9.03,6.64,134.5,78.66
2022-04-24 08:00:00+00:00,29337.9,9.12,5.87,147.4,101.91
2022-04-24 09:00:00+00:00,30316.8,10.04,6.05,418.9,87.44
2022-04-24 10:00:00+00:00,28770.5,11.62,6.22,412.8,87.08
2022-04-24 11:00:00+00:00,28825.3,11.31,6.77,376.5,90.7
2022-04-24 12:00:00+00:00,28308.8,12.07,7.71,562.4,51.47
2022-04-24 13:00:00+00:00,27020.8,12.23,7.36,485.0,59.54
2022-04-24 14:00:00+00:00,27056.9,12.35,8.13,468.6,58.08
2022-04-24 15:00:00+00:00,27352.9,11.96,9.11,416.2,59.3
2022-04-24 16:00:00+00:00,30153.7,11.82,10.4,280.9,57.11
2022-04-24 17:00:00+00:00,32675.3,12.69,10.62,142.6,102.44
2022-04-24 18:00:00+00:00,34043.0,11.48,10.57,0.0,107.71
2022-04-24 19:00:00+00:00,31813.1,10.21,10.02,0.0,111.35
2022-04-24 20:00:00+00:00,30158.6,8.78,8.73,0.0,91.12
2022-04-24 21:00:00+00:00,27810.6,9.13,8.42,0.0,90.84
2022-04-24 22:00:00+00:00,26527.1,8.13,8.44,0.0,79.38
2022-04-24 23:00:00+00:00,25109.2,7.46,8.28,0.0,96.13
2022-04-25 00:00:00+00:00,26524.5,6.79,8.68,0.0,72.19
2022-04-25 01:00:00+00:00,26140.8,5.82,7.46,0.0,75.75
2022-04-25 02:00:00+00:00,26309.2,5.46,7.3,0.0,102.03
2022-04-25 03:00:00+00:00,25884.0,6.92,8.84,0.0,84.98
2022-04-25 04:00:00+00:00,25745.5,7.89,9.53,0.0,74.36
2022-04-25 05:00:00+00:00,26599.2,7.69,9.88,0.0,70.0
2022-04-25 06:00:00+00:00,28640.4,8.59,10.05,0.0,74.66
2022-04-25 07:00:00+00:00,31361.9,8.72,9.61,162.7,88.84
2022-04-25 08:00:00+00:00,33468.4,8.41,8.11,277.8,100.26
2022-04-25 09:00:00+00:00,33058.7,9.86,8.41,230.8,97.91
2022-04-25 10:00:00+00:00,32778.6,11.37,6.42,315.1,102.77
2022-04-25 11:00:00+00:00,31808.4,12.74,6.2,584.9,78.3
2022-04-25 12:00:00+00:00,31412.9,13.08,6.23,564.0,92.47
2022-04-25 13:00:00+00:00,29981.3,13.46,5.92,300.6,80.98
2022-04-25 14:00:00+00:00,29259.3,14.22,7.67,416.3,76.74
2022-04-25 15:00:00+00:00,29650.0,14.55,9.07,256.4,81.85
2022-04-25 16:00:00+00:00,31473.6,14.2,9.77,249.1,86.19
2022-04-25 17:00:00+00:00,33296.6,12.93,8.91,83.6,121.05
2022-04-25 18:00:00+00:00,33993.7,12.55,10.32,0.0,121.29
2022-04-25 19:00:00+00:00,32905.5,12.6,10.63,0.0,109.77
2022-04-25 20:00:00+00:00,32219.9,11.16,9.72,0.0,120.66
2022-04-25 21:00:00+00:00,30172.5,10.79,9.61,0.0,73.39
2022-04-25 22:00:00+00:00,27801.9,10.22,10.23,0.0,102.31
2022-04-25 23:00:00+00:00,26648.8,9.95,9.6,0.0,88.63
2022-04-26 00:00:00+00:00,25405.0,9.98,9.58,0.0,86.82
2022-04-26 01:00:00+00:00,24856.9,9.07,9.69,0.0,56.92
2022-04-26 02:00:00+00:00,24518.6,7.79,8.7,0.0,69.78
2022-04-26 03:00:00+00:00,24142.4,7.38,8.4,0.0,71.55
2022-04-26 04:00:00+00:00,24559.2,8.05,7.53,0.0,71.96
2022-04-26 05:00:00+00:00,25992.5,8.03,8.18,0.0,82.57
2022-04-26 06:00:00+00:00,28097.1,8.12,7.41,0.0,100.2
2022-04-26 07:00:00+00:00,30690.6,7.68,7.62,163.8,88.25
2022-04-26 08:00:00+00:00,31087.8,9.52,6.5,129.7,118.56
2022-04-26 09:00:00+00:00,30688.9,10.82,5.64,247.5,111.53
2022-04-26 10:00:00+00:00,30216.4,12.07,4.79,502.6,81.61
2022-04-26 11:00:00+00:00,29851.0,13.38,4.67,582.9,68.06
2022-04-26 12:00:00+00:00,28642.1,14.33,4.93,438.1,84.14
2022-04-26 13:00:00+00:00,27518.0,14.63,5.32,430.4,66.38
2022-04-26 14:00:00+00:00,27712.6,14.81,4.01,509.9,79.99
2022-04-26 15:00:00+00:00,29064.5,14.64,4.03,308.5,91.9
2022-04-26 16:00:00+00:00,31301.3,16.11,3.59,281.6,132.55
2022-04-26 17:00:00+00:00,32841.2,16.09,4.18,161.9,125.39
2022-04-26 18:00:00+00:00,34058.1,15.27,4.11,0.0,142.67
2022-04-26 19:00:00+00:00,33114.5,14.87,4.19,0.0,145.76
2022-04-26 20:00:00+00:00,31296.1,13.48,3.75,0.0,121.03
2022-04-26 21:00:00+00:00,29082.4,13.56,5.26,0.0,106.93
2022-04-26 22:00:00+00:00,27345.3,12.32,4.35,0.0,93.57
2022-04-26 23:00:00+00:00,25948.8,11.85,4.17,0.0,104.86
2022-04-27 00:00:00+00:00,24841.8,11.94,4.39,0.0,104.16
2022-04-27 01:00:00+00:00,24023.7,11.62,4.33,0.0,86.05
2022-04-27 02:00:00+00:00,23525.7,11.29,3.86,0.0,102.42
2022-04-27 03:00:00+00:00,22897.0,11.11,2.6,0.0,84.42
2022-04-27 04:00:00+00:00,22965.2,11.1,2.28,0.0,90.42
2022-04-27 05:00:00+00:00,23873.1,10.98,1.77,0.0,112.27
2022-04-27 06:00:00+00:00,26090.7,11.12,3.34,0.0,115.3
2022-04-27 07:00:00+00:00,28895.6,12.58,5.3,153.8,107.92
2022-04-27 08:00:00+00:00,30161.1,13.16,5.34,233.4,116.08
2022-04-27 09:00:00+00:00,31251.4,13.39,4.33,418.3,103.19
2022-04-27 10:00:00+00:00,30632.1,13.8,5.04,247.0,111.53
2022-04-27 11:00:00+00:00,30041.0,15.14,4.37,391.8,91.34
2022-04-27 12:00:00+00:00,30157.7,16.1,4.07,430.1,116.98
2022-04-27 13:00:00+00:00,29716.9,16.84,3.72,553.6,83.56
2022-04-27 14:00:00+00:00,28510.9,16.9,3.5,431.8,88.71
2022-04-27 15:00:00+00:00,28977.5,17.27,3.39,400.7,98.54
2022-04-27 16:00:00+00:00,30518.8,16.69,2.55,196.2,131.67
2022-04-27 17:00:00+00:00,32448.8,16.17,2.22,161.7,147.41
2022-04-27 18:00:00+00:00,33668.1,16.21,3.26,0.0,127.12
2022-04-27 19:00:00+00:00,31761.2,16.04,3.42,0.0,159.59
2022-04-27 20:00:00+00:00,30148.2,14.63,3.7,0.0,146.86
2022-04-27 21:00:00+00:00,29388.0,13.27,2.12,0.0,147.27
2022-04-27 22:00:00+00:00,27417.6,12.5,3.1,0.0,119.08
2022-04-27 23:00:00+00:00,25389.9,12.76,2.76,0.0,119.78
2022-04-28 00:00:00+00:00,24771.9,11.04,3.85,0.0,100.34
2022-04-28 01:00:00+00:00,24133.9,10.69,4.13,0.0,94.9
2022-04-28 02:00:00+00:00,23773.1,9.51,3.83,0.0,98.83
2022-04-28 03:00:00+00:00,23427.8,9.0,2.68,0.0,101.46
2022-04-28 04:00:00+00:00,23376.6,8.87,4.6,0.0,95.62
2022-04-28 05:00:00+00:00,24257.3,8.92,5.34,0.0,65.12
2022-04-28 06:00:00+00:00,27158.5,9.07,6.1,0.0,99.08
2022-04-28 07:00:00+00:00,29744.8,9.71,7.57,86.5,89.14
2022-04-28 08:00:00+00:00,31719.0,10.13,7.72,244.2,110.37
2022-04-28 09:00:00+00:00,32651.0,10.05,8.74,187.0,96.14
2022-04-28 10:00:00+00:00,31685.2,11.34,8.28,280.4,92.42
2022-04-28 11:00:00+00:00,30619.1,12.54,8.79,443.0,83.75
2022-04-28 12:00:00+00:00,30255.7,13.69,8.21,278.3,100.31
2022-04-28 13:00:00+00:00,29926.0,13.24,7.75,459.5,83.5
2022-04-28 14:00:00+00:00,29369.8,13.75,7.79,289.9,90.88
2022-04-28 15:00:00+00:00,29706.0,14.28,6.76,387.5,72.05
2022-04-28 16:00:00+00:00,32214.2,13.57,7.03,301.9,93.52
2022-04-28 17:00:00+00:00,34592.6,13.3,6.78,145.1,117.19
2022-04-28 18:00:00+00:00,35353.4,12.78,5.24,0.0,143.39
2022-04-28 19:00:00+00:00,33698.2,13.29,4.97,0.0,147.07
2022-04-28 20:00:00+00:00,31053.2,13.72,4.8,0.0,140.6
2022-04-28 21:00:00+00:00,29762.7,11.9,5.58,0.0,128.64
2022-04-28 22:00:00+00:00,27125.0,12.61,5.87,0.0,82.7
2022-04-28 23:00:00+00:00,25486.9,11.29,7.06,0.0,84.62
2022-04-29 00:00:00+00:00,24173.1,11.35,7.47,0.0,72.2
2022-04-29 01:00:00+00:00,22918.1,11.41,7.01,0.0,46.72
2022-04-29 02:00:00+00:00,23133.0,10.44,6.96,0.0,193.46
2022-04-29 03:00:00+00:00,22412.4,10.59,6.69,0.0,76.61
2022-04-29 04:00:00+00:00,22456.5,10.57,7.09,0.0,60.65
2022-04-29 05:00:00+00:00,23422.0,11.15,7.13,0.0,69.21
2022-04-29 06:00:00+00:00,26021.9,11.7,6.63,0.0,92.06
2022-04-29 07:00:00+00:00,28938.9,12.98,6.66,86.6,105.89
2022-04-29 08:00:00+00:00,30590.3,13.67,7.04,322.9,86.13
2022-04-29 09:00:00+00:00,31258.0,14.26,6.25,407.1,86.25
2022-04-29 10:00:00+00:00,31413.4,15.62,6.53,323.7,89.39
2022-04-29 11:00:00+00:00,31010.2,16.6,5.32,631.7,97.1
2022-04-29 12:00:00+00:00,30196.0,17.56,6.27,309.5,107.61
2022-04-29 13:00:00+00:00,29510.6,17.52,6.72,584.2,58.19
2022-04-29 14:00:00+00:00,28564.3,17.1,8.01,468.8,55.84
2022-04-29 15:00:00+00:00,29137.7,16.79,7.08,235.5,79.43
2022-04-29 16:00:00+00:00,30757.5,16.25,7.97,240.3,79.81
2022-04-29 17:00:00+00:00,33285.0,16.38,8.65,69.6,137.95
2022-04-29 18:00:00+00:00,34198.4,16.42,8.42,0.0,122.82
2022-04-29 19:00:00+00:00,32574.9,15.63,8.06,0.0,130.01
2022-04-29 20:00:00+00:00,30649.9,15.69,7.16,0.0,112.36
2022-04-29 21:00:00+00:00,28532.4,15.64,6.1,0.0,106.58
2022-04-29 22:00:00+00:00,25930.4,14.9,5.55,0.0,93.22
2022-04-29 23:00:00+00:00,24234.0,13.56,4.64,0.0,94.53
2022-04-30 00:00:00+00:00,21029.3,13.92,6.01,0.0,62.42
2022-04-30 01:00:00+00:00,19633.9,13.28,4.89,0.0,69.44
2022-04-30 02:00:00+00:00,20164.9,12.94,5.11,0.0,75.54
2022-04-30 03:00:00+00:00,20598.1,12.51,5.54,0.0,58.04
2022-04-30 04:00:00+00:00,20266.3,11.97,5.9,0.0,62.41
2022-04-30 05:00:00+00:00,22049.4,11.3,6.3,0.0,52.56
2022-04-30 06:00:00+00:00,24639.3,12.09,7.07,0.0,75.05
2022-04-30 07:00:00+00:00,27226.4,12.17,6.72,91.8,91.28
2022-04-30 08:00:00+00:00,28190.5,14.68,6.8,235.1,84.15
2022-04-30 09:00:00+00:00,28662.4,14.7,6.58,211.5,90.78
2022-04-30 10:00:00+00:00,28952.2,14.63,7.62,421.2,78.07
2022-04-30 11:00:00+00:00,28218.2,15.6,9.23,399.7,68.62
2022-04-30 12:00:00+00:00,28339.3,17.08,8.19,556.7,35.19
2022-04-30 13:00:00+00:00,27555.4,17.5,6.54,498.3,66.69
2022-04-30 14:00:00+00:00,27030.2,18.05,7.01,315.7,69.2
2022-04-30 15:00:00+00:00,27584.4,16.95,7.85,395.2,60.62
2022-04-30 16:00:00+00:00,29701.4,16.38,9.33,195.2,98.49
2022-04-30 17:00:00+00:00,30898.2,15.38,9.79,94.6,78.91
2022-04-30 18:00:00+00:00,31057.8,13.74,10.75,0.0,98.59
2022-04-30 19:00:00+00:00,30250.7,13.2,11.86,0.0,102.68
2022-04-30 20:00:00+00:00,28872.4,11.14,12.76,0.0,75.88
2022-04-30 21:00:00+00:00,27005.0,9.61,13.16,0.0,52.31
2022-04-30 22:00:00+00:00,25145.6,8.58,11.85,0.0,55.58
2022-04-30 23:00:00+00:00,25378.7,7.43,11.6,0.0,78.21
2022-05-01 00:00:00+00:00,23609.6,7.27,11.61,0.0,61.59
2022-05-01 01:00:00+00:00,22983.9,7.06,11.3,0.0,42.62
2022-05-01 02:00:00+00:00,21920.1,7.36,11.05,0.0,58.1
2022-05-01 03:00:00+00:00,20878.9,7.76,12.08,0.0,37.37
2022-05-01 04:00:00+00:00,20773.1,8.59,11.23,0.0,9.52
2022-05-01 05:00:00+00:00,21415.4,8.9,11.64,0.0,35.51
2022-05-01 06:00:00+00:00,23142.5,9.58,11.66,0.0,65.12
2022-05-01 07:00:00+00:00,25832.3,10.51,10.75,121.4,57.59
2022-05-01 08:00:00+00:00,27197.6,11.32,9.73,284.4,76.39
2022-05-01 09:00:00+00:00,27917.0,11.86,8.26,406.5,50.3
2022-05-01 10:00:00+00:00,28096.0,12.44,8.58,550.4,40.58
2022-05-01 11:00:00+00:00,27592.5,12.68,8.45,611.5,58.28
2022-05-01 12:00:00+00:00,27500.4,13.58,7.73,308.9,80.6
2022-05-01 13:00:00+00:00,26591.9,14.02,6.23,302.4,74.97
2022-05-01 14:00:00+00:00,26438.3,13.94,6.6,405.1,73.58
2022-05-01 15:00:00+00:00,26025.0,13.67,6.49,357.1,60.58
2022-05-01 16:00:00+00:00,28486.1,12.88,5.95,254.2,80.31
2022-05-01 17:00:00+00:00,32019.5,13.23,5.25,120.0,130.11
2022-05-01 18:00:00+00:00,33424.0,12.84,5.15,0.0,140.99
2022-05-01 19:00:00+00:00,32192.3,11.74,5.61,0.0,138.16
2022-05-01 20:00:00+00:00,29599.4,11.55,5.42,0.0,121.54
2022-05-01 21:00:00+00:00,28713.2,10.48,4.57,0.0,115.41
2022-05-01 22:00:00+00:00,26748.5,8.9,4.65,0.0,125.42
2022-05-01 23:00:00+00:00,24603.2,8.86,5.58,0.0,78.29
2022-05-02 00:00:00+00:00,25615.0,8.1,5.69,0.0,95.73
2022-05-02 01:00:00+00:00,25670.2,7.44,5.81,0.0,92.97
2022-05-02 02:00:00+00:00,24966.8,7.22,5.61,0.0,93.83
2022-05-02 03:00:00+00:00,24530.9,7.87,4.99,0.0,92.0
2022-05-02 04:00:00+00:00,24565.9,8.02,4.36,0.0,105.91
2022-05-02 05:00:00+00:00,25807.9,7.64,3.2,0.0,112.01
2022-05-02 06:00:00+00:00,27636.3,8.5,4.31,0.0,107.35
2022-05-02 07:00:00+00:00,31128.9,8.87,4.81,128.4,112.63
2022-05-02 08:00:00+00:00,32091.5,10.78,4.98,287.0,108.63
2022-05-02 09:00:00+00:00,31647.3,11.57,5.31,285.8,103.84
2022-05-02 10:00:00+00:00,32072.1,11.03,5.66,289.4,119.17
2022-05-02 11:00:00+00:00,31338.4,12.02,5.15,364.3,104.52
2022-05-02 12:00:00+00:00,30519.1,13.86,4.99,289.6,110.66
2022-05-02 13:00:00+00:00,29307.0,15.29,4.72,411.6,78.34
2022-05-02 14:00:00+00:00,28770.5,16.67,6.8,268.6,84.83
2022-05-02 15:00:00+00:00,29527.0,16.11,7.61,323.7,89.05
2022-05-02 16:00:00+00:00,32126.6,16.53,7.71,296.8,111.62
2022-05-02 17:00:00+00:00,33493.0,15.75,8.74,74.9,104.98
2022-05-02 18:00:00+00:00,34439.6,15.38,9.62,0.0,141.83
2022-05-02 19:00:00+00:00,33092.1,13.96,8.41,0.0,139.03
2022-05-02 20:00:00+00:00,31056.2,12.84,8.17,0.0,123.92
2022-05-02 21:00:00+00:00,28555.4,11.66,8.1,0.0,111.79
2022-05-02 22:00:00+00:00,26693.6,11.44,8.52,0.0,81.91
2022-05-02 23:00:00+00:00,24969.7,11.19,8.27,0.0,68.74
2022-05-03 00:00:00+00:00,23858.2,10.85,8.13,0.0,71.67
2022-05-03 01:00:00+00:00,23908.5,9.54,7.71,0.0,76.4
2022-05-03 02:00:00+00:00,23355.5,9.06,8.5,0.0,59.6
2022-05-03 03:00:00+00:00,23132.7,8.52,7.29,0.0,76.92
2022-05-03 04:00:00+00:00,22700.1,9.17,6.94,0.0,84.42
2022-05-03 05:00:00+00:00,23318.4,10.18,5.5,0.0,90.78
2022-05-03 06:00:00+00:00,26213.1,11.27,4.77,0.0,103.62
2022-05-03 07:00:00+00:00,29506.0,11.41,5.13,158.3,85.18
2022-05-03 08:00:00+00:00,32242.5,10.47,5.49,320.4,97.07
2022-05-03 09:00:00+00:00,32444.5,10.22,5.32,229.0,120.2
2022-05-03 10:00:00+00:00,31947.4,11.91,6.28,534.7,-1.11
2022-05-03 11:00:00+00:00,31876.4,12.42,7.38,590.7,66.39
2022-05-03 12:00:00+00:00,31625.6,12.63,7.31,507.1,86.5
2022-05-03 13:00:00+00:00,31004.0,14.15,7.49,571.1,83.35
2022-05-03 14:00:00+00:00,30293.7,15.23,7.11,249.3,96.55
2022-05-03 15:00:00+00:00,30342.4,15.34,7.59,335.2,82.49
2022-05-03 16:00:00+00:00,30882.6,15.06,6.63,333.0,82.49
2022-05-03 17:00:00+00:00,33640.4,14.69,8.05,152.1,126.95
2022-05-03 18:00:00+00:00,34940.6,14.35,8.89,0.0,126.92
2022-05-03 19:00:00+00:00,33777.2,14.69,7.86,0.0,148.53
2022-05-03 20:00:00+00:00,31364.9,14.19,7.2,0.0,122.94
2022-05-03 21:00:00+00:00,29348.9,13.82,7.52,0.0,111.06
2022-05-03 22:00:00+00:00,26247.7,13.7,7.23,0.0,98.67
2022-05-03 23:00:00+00:00,24406.2,12.21,7.64,0.0,73.42
2022-05-04 00:00:00+00:00,23706.7,12.13,7.33,0.0,79.28
2022-05-04 01:00:00+00:00,23491.3,11.42,8.51,0.0,60.49
2022-05-04 02:00:00+00:00,24185.3,9.56,8.44,0.0,63.49
2022-05-04 03:00:00+00:00,24491.9,8.18,10.26,0.0,54.41
2022-05-04 04:00:00+00:00,25760.3,7.71,10.57,0.0,64.59
2022-05-04 05:00:00+00:00,26238.6,8.38,9.33,0.0,99.61
2022-05-04 06:00:00+00:00,28623.2,8.97,10.85,0.0,76.13
2022-05-04 07:00:00+00:00,30499.2,9.74,11.51,75.8,93.51
2022-05-04 08:00:00+00:00,30079.9,11.67,11.59,249.6,69.7
2022-05-04 09:00:00+00:00,30683.7,11.68,11.86,257.2,62.21
2022-05-04 10:00:00+00:00,30556.1,12.46,10.69,570.3,64.53
2022-05-04 11:00:00+00:00,30199.1,13.39,9.09,393.2,70.82
2022-05-04 12:00:00+00:00,29872.0,13.58,8.96,666.9,50.48
2022-05-04 13:00:00+00:00,29357.7,14.11,9.94,650.0,58.62
2022-05-04 14:00:00+00:00,30146.2,13.47,10.1,572.2,54.64
2022-05-04 15:00:00+00:00,30292.2,14.47,11.28,423.6,64.71
2022-05-04 16:00:00+00:00,31781.0,13.99,12.1,288.9,76.41
2022-05-04 17:00:00+00:00,32634.8,14.95,11.86,172.0,90.59
2022-05-04 18:00:00+00:00,33423.9,14.45,12.54,0.0,91.79
2022-05-04 19:00:00+00:00,32774.1,14.45,13.46,0.0,104.74
2022-05-04 20:00:00+00:00,30815.8,13.68,13.07,0.0,88.73
2022-05-04 21:00:00+00:00,29434.3,12.87,12.6,0.0,88.92
2022-05-04 22:00:00+00:00,27779.2,11.73,12.43,0.0,72.94
2022-05-04 23:00:00+00:00,26164.0,11.07,10.27,0.0,84.32
2022-05-05 00:00:00+00:00,25014.5,10.77,10.33,0.0,68.09
2022-05-05 01:00:00+00:00,23866.5,9.81,10.73,0.0,71.28
2022-05-05 02:00:00+00:00,24459.0,9.44,10.65,0.0,52.47
2022-05-05 03:00:00+00:00,23743.4,8.98,10.74,0.0,48.87
2022-05-05 04:00:00+00:00,23935.6,10.48,10.52,0.0,77.01
2022-05-05 05:00:00+00:00,25290.5,10.7,8.78,0.0,84.93
2022-05-05 06:00:00+00:00,27259.6,12.08,9.99,0.0,100.61
2022-05-05 07:00:00+00:00,29831.5,12.53,9.55,167.9,93.8
2022-05-05 08:00:00+00:00,30498.1,13.36,8.94,335.5,80.14
2022-05-05 09:00:00+00:00,30618.8,13.3,9.91,263.4,102.31
2022-05-05 10:00:00+00:00,30199.4,13.78,10.53,313.9,55.97
2022-05-05 11:00:00+00:00,29908.8,14.62,10.57,538.9,64.02
2022-05-05 12:00:00+00:00,29960.4,16.18,10.99,477.7,33.07
2022-05-05 13:00:00+00:00,29497.6,16.74,9.89,562.8,70.59
2022-05-05 14:00:00+00:00,29283.0,17.82,9.68,542.1,46.59
2022-05-05 15:00:00+00:00,30003.5,18.24,10.56,197.9,78.18
2022-05-05 16:00:00+00:00,30730.4,19.03,9.85,319.3,71.03
2022-05-05 17:00:00+00:00,32219.2,18.59,8.93,99.7,116.37
2022-05-05 18:00:00+00:00,32686.9,19.44,8.89,0.0,118.78
2022-05-05 19:00:00+00:00,31954.0,18.38,8.88,0.0,130.15
2022-05-05 20:00:00+00:00,29147.0,17.07,9.29,0.0,90.68
2022-05-05 21:00:00+00:00,27381.2,15.45,8.1,0.0,81.32
2022-05-05 22:00:00+00:00,24843.2,15.99,6.05,0.0,84.27
2022-05-05 23:00:00+00:00,23412.4,15.63,6.82,0.0,92.64
2022-05-06 00:00:00+00:00,22450.5,14.8,5.98,0.0,85.46
2022-05-06 01:00:00+00:00,21501.3,14.94,5.55,0.0,83.22
2022-05-06 02:00:00+00:00,20866.4,14.91,3.92,0.0,71.17
2022-05-06 03:00:00+00:00,20992.2,15.83,4.87,0.0,59.1
2022-05-06 04:00:00+00:00,22068.1,14.82,5.25,0.0,90.93
2022-05-06 05:00:00+00:00,23749.4,14.81,5.58,0.0,71.26
2022-05-06 06:00:00+00:00,25777.3,14.87,5.89,0.0,95.62
2022-05-06 07:00:00+00:00,28533.9,14.17,4.34,139.9,103.79
2022-05-06 08:00:00+00:00,30092.0,15.44,3.7,195.4,120.0
2022-05-06 09:00:00+00:00,31550.5,15.95,3.51,439.3,94.38
2022-05-06 10:00:00+00:00,31324.4,17.07,3.1,376.4,125.38
2022-05-06 11:00:00+00:00,31244.9,19.1,3.08,424.7,126.73
2022-05-06 12:00:00+00:00,31096.6,19.36,3.47,279.1,-14.39
2022-05-06 13:00:00+00:00,30612.6,19.45,4.43,498.9,85.49
2022-05-06 14:00:00+00:00,30630.8,19.7,3.4,330.4,118.78
2022-05-06 15:00:00+00:00,30020.0,20.27,3.58,467.1,98.3
2022-05-06 16:00:00+00:00,31250.5,19.68,4.3,301.4,115.4
2022-05-06 17:00:00+00:00,33649.7,18.88,3.72,174.2,158.74
2022-05-06 18:00:00+00:00,35081.3,18.93,3.73,0.0,158.87
2022-05-06 19:00:00+00:00,34005.6,18.41,4.26,0.0,160.73
2022-05-06 20:00:00+00:00,31671.7,16.33,4.4,0.0,121.7
2022-05-06 21:00:00+00:00,29954.7,14.74,5.06,0.0,126.04
2022-05-06 22:00:00+00:00,27118.5,14.8,5.23,0.0,116.7
2022-05-06 23:00:00+00:00,25022.7,14.23,5.08,0.0,94.17
2022-05-07 00:00:00+00:00,21382.3,13.19,4.26,0.0,84.43
2022-05-07 01:00:00+00:00,20458.6,12.53,4.59,0.0,62.86
2022-05-07 02:00:00+00:00,19923.9,12.17,4.79,0.0,62.04
2022-05-07 03:00:00+00:00,20070.7,12.44,4.12,0.0,69.84
2022-05-07 04:00:00+00:00,20913.3,11.65,4.72,0.0,67.6
2022-05-07 05:00:00+00:00,22175.5,11.39,5.82,0.0,83.63
2022-05-07 06:00:00+00:00,24319.1,12.0,5.37,0.0,100.92
2022-05-07 07:00:00+00:00,26884.7,12.52,4.88,175.5,101.87
2022-05-07 08:00:00+00:00,27492.4,13.55,4.39,303.9,67.15
2022-05-07 09:00:00+00:00,27722.9,13.54,3.21,479.0,84.46
2022-05-07 10:00:00+00:00,27943.3,14.51,4.96,386.6,94.56
2022-05-07 11:00:00+00:00,27510.5,15.86,4.71,575.4,69.67
2022-05-07 12:00:00+00:00,26725.9,16.72,4.16,551.4,69.12
2022-05-07 13:00:00+00:00,26943.7,17.23,3.42,519.7,88.3
2022-05-07 14:00:00+00:00,27447.0,17.42,3.29,256.2,111.49
2022-05-07 15:00:00+00:00,28167.4,16.97,2.94,218.5,116.6
2022-05-07 16:00:00+00:00,29952.6,16.79,4.26,180.3,102.03
2022-05-07 17:00:00+00:00,32278.7,17.21,3.42,153.4,126.17
2022-05-07 18:00:00+00:00,32979.7,16.61,2.4,0.0,162.09
2022-05-07 19:00:00+00:00,31405.1,15.4,3.06,0.0,124.35
2022-05-07 20:00:00+00:00,29702.9,14.35,3.17,0.0,150.74
2022-05-07 21:00:00+00:00,28016.3,13.67,3.19,0.0,125.51
2022-05-07 22:00:00+00:00,26016.7,12.64,3.82,0.0,101.73
2022-05-07 23:00:00+00:00,22717.3,12.19,4.08,0.0,82.24
2022-05-08 00:00:00+00:00,22251.6,11.98,4.19,0.0,96.26
2022-05-08 01:00:00+00:00,21140.1,12.0,3.24,0.0,70.12
2022-05-08 02:00:00+00:00,19725.2,12.51,2.12,0.0,61.04
2022-05-08 03:00:00+00:00,19466.6,12.93,1.82,0.0,70.44
2022-05-08 04:00:00+00:00,20183.1,12.38,1.23,0.0,90.82
2022-05-08 05:00:00+00:00,20825.6,12.07,1.73,0.0,105.06
2022-05-08 06:00:00+00:00,22958.0,12.45,0.58,0.0,120.19
2022-05-08 07:00:00+00:00,25536.3,12.75,0.55,132.4,109.76
2022-05-08 08:00:00+00:00,27149.7,12.75,0.74,156.2,123.93
2022-05-08 09:00:00+00:00,28108.0,13.24,1.02,473.5,105.98
2022-05-08 10:00:00+00:00,27824.7,13.72,1.63,396.9,105.24
2022-05-08 11:00:00+00:00,27645.2,14.04,1.65,449.7,78.4
2022-05-08 12:00:00+00:00,27660.2,14.49,1.39,523.6,91.11
2022-05-08 13:00:00+00:00,26724.2,15.69,2.65,589.0,85.07
2022-05-08 14:00:00+00:00,26856.9,16.1,2.61,268.4,119.9
2022-05-08 15:00:00+00:00,27763.1,17.68,3.94,407.8,93.46
2022-05-08 16:00:00+00:00,29819.0,17.62,3.84,332.0,118.76
2022-05-08 17:00:00+00:00,32312.9,17.1,3.99,120.5,146.08
2022-05-08 18:00:00+00:00,33402.5,16.57,4.03,0.0,148.46
2022-05-08 19:00:00+00:00,31847.5,16.06,4.36,0.0,127.81
2022-05-08 20:00:00+00:00,29907.7,15.55,4.16,0.0,141.92
2022-05-08 21:00:00+00:00,27025.7,15.96,4.38,0.0,130.67
2022-05-08 22:00:00+00:00,24651.5,14.59,5.71,0.0,86.53
2022-05-08 23:00:00+00:00,23063.7,14.31,6.59,0.0,88.37
2022-05-09 00:00:00+00:00,24110.8,13.85,7.44,0.0,79.69
2022-05-09 01:00:00+00:00,24542.6,12.34,6.37,0.0,72.78
2022-05-09 02:00:00+00:00,23537.3,12.45,5.48,0.0,85.84
2022-05-09 03:00:00+00:00,22005.4,13.04,5.72,0.0,69.18
2022-05-09 04:00:00+00:00,22516.6,12.54,6.39,0.0,78.78
2022-05-09 05:00:00+00:00,23996.4,12.76,6.01,0.0,89.26
2022-05-09 06:00:00+00:00,26160.9,12.13,5.52,0.0,94.5
2022-05-09 07:00:00+00:00,29222.6,11.96,6.68,172.3,87.57
2022-05-09 08:00:00+00:00,30494.7,13.3,7.23,303.8,91.26
2022-05-09 09:00:00+00:00,30908.8,13.77,8.05,333.9,107.27
2022-05-09 10:00:00+00:00,30625.3,13.86,7.65,576.5,63.03
2022-05-09 11:00:00+00:00,30561.6,14.72,7.21,521.6,87.97
2022-05-09 12:00:00+00:00,31085.9,15.02,7.94,682.2,74.35
2022-05-09 13:00:00+00:00,29878.5,15.22,7.69,315.0,83.43
2022-05-09 14:00:00+00:00,28882.4,15.97,7.18,404.6,70.86
2022-05-09 15:00:00+00:00,29016.6,15.38,6.46,403.1,90.07
2022-05-09 16:00:00+00:00,31608.4,14.75,6.08,227.6,114.07
2022-05-09 17:00:00+00:00,33882.3,14.58,6.81,111.4,127.39
2022-05-09 18:00:00+00:00,34858.2,14.72,5.64,0.0,157.36
2022-05-09 19:00:00+00:00,32833.8,14.85,6.2,0.0,153.75
2022-05-09 20:00:00+00:00,31998.7,13.72,5.69,0.0,147.66
2022-05-09 21:00:00+00:00,29711.1,13.51,5.59,0.0,123.37
2022-05-09 22:00:00+00:00,27821.2,12.25,5.55,0.0,77.2
2022-05-09 23:00:00+00:00,25433.9,12.62,5.45,0.0,94.84
2022-05-10 00:00:00+00:00,24292.7,11.41,5.3,0.0,81.16
2022-05-10 01:00:00+00:00,23055.1,11.72,5.04,0.0,83.16
2022-05-10 02:00:00+00:00,22844.2,11.0,4.69,0.0,82.34
2022-05-10 03:00:00+00:00,22563.6,12.08,5.84,0.0,74.81
2022-05-10 04:00:00+00:00,21909.1,12.48,5.91,0.0,84.4
2022-05-10 05:00:00+00:00,22941.4,12.1,5.87,0.0,77.8
2022-05-10 06:00:00+00:00,25167.0,12.22,5.42,0.0,93.16
2022-05-10 07:00:00+00:00,28025.6,13.28,5.18,88.5,112.72
2022-05-10 08:00:00+00:00,28974.2,14.58,4.77,237.2,94.6
2022-05-10 09:00:00+00:00,29597.0,15.25,5.48,346.6,93.84
2022-05-10 10:00:00+00:00,29495.5,15.99,4.97,416.2,80.68
2022-05-10 11:00:00+00:00,29342.9,17.11,3.31,374.0,111.69
2022-05-10 12:00:00+00:00,28873.3,17.74,3.54,336.8,106.41
2022-05-10 13:00:00+00:00,28031.0,17.36,3.5,657.6,96.89
2022-05-10 14:00:00+00:00,28120.6,17.13,3.21,451.2,76.8
2022-05-10 15:00:00+00:00,29104.9,17.34,4.12,460.7,103.21
2022-05-10 16:00:00+00:00,31317.5,17.93,2.12,285.2,112.67
2022-05-10 17:00:00+00:00,34182.2,18.54,3.6,164.0,138.2
2022-05-10 18:00:00+00:00,35506.8,18.45,4.59,0.0,141.1
2022-05-10 19:00:00+00:00,33720.7,17.91,4.22,0.0,154.55
2022-05-10 20:00:00+00:00,32306.0,17.54,4.01,0.0,149.27
2022-05-10 21:00:00+00:00,30252.6,16.25,4.55,0.0,128.07
2022-05-10 22:00:00+00:00,27122.1,15.29,5.09,0.0,87.77
2022-05-10 23:00:00+00:00,25249.1,13.99,4.69,0.0,95.24
2022-05-11 00:00:00+00:00,24551.1,12.67,3.54,0.0,103.89
2022-05-11 01:00:00+00:00,23803.6,12.35,5.37,0.0,79.12
2022-05-11 02:00:00+00:00,23059.1,12.11,6.2,0.0,79.05
2022-05-11 03:00:00+00:00,22138.8,12.37,6.36,0.0,83.76
2022-05-11 04:00:00+00:00,22674.3,12.74,6.53,0.0,69.52
2022-05-11 05:00:00+00:00,23173.5,13.12,7.04,0.0,64.65
2022-05-11 06:00:00+00:00,25485.8,13.85,7.62,0.0,85.48
2022-05-11 07:00:00+00:00,28326.8,14.37,5.95,178.5,117.64
2022-05-11 08:00:00+00:00,29292.9,15.26,5.73,197.9,110.15
2022-05-11 09:00:00+00:00,30821.6,15.52,5.44,333.8,90.98
2022-05-11 10:00:00+00:00,30772.3,16.45,5.39,486.9,108.59
2022-05-11 11:00:00+00:00,29891.6,17.51,6.07,321.9,93.81
2022-05-11 12:00:00+00:00,29682.6,17.64,4.72,515.7,87.73
2022-05-11 13:00:00+00:00,28354.9,18.09,3.78,366.4,85.06
2022-05-11 14:00:00+00:00,28413.9,17.95,3.41,331.0,104.36
2022-05-11 15:00:00+00:00,29226.1,17.68,3.71,384.7,82.74
2022-05-11 16:00:00+00:00,32264.1,16.86,4.52,209.3,117.49
2022-05-11 17:00:00+00:00,34482.8,17.3,5.92,135.0,145.95
2022-05-11 18:00:00+00:00,34897.1,17.42,5.75,0.0,154.27
2022-05-11 19:00:00+00:00,33398.2,17.06,6.46,0.0,132.65
2022-05-11 20:00:00+00:00,31854.1,17.45,7.05,0.0,125.85
2022-05-11 21:00:00+00:00,29776.1,16.46,7.47,0.0,120.04
2022-05-11 22:00:00+00:00,27543.0,17.41,7.43,0.0,103.74
2022-05-11 23:00:00+00:00,25843.8,16.4,7.09,0.0,98.16
2022-05-12 00:00:00+00:00,24610.3,15.92,6.25,0.0,76.79
2022-05-12 01:00:00+00:00,22524.8,15.07,5.41,0.0,73.68
2022-05-12 02:00:00+00:00,21243.8,14.86,5.76,0.0,90.54
2022-05-12 03:00:00+00:00,20250.3,15.13,5.78,0.0,61.17
2022-05-12 04:00:00+00:00,20208.7,15.03,5.51,0.0,61.73
2022-05-12 05:00:00+00:00,21187.3,16.26,6.11,0.0,70.23
2022-05-12 06:00:00+00:00,24734.1,16.71,6.0,0.0,93.11
2022-05-12 07:00:00+00:00,27496.6,17.33,5.33,130.4,91.72
2022-05-12 08:00:00+00:00,29469.6,17.35,5.21,282.0,78.41
2022-05-12 09:00:00+00:00,30053.3,18.24,5.94,325.2,96.54
2022-05-12 10:00:00+00:00,30237.1,18.79,5.19,507.5,91.59
2022-05-12 11:00:00+00:00,30028.5,19.01,5.44,420.0,77.79
2022-05-12 12:00:00+00:00,29205.0,19.04,5.48,555.7,83.27
2022-05-12 13:00:00+00:00,29020.3,21.02,4.96,596.1,82.75
2022-05-12 14:00:00+00:00,28477.7,21.01,4.83,605.4,85.91
2022-05-12 15:00:00+00:00,28568.5,20.1,3.71,397.7,86.76
2022-05-12 16:00:00+00:00,30384.2,19.46,3.96,219.4,123.82
2022-05-12 17:00:00+00:00,33298.8,19.04,3.05,154.8,152.76
2022-05-12 18:00:00+00:00,33965.3,18.8,4.08,0.0,171.58
2022-05-12 19:00:00+00:00,32600.9,18.41,4.16,0.0,156.75
2022-05-12 20:00:00+00:00,30749.3,17.99,3.85,0.0,149.35
2022-05-12 21:00:00+00:00,28782.3,16.71,4.92,0.0,122.77
2022-05-12 22:00:00+00:00,26464.1,16.04,4.21,0.0,106.63
2022-05-12 23:00:00+00:00,24124.0,14.69,3.77,0.0,112.23
2022-05-13 00:00:00+00:00,23448.9,13.74,2.5,0.0,89.65
2022-05-13 01:00:00+00:00,22327.4,12.64,3.75,0.0,104.14
2022-05-13 02:00:00+00:00,21480.6,11.58,5.38,0.0,82.95
2022-05-13 03:00:00+00:00,21050.4,12.09,4.15,0.0,75.74
2022-05-13 04:00:00+00:00,21197.2,12.56,3.65,0.0,66.78
2022-05-13 05:00:00+00:00,23668.0,13.39,3.88,0.0,95.61
2022-05-13 06:00:00+00:00,26281.4,13.81,3.63,0.0,106.99
2022-05-13 07:00:00+00:00,29109.6,14.83,3.77,113.1,105.58
2022-05-13 08:00:00+00:00,30702.9,14.41,3.84,181.6,119.96
2022-05-13 09:00:00+00:00,30887.3,15.66,4.32,333.1,122.35
2022-05-13 10:00:00+00:00,31974.3,16.48,3.7,369.6,120.46
2022-05-13 11:00:00+00:00,31100.5,17.51,4.02,480.9,103.2
2022-05-13 12:00:00+00:00,30742.4,18.29,3.29,547.0,86.95
2022-05-13 13:00:00+00:00,30809.8,18.09,3.16,600.4,98.12
2022-05-13 14:00:00+00:00,29889.4,17.43,1.99,488.0,124.56
2022-05-13 15:00:00+00:00,30086.2,17.08,1.92,477.4,111.51
2022-05-13 16:00:00+00:00,31728.0,17.3,1.73,303.7,130.94
2022-05-13 17:00:00+00:00,33609.7,17.39,2.73,132.9,160.23
2022-05-13 18:00:00+00:00,34843.7,16.05,2.9,0.0,181.5
2022-05-13 19:00:00+00:00,32823.9,14.83,3.2,0.0,168.92
2022-05-13 20:00:00+00:00,31545.7,13.68,3.37,0.0,149.97
2022-05-13 21:00:00+00:00,29966.5,12.71,1.89,0.0,128.66
2022-05-13 22:00:00+00:00,28494.6,11.14,0.58,0.0,153.24
2022-05-13 23:00:00+00:00,27049.4,9.61,0.65,0.0,130.35
2022-05-14 00:00:00+00:00,24080.5,8.69,1.19,0.0,108.32
2022-05-14 01:00:00+00:00,23361.6,8.36,1.3,0.0,98.97
2022-05-14 02:00:00+00:00,22299.6,7.43,0.91,0.0,109.89
2022-05-14 03:00:00+00:00,21465.6,7.36,1.02,0.0,108.42
2022-05-14 04:00:00+00:00,21804.4,8.19,1.07,0.0,93.98
2022-05-14 05:00:00+00:00,23551.9,7.79,1.97,0.0,112.7
2022-05-14 06:00:00+00:00,25786.2,8.24,2.79,0.0,126.27
2022-05-14 07:00:00+00:00,28636.4,9.58,2.57,107.5,129.52
2022-05-14 08:00:00+00:00,29936.4,10.13,2.75,152.4,129.46
2022-05-14 09:00:00+00:00,30841.1,10.64,3.18,229.1,125.54
2022-05-14 10:00:00+00:00,30043.7,12.21,3.7,279.5,109.28
2022-05-14 11:00:00+00:00,29033.4,12.81,5.16,473.5,95.57
2022-05-14 12:00:00+00:00,28826.4,14.17,5.23,326.6,108.32
2022-05-14 13:00:00+00:00,28146.1,14.95,6.23,454.0,79.59
2022-05-14 14:00:00+00:00,27426.7,15.08,5.36,514.6,69.85
2022-05-14 15:00:00+00:00,27414.9,15.52,4.95,476.2,84.18
2022-05-14 16:00:00+00:00,29429.4,15.64,3.38,193.4,111.16
2022-05-14 17:00:00+00:00,31280.5,15.98,3.68,173.9,143.67
2022-05-14 18:00:00+00:00,32335.8,15.19,4.35,0.0,157.75
2022-05-14 19:00:00+00:00,30888.6,14.61,2.48,0.0,152.71
2022-05-14 20:00:00+00:00,29167.0,13.86,2.86,0.0,131.13
2022-05-14 21:00:00+00:00,26265.3,13.53,3.54,0.0,112.43
2022-05-14 22:00:00+00:00,24150.2,12.14,4.14,0.0,81.03
2022-05-14 23:00:00+00:00,22713.3,12.05,3.35,0.0,86.44
2022-05-15 00:00:00+00:00,22217.8,11.83,4.13,0.0,94.24
2022-05-15 01:00:00+00:00,21466.3,10.56,4.28,0.0,73.85
2022-05-15 02:00:00+00:00,21053.8,11.01,4.88,0.0,99.77
2022-05-15 03:00:00+00:00,19577.7,12.24,4.89,0.0,62.05
2022-05-15 04:00:00+00:00,19526.4,12.9,5.29,0.0,55.27
2022-05-15 05:00:00+00:00,20557.4,14.0,6.25,0.0,68.97
2022-05-15 06:00:00+00:00,22832.5,14.44,6.12,0.0,83.74
2022-05-15 07:00:00+00:00,26413.2,13.98,6.39,144.8,103.21
2022-05-15 08:00:00+00:00,28244.2,13.55,7.4,328.8,79.31
2022-05-15 09:00:00+00:00,28394.5,14.46,7.27,323.9,74.93
2022-05-15 10:00:00+00:00,28565.4,14.86,6.38,484.7,72.27
2022-05-15 11:00:00+00:00,27935.7,15.03,6.94,469.5,84.45
2022-05-15 12:00:00+00:00,27247.2,15.62,8.06,320.4,89.37
2022-05-15 13:00:00+00:00,26954.0,16.47,9.02,495.1,47.51
2022-05-15 14:00:00+00:00,26256.6,15.9,9.48,286.5,60.36
2022-05-15 15:00:00+00:00,27310.7,15.76,7.52,418.3,83.1
2022-05-15 16:00:00+00:00,28246.7,16.59,7.0,213.8,99.81
2022-05-15 17:00:00+00:00,30650.2,15.65,6.54,166.4,106.89
2022-05-15 18:00:00+00:00,32419.2,15.72,6.6,0.0,123.2
2022-05-15 19:00:00+00:00,31843.6,14.81,7.94,0.0,117.63
2022-05-15 20:00:00+00:00,29640.3,14.43,7.05,0.0,124.24
2022-05-15 21:00:00+00:00,27922.8,14.31,8.8,0.0,81.07
2022-05-15 22:00:00+00:00,25778.2,13.97,8.41,0.0,87.27
2022-05-15 23:00:00+00:00,23585.4,13.76,7.74,0.0,72.06
2022-05-16 00:00:00+00:00,25109.4,12.52,8.36,0.0,74.19
2022-05-16 01:00:00+00:00,23290.6,12.69,9.02,0.0,62.21
2022-05-16 02:00:00+00:00,22255.9,11.84,9.42,0.0,67.43
2022-05-16 03:00:00+00:00,22267.8,11.87,8.7,0.0,68.0
2022-05-16 04:00:00+00:00,22765.8,12.1,9.01,0.0,74.37
2022-05-16 05:00:00+00:00,23194.6,12.66,8.1,0.0,63.38
2022-05-16 06:00:00+00:00,25373.9,13.3,7.42,0.0,71.48
2022-05-16 07:00:00+00:00,27895.4,13.36,7.33,163.9,93.97
2022-05-16 08:00:00+00:00,29703.7,13.25,6.67,266.9,98.99
2022-05-16 09:00:00+00:00,29793.9,14.55,7.51,364.4,83.22
2022-05-16 10:00:00+00:00,30137.6,15.42,7.03,286.6,78.59
2022-05-16 11:00:00+00:00,29692.0,16.81,6.86,612.4,81.82
2022-05-16 12:00:00+00:00,28932.8,17.36,6.18,334.1,62.87
2022-05-16 13:00:00+00:00,29305.3,16.95,7.03,377.5,94.02
2022-05-16 14:00:00+00:00,29233.9,17.82,6.51,565.9,82.4
2022-05-16 15:00:00+00:00,29897.3,17.67,7.42,422.8,91.13
2022-05-16 16:00:00+00:00,31858.5,17.75,8.24,167.0,110.23
2022-05-16 17:00:00+00:00,34537.2,17.03,7.83,84.3,112.4
2022-05-16 18:00:00+00:00,35433.2,17.53,7.81,0.0,130.65
2022-05-16 19:00:00+00:00,33942.8,16.33,7.4,0.0,131.64
2022-05-16 20:00:00+00:00,31698.5,15.38,7.81,0.0,142.83
2022-05-16 21:00:00+00:00,29361.9,14.65,7.61,0.0,120.93
2022-05-16 22:00:00+00:00,27814.7,13.19,7.26,0.0,102.22
2022-05-16 23:00:00+00:00,25937.1,12.67,7.28,0.0,86.53
2022-05-17 00:00:00+00:00,24513.0,13.12,6.03,0.0,92.21
2022-05-17 01:00:00+00:00,23693.3,12.32,6.02,0.0,94.51
2022-05-17 02:00:00+00:00,23223.9,12.23,6.57,0.0,83.24
2022-05-17 03:00:00+00:00,23018.4,10.44,6.7,0.0,64.41
2022-05-17 04:00:00+00:00,23361.9,10.54,7.46,0.0,90.65
2022-05-17 05:00:00+00:00,24026.8,10.67,7.14,0.0,86.84
2022-05-17 06:00:00+00:00,26574.6,10.68,6.78,0.0,94.24
2022-05-17 07:00:00+00:00,29469.3,11.98,5.92,79.5,119.15
2022-05-17 08:00:00+00:00,31834.6,12.53,5.65,331.3,125.26
2022-05-17 09:00:00+00:00,32239.5,13.22,7.26,473.7,100.5
2022-05-17 10:00:00+00:00,32204.2,13.8,7.46,528.2,95.85
2022-05-17 11:00:00+00:00,31322.9,13.4,6.98,436.8,110.67
2022-05-17 12:00:00+00:00,31166.7,13.4,6.19,607.1,80.17
2022-05-17 13:00:00+00:00,29507.9,14.54,4.98,530.0,78.99
2022-05-17 14:00:00+00:00,30092.6,13.64,4.43,508.7,92.16
2022-05-17 15:00:00+00:00,29903.1,13.38,5.16,235.8,119.91
2022-05-17 16:00:00+00:00,31361.2,13.15,4.92,340.7,123.59
2022-05-17 17:00:00+00:00,33869.6,14.01,4.27,116.2,150.34
2022-05-17 18:00:00+00:00,35510.1,14.07,3.74,0.0,161.32
2022-05-17 19:00:00+00:00,34681.1,13.18,4.41,0.0,179.01
2022-05-17 20:00:00+00:00,32161.8,13.31,4.48,0.0,134.14
2022-05-17 21:00:00+00:00,29926.6,12.13,4.12,0.0,129.75
2022-05-17 22:00:00+00:00,27357.1,12.02,4.02,0.0,112.41
2022-05-17 23:00:00+00:00,26206.5,10.51,5.89,0.0,113.06
2022-05-18 00:00:00+00:00,24901.6,10.72,6.9,0.0,87.41
2022-05-18 01:00:00+00:00,23509.6,10.03,8.05,0.0,91.07
2022-05-18 02:00:00+00:00,23921.8,9.16,6.63,0.0,92.8
2022-05-18 03:00:00+00:00,24241.0,8.99,6.53,0.0,77.95
2022-05-18 04:00:00+00:00,25117.7,9.33,6.05,0.0,91.97
2022-05-18 05:00:00+00:00,25262.0,9.39,6.52,0.0,88.12
2022-05-18 06:00:00+00:00,26887.0,10.26,7.38,0.0,112.46
2022-05-18 07:00:00+00:00,29886.1,10.59,7.61,148.2,113.15
2022-05-18 08:00:00+00:00,31233.5,11.74,6.9,318.6,88.51
2022-05-18 09:00:00+00:00,31204.4,12.83,6.39,317.7,112.29
2022-05-18 10:00:00+00:00,30553.5,13.61,6.9,580.5,80.82
2022-05-18 11:00:00+00:00,29716.8,14.11,7.47,566.7,61.62
2022-05-18 12:00:00+00:00,30211.3,14.87,7.56,461.3,76.2
2022-05-18 13:00:00+00:00,28874.0,15.72,7.63,578.0,65.5
2022-05-18 14:00:00+00:00,27965.1,17.29,7.64,584.1,39.61
2022-05-18 15:00:00+00:00,27944.2,17.94,7.82,314.8,82.27
2022-05-18 16:00:00+00:00,30108.6,18.4,8.34,234.0,96.93
2022-05-18 17:00:00+00:00,32590.8,19.92,8.76,156.1,111.75
2022-05-18 18:00:00+00:00,33865.5,19.65,8.69,0.0,133.94
2022-05-18 19:00:00+00:00,32161.2,19.22,8.57,0.0,121.77
2022-05-18 20:00:00+00:00,30255.3,18.81,8.42,0.0,102.17
2022-05-18 21:00:00+00:00,28309.1,17.32,7.74,0.0,99.02
2022-05-18 22:00:00+00:00,26702.7,16.18,7.08,0.0,91.58
2022-05-18 23:00:00+00:00,25629.5,15.07,7.51,0.0,96.95
2022-05-19 00:00:00+00:00,24188.7,14.88,6.92,0.0,74.52
2022-05-19 01:00:00+00:00,23463.8,14.21,7.56,0.0,71.85
2022-05-19 02:00:00+00:00,22841.9,13.92,7.5,0.0,74.3
2022-05-19 03:00:00+00:00,22529.1,14.4,8.11,0.0,53.61
2022-05-19 04:00:00+00:00,22589.2,14.92,8.55,0.0,62.28
2022-05-19 05:00:00+00:00,23885.3,15.02,9.14,0.0,71.72
2022-05-19 06:00:00+00:00,26442.0,14.99,8.66,0.0,90.97
2022-05-19 07:00:00+00:00,29368.8,16.21,8.89,84.1,103.05
2022-05-19 08:00:00+00:00,30983.3,17.29,9.38,316.5,82.31
2022-05-19 09:00:00+00:00,31842.6,16.99,8.04,492.2,78.7
2022-05-19 10:00:00+00:00,31520.2,17.5,9.32,531.8,73.29
2022-05-19 11:00:00+00:00,30763.6,18.25,10.98,391.6,76.54
2022-05-19 12:00:00+00:00,29658.2,19.26,11.52,418.2,60.24
2022-05-19 13:00:00+00:00,29304.6,20.2,11.92,701.6,27.28
2022-05-19 14:00:00+00:00,29321.9,20.57,12.14,528.0,72.05
2022-05-19 15:00:00+00:00,28788.4,20.92,11.63,471.4,45.65
2022-05-19 16:00:00+00:00,30421.2,20.75,11.31,248.3,67.88
2022-05-19 17:00:00+00:00,33301.6,19.93,11.85,166.6,94.48
2022-05-19 18:00:00+00:00,34183.3,19.21,10.85,0.0,132.88
2022-05-19 19:00:00+00:00,32758.2,18.51,9.82,0.0,126.92
2022-05-19 20:00:00+00:00,31103.9,17.69,9.37,0.0,131.6
2022-05-19 21:00:00+00:00,28901.1,15.7,9.77,0.0,88.31
2022-05-19 22:00:00+00:00,26776.3,14.64,8.95,0.0,87.08
2022-05-19 23:00:00+00:00,24703.8,13.92,8.68,0.0,89.29
2022-05-20 00:00:00+00:00,23979.5,13.21,8.51,0.0,65.24
2022-05-20 01:00:00+00:00,22432.1,12.56,7.64,0.0,82.74
2022-05-20 02:00:00+00:00,21386.0,12.53,5.7,0.0,75.71
2022-05-20 03:00:00+00:00,21373.7,11.74,4.97,0.0,71.3
2022-05-20 04:00:00+00:00,22476.4,10.86,5.27,0.0,67.11
2022-05-20 05:00:00+00:00,23784.5,10.97,5.74,0.0,94.84
2022-05-20 06:00:00+00:00,25560.7,11.93,6.19,0.0,112.62
2022-05-20 07:00:00+00:00,28478.9,13.57,6.7,148.9,105.27
2022-05-20 08:00:00+00:00,30016.3,14.74,6.23,287.7,107.65
2022-05-20 09:00:00+00:00,31142.0,14.61,5.61,419.4,106.95
2022-05-20 10:00:00+00:00,30499.5,15.24,5.97,504.7,101.6
2022-05-20 11:00:00+00:00,30851.6,16.11,5.86,631.2,98.28
2022-05-20 12:00:00+00:00,31139.7,16.83,6.63,663.5,52.45
2022-05-20 13:00:00+00:00,30708.6,17.62,6.94,711.6,70.35
2022-05-20 14:00:00+00:00,30353.0,17.35,7.95,623.4,66.16
2022-05-20 15:00:00+00:00,30612.4,17.49,7.54,376.0,95.84
2022-05-20 16:00:00+00:00,32305.3,17.64,8.35,307.5,100.73
2022-05-20 17:00:00+00:00,33852.9,17.82,9.87,124.0,123.43
2022-05-20 18:00:00+00:00,34419.5,16.84,9.77,0.0,135.21
2022-05-20 19:00:00+00:00,32875.3,16.0,10.02,0.0,102.1
2022-05-20 20:00:00+00:00,30836.2,13.65,9.14,0.0,92.02
2022-05-20 21:00:00+00:00,29903.4,12.55,9.73,0.0,112.57
2022-05-20 22:00:00+00:00,28074.7,11.51,10.48,0.0,81.71
2022-05-20 23:00:00+00:00,27477.1,10.24,9.92,0.0,106.67
2022-05-21 00:00:00+00:00,24330.5,9.91,10.23,0.0,77.46
2022-05-21 01:00:00+00:00,22415.1,9.47,10.29,0.0,39.27
2022-05-21 02:00:00+00:00,22928.2,7.89,10.43,0.0,51.5
2022-05-21 03:00:00+00:00,22194.1,8.03,10.89,0.0,54.98
2022-05-21 04:00:00+00:00,23139.0,7.68,11.11,0.0,52.67
2022-05-21 05:00:00+00:00,24543.5,8.39,10.79,0.0,65.54
2022-05-21 06:00:00+00:00,27323.3,8.2,11.25,0.0,70.39
2022-05-21 07:00:00+00:00,30154.5,8.96,11.91,109.6,90.49
2022-05-21 08:00:00+00:00,31507.5,9.64,11.23,328.5,83.27
2022-05-21 09:00:00+00:00,31344.7,10.72,11.02,464.7,81.02
2022-05-21 10:00:00+00:00,31549.3,11.68,9.43,400.5,87.4
2022-05-21 11:00:00+00:00,30722.9,12.36,9.77,405.7,74.47
2022-05-21 12:00:00+00:00,29984.7,12.17,10.59,598.8,59.39
2022-05-21 13:00:00+00:00,29453.1,11.89,10.21,449.7,71.27
2022-05-21 14:00:00+00:00,29401.9,12.0,10.15,394.4,71.65
2022-05-21 15:00:00+00:00,29818.0,12.26,9.82,355.5,91.01
2022-05-21 16:00:00+00:00,30918.3,11.95,9.38,253.1,84.24
2022-05-21 17:00:00+00:00,33548.4,12.19,9.44,174.3,125.32
2022-05-21 18:00:00+00:00,34718.1,11.69,8.71,0.0,127.59
2022-05-21 19:00:00+00:00,33217.0,10.64,8.44,0.0,138.78
2022-05-21 20:00:00+00:00,30857.9,9.91,7.66,0.0,101.77
2022-05-21 21:00:00+00:00,29525.7,9.43,8.09,0.0,109.04
2022-05-21 22:00:00+00:00,27801.7,9.0,8.22,0.0,110.53
2022-05-21 23:00:00+00:00,26223.1,9.54,7.82,0.0,89.54
2022-05-22 00:00:00+00:00,24377.3,8.74,7.81,0.0,81.65
2022-05-22 01:00:00+00:00,23065.1,8.33,7.6,0.0,78.62
2022-05-22 02:00:00+00:00,22345.9,8.4,8.46,0.0,43.64
2022-05-22 03:00:00+00:00,22627.6,8.38,8.04,0.0,73.8
2022-05-22 04:00:00+00:00,23113.6,8.28,8.49,0.0,61.8
2022-05-22 05:00:00+00:00,24167.7,7.75,7.86,0.0,90.46
2022-05-22 06:00:00+00:00,26351.1,8.05,8.45,0.0,89.9
2022-05-22 07:00:00+00:00,29474.9,8.16,9.19,121.4,99.61
2022-05-22 08:00:00+00:00,31485.0,8.0,9.93,204.4,87.07
2022-05-22 09:00:00+00:00,32442.9,8.47,10.94,276.0,102.1
2022-05-22 10:00:00+00:00,32646.2,8.8,10.97,450.1,82.3
2022-05-22 11:00:00+00:00,32032.5,10.07,11.74,644.5,45.66
2022-05-22 12:00:00+00:00,30521.0,11.24,12.77,701.5,36.87
2022-05-22 13:00:00+00:00,29295.2,11.34,11.6,404.6,68.99
2022-05-22 14:00:00+00:00,28273.8,11.65,10.9,436.4,59.0
2022-05-22 15:00:00+00:00,29048.2,10.82,9.54,482.3,73.47
2022-05-22 16:00:00+00:00,30645.6,10.62,10.24,374.0,76.34
2022-05-22 17:00:00+00:00,33248.0,10.77,8.9,177.4,129.1
2022-05-22 18:00:00+00:00,34339.1,10.98,7.41,0.0,158.45
2022-05-22 19:00:00+00:00,33167.2,10.1,6.53,0.0,124.54
2022-05-22 20:00:00+00:00,31327.1,10.19,5.2,0.0,144.16
2022-05-22 21:00:00+00:00,29357.8,8.66,5.5,0.0,139.97
2022-05-22 22:00:00+00:00,26734.4,7.31,4.73,0.0,118.07
2022-05-22 23:00:00+00:00,24732.7,7.21,3.52,0.0,107.4
2022-05-23 00:00:00+00:00,25980.3,7.88,3.66,0.0,101.3
2022-05-23 01:00:00+00:00,25648.2,7.84,3.84,0.0,108.5
2022-05-23 02:00:00+00:00,25642.9,7.65,2.54,0.0,113.54
2022-05-23 03:00:00+00:00,25496.0,6.35,2.2,0.0,128.39
2022-05-23 04:00:00+00:00,26408.8,5.4,2.38,0.0,134.05
2022-05-23 05:00:00+00:00,26537.6,5.97,2.33,0.0,123.48
2022-05-23 06:00:00+00:00,29405.8,6.42,2.31,0.0,133.0
2022-05-23 07:00:00+00:00,32402.2,6.56,3.47,130.0,123.61
2022-05-23 08:00:00+00:00,33997.1,7.53,5.32,254.6,141.37
2022-05-23 09:00:00+00:00,33115.3,8.56,5.16,516.3,117.27
2022-05-23 10:00:00+00:00,32734.3,10.09,4.22,609.6,87.45
2022-05-23 11:00:00+00:00,32848.7,11.06,4.18,377.3,131.2
2022-05-23 12:00:00+00:00,31903.2,12.57,4.47,428.8,123.78
2022-05-23 13:00:00+00:00,30841.6,13.18,4.55,423.3,81.12
2022-05-23 14:00:00+00:00,30149.3,13.54,5.15,266.5,102.47
2022-05-23 15:00:00+00:00,29706.3,14.4,6.98,384.0,116.49
2022-05-23 16:00:00+00:00,31763.3,13.81,5.64,260.7,120.84
2022-05-23 17:00:00+00:00,33149.7,15.31,5.31,92.9,165.27
2022-05-23 18:00:00+00:00,34350.9,15.12,6.6,0.0,151.69
2022-05-23 19:00:00+00:00,33472.2,14.78,6.21,0.0,157.34
2022-05-23 20:00:00+00:00,31248.6,14.42,6.87,0.0,126.41
2022-05-23 21:00:00+00:00,29159.4,14.8,7.37,0.0,107.59
2022-05-23 22:00:00+00:00,26798.2,14.49,8.32,0.0,79.03
2022-05-23 23:00:00+00:00,25790.6,12.79,9.75,0.0,86.67
2022-05-24 00:00:00+00:00,24808.0,13.14,9.87,0.0,66.24
2022-05-24 01:00:00+00:00,23927.2,12.44,8.36,0.0,68.04
2022-05-24 02:00:00+00:00,23664.0,12.2,7.74,0.0,63.81
2022-05-24 03:00:00+00:00,23741.2,11.32,9.42,0.0,71.22
2022-05-24 04:00:00+00:00,24065.1,11.75,8.19,0.0,87.1
2022-05-24 05:00:00+00:00,25202.3,11.67,8.52,0.0,82.18
2022-05-24 06:00:00+00:00,27322.4,12.22,6.48,0.0,105.08
2022-05-24 07:00:00+00:00,30252.1,12.69,5.45,176.3,134.11
2022-05-24 08:00:00+00:00,31072.3,14.59,6.22,354.1,90.66
2022-05-24 09:00:00+00:00,31543.3,16.54,6.29,249.7,134.9
2022-05-24 10:00:00+00:00,30962.2,17.29,6.03,314.0,96.61
2022-05-24 11:00:00+00:00,29782.8,18.0,5.44,644.7,81.23
2022-05-24 12:00:00+00:00,29636.3,18.35,3.96,756.9,85.19
2022-05-24 13:00:00+00:00,28758.0,19.45,4.65,540.7,97.86
2022-05-24 14:00:00+00:00,29463.4,19.49,4.55,643.3,69.51
2022-05-24 15:00:00+00:00,29338.4,19.28,3.48,428.1,107.68
2022-05-24 16:00:00+00:00,31502.0,19.73,3.68,171.2,130.29
2022-05-24 17:00:00+00:00,33528.7,19.04,4.3,187.8,154.02
2022-05-24 18:00:00+00:00,34438.7,18.5,4.28,0.0,156.92
2022-05-24 19:00:00+00:00,32454.6,16.88,4.5,0.0,130.7
2022-05-24 20:00:00+00:00,29925.4,16.56,4.66,0.0,137.75
2022-05-24 21:00:00+00:00,28154.9,16.92,4.22,0.0,125.52
2022-05-24 22:00:00+00:00,25711.2,16.51,4.4,0.0,127.97
2022-05-24 23:00:00+00:00,24388.9,16.59,5.11,0.0,108.11
2022-05-25 00:00:00+00:00,23798.5,15.48,6.01,0.0,81.3
2022-05-25 01:00:00+00:00,21807.1,15.06,6.68,0.0,84.28
2022-05-25 02:00:00+00:00,22100.0,14.11,6.17,0.0,80.06
2022-05-25 03:00:00+00:00,21435.3,13.81,6.71,0.0,79.34
2022-05-25 04:00:00+00:00,21441.1,14.32,7.09,0.0,62.64
2022-05-25 05:00:00+00:00,21968.5,14.62,6.53,0.0,72.63
2022-05-25 06:00:00+00:00,24099.6,14.18,6.19,0.0,97.56
2022-05-25 07:00:00+00:00,26572.3,13.97,6.76,138.0,100.18
2022-05-25 08:00:00+00:00,28626.4,13.85,7.85,266.7,69.01
2022-05-25 09:00:00+00:00,29191.7,14.93,6.39,228.6,109.9
2022-05-25 10:00:00+00:00,29270.3,16.94,7.7,579.1,63.83
2022-05-25 11:00:00+00:00,28416.6,18.45,8.58,603.7,63.01
2022-05-25 12:00:00+00:00,27598.8,17.87,8.65,619.2,37.71
2022-05-25 13:00:00+00:00,27469.7,19.18,8.38,309.5,86.09
2022-05-25 14:00:00+00:00,27896.9,19.99,8.62,521.9,70.02
2022-05-25 15:00:00+00:00,28535.1,19.1,8.04,377.3,72.41
2022-05-25 16:00:00+00:00,31334.8,18.78,7.85,326.2,106.21
2022-05-25 17:00:00+00:00,33676.7,19.11,6.65,90.3,139.33
2022-05-25 18:00:00+00:00,34689.4,18.92,5.31,0.0,165.6
2022-05-25 19:00:00+00:00,33128.2,17.45,7.21,0.0,126.06
2022-05-25 20:00:00+00:00,30636.9,17.07,7.25,0.0,112.63
2022-05-25 21:00:00+00:00,28514.6,14.97,7.4,0.0,103.93
2022-05-25 22:00:00+00:00,26883.8,14.06,7.36,0.0,101.2
2022-05-25 23:00:00+00:00,25454.1,14.02,6.69,0.0,113.06
2022-05-26 00:00:00+00:00,24502.5,13.5,6.47,0.0,93.99
2022-05-26 01:00:00+00:00,24195.8,12.7,6.56,0.0,99.37
2022-05-26 02:00:00+00:00,23477.0,12.93,6.43,0.0,77.57
2022-05-26 03:00:00+00:00,22917.5,13.39,5.87,0.0,80.29
2022-05-26 04:00:00+00:00,23356.2,14.24,6.3,0.0,79.57
2022-05-26 05:00:00+00:00,23637.7,15.0,6.49,0.0,85.07
2022-05-26 06:00:00+00:00,26498.6,16.05,6.82,0.0,109.11
2022-05-26 07:00:00+00:00,28786.7,17.02,7.38,187.9,96.28
2022-05-26 08:00:00+00:00,30335.7,17.79,7.23,355.7,94.65
2022-05-26 09:00:00+00:00,30028.2,18.52,7.08,450.9,95.58
2022-05-26 10:00:00+00:00,30241.6,19.05,8.24,367.2,85.79
2022-05-26 11:00:00+00:00,30595.8,18.95,7.44,378.8,88.74
2022-05-26 12:00:00+00:00,29800.7,18.92,5.95,505.7,87.27
2022-05-26 13:00:00+00:00,29099.3,19.18,6.44,312.7,115.95
2022-05-26 14:00:00+00:00,28745.7,19.58,5.97,377.7,102.23
2022-05-26 15:00:00+00:00,29005.8,20.5,5.18,240.1,128.16
2022-05-26 16:00:00+00:00,30399.1,20.29,5.97,273.2,97.92
2022-05-26 17:00:00+00:00,32962.1,20.53,5.9,152.4,139.27
2022-05-26 18:00:00+00:00,34682.2,20.61,4.97,0.0,157.99
2022-05-26 19:00:00+00:00,32906.4,19.75,6.59,0.0,139.24
2022-05-26 20:00:00+00:00,30914.7,19.28,5.35,0.0,121.71
2022-05-26 21:00:00+00:00,28897.7,18.26,5.36,0.0,137.95
2022-05-26 22:00:00+00:00,26286.1,18.18,3.97,0.0,100.61
2022-05-26 23:00:00+00:00,24620.1,17.72,4.33,0.0,113.79
2022-05-27 00:00:00+00:00,23230.6,16.36,3.96,0.0,94.62
2022-05-27 01:00:00+00:00,22238.4,15.89,4.75,0.0,79.23
2022-05-27 02:00:00+00:00,21585.0,16.47,4.85,0.0,74.35
2022-05-27 03:00:00+00:00,20641.3,16.14,6.02,0.0,72.48
2022-05-27 04:00:00+00:00,20249.4,16.39,5.73,0.0,67.53
2022-05-27 05:00:00+00:00,20743.4,16.89,4.54,0.0,80.65
2022-05-27 06:00:00+00:00,23356.1,16.62,4.85,0.0,74.77
2022-05-27 07:00:00+00:00,27084.6,17.44,4.76,145.0,86.42
2022-05-27 08:00:00+00:00,28765.1,17.21,3.45,186.6,103.04
2022-05-27 09:00:00+00:00,29486.9,17.53,2.8,476.1,116.27
2022-05-27 10:00:00+00:00,29401.2,18.88,2.43,553.0,225.2
2022-05-27 11:00:00+00:00,28951.2,19.73,3.88,487.9,95.76
2022-05-27 12:00:00+00:00,29898.0,20.07,4.59,759.7,88.13
2022-05-27 13:00:00+00:00,28945.2,20.73,4.44,519.0,96.6
2022-05-27 14:00:00+00:00,28113.6,20.91,4.93,350.6,109.3
2022-05-27 15:00:00+00:00,28194.0,20.93,3.44,474.6,109.29
2022-05-27 16:00:00+00:00,30254.8,21.14,3.18,367.2,106.41
2022-05-27 17:00:00+00:00,32571.7,20.31,3.68,110.7,150.36
2022-05-27 18:00:00+00:00,33791.9,19.78,3.98,0.0,170.71
2022-05-27 19:00:00+00:00,32090.8,18.9,3.71,0.0,162.02
2022-05-27 20:00:00+00:00,29893.9,17.16,3.84,0.0,147.19
2022-05-27 21:00:00+00:00,27662.7,15.79,4.26,0.0,123.55
2022-05-27 22:00:00+00:00,25434.9,15.94,4.39,0.0,116.59
2022-05-27 23:00:00+00:00,24134.9,15.4,5.2,0.0,83.5
2022-05-28 00:00:00+00:00,21550.0,14.03,5.54,0.0,66.66
2022-05-28 01:00:00+00:00,21515.3,12.6,6.01,0.0,92.72
2022-05-28 02:00:00+00:00,20328.3,12.24,7.4,0.0,73.91
2022-05-28 03:00:00+00:00,19251.9,13.08,8.03,0.0,69.02
2022-05-28 04:00:00+00:00,19253.2,13.04,9.34,0.0,44.61
2022-05-28 05:00:00+00:00,20211.5,14.11,8.69,0.0,45.6
2022-05-28 06:00:00+00:00,22013.3,14.75,7.36,0.0,71.52
2022-05-28 07:00:00+00:00,24810.8,15.61,7.24,172.7,97.82
2022-05-28 08:00:00+00:00,27142.5,15.47,7.05,269.7,78.1
2022-05-28 09:00:00+00:00,28341.4,16.78,8.19,333.3,81.23
2022-05-28 10:00:00+00:00,28650.8,17.31,7.24,321.3,102.97
2022-05-28 11:00:00+00:00,28430.7,18.52,7.17,320.2,90.77
2022-05-28 12:00:00+00:00,27752.2,18.6,7.48,552.1,63.67
2022-05-28 13:00:00+00:00,27157.1,19.14,7.53,707.3,60.08
2022-05-28 14:00:00+00:00,27364.8,19.61,7.37,573.0,59.56
2022-05-28 15:00:00+00:00,27855.4,19.58,7.63,346.1,86.99
2022-05-28 16:00:00+00:00,29908.2,19.68,8.45,381.1,63.5
2022-05-28 17:00:00+00:00,32540.2,19.18,9.57,101.7,99.96
2022-05-28 18:00:00+00:00,33050.3,18.27,9.47,0.0,126.09
2022-05-28 19:00:00+00:00,31671.3,18.59,8.71,0.0,137.63
2022-05-28 20:00:00+00:00,29211.9,18.44,9.82,0.0,101.89
2022-05-28 21:00:00+00:00,27263.1,17.13,8.84,0.0,96.64
2022-05-28 22:00:00+00:00,25268.3,16.64,10.15,0.0,80.64
2022-05-28 23:00:00+00:00,23939.7,15.41,11.04,0.0,61.25
2022-05-29 00:00:00+00:00,23016.8,14.13,12.0,0.0,38.56
2022-05-29 01:00:00+00:00,21638.4,14.24,12.29,0.0,51.74
2022-05-29 02:00:00+00:00,21897.7,12.88,10.37,0.0,59.43
2022-05-29 03:00:00+00:00,20688.4,13.32,9.39,0.0,58.26
2022-05-29 04:00:00+00:00,21464.6,13.24,9.51,0.0,47.71
2022-05-29 05:00:00+00:00,22373.2,13.39,8.86,0.0,83.12
2022-05-29 06:00:00+00:00,24321.3,14.09,8.52,0.0,77.1
2022-05-29 07:00:00+00:00,26564.5,15.04,8.92,106.0,99.36
2022-05-29 08:00:00+00:00,27709.4,15.23,8.69,272.6,60.1
2022-05-29 09:00:00+00:00,28975.4,16.42,7.66,223.1,93.71
2022-05-29 10:00:00+00:00,29027.9,17.23,8.32,443.6,94.09
2022-05-29 11:00:00+00:00,28421.9,17.17,8.65,313.2,81.39
2022-05-29 12:00:00+00:00,28200.8,17.68,8.38,713.4,29.63
2022-05-29 13:00:00+00:00,27354.8,18.98,8.86,575.9,46.8
2022-05-29 14:00:00+00:00,26242.4,20.25,8.84,331.8,70.22
2022-05-29 15:00:00+00:00,26579.5,20.73,9.79,470.2,68.72
2022-05-29 16:00:00+00:00,27856.2,19.84,9.77,268.6,73.8
2022-05-29 17:00:00+00:00,30577.7,19.79,10.67,141.2,108.3
2022-05-29 18:00:00+00:00,32341.5,19.76,9.02,0.0,130.97
2022-05-29 19:00:00+00:00,30530.3,19.51,9.28,0.0,110.66
2022-05-29 20:00:00+00:00,28825.9,19.18,8.85,0.0,114.73
2022-05-29 21:00:00+00:00,26398.4,18.53,8.09,0.0,106.04
2022-05-29 22:00:00+00:00,24015.2,17.61,8.94,0.0,74.68
2022-05-29 23:00:00+00:00,21842.8,16.43,9.54,0.0,54.12
2022-05-30 00:00:00+00:00,23333.2,14.7,7.84,0.0,63.26
2022-05-30 01:00:00+00:00,22880.3,14.38,8.36,0.0,78.11
2022-05-30 02:00:00+00:00,22352.1,14.15,8.76,0.0,62.88
2022-05-30 03:00:00+00:00,22122.7,14.34,8.1,0.0,76.03
2022-05-30 04:00:00+00:00,22821.9,13.58,7.39,0.0,81.77
2022-05-30 05:00:00+00:00,23509.9,14.24,6.13,0.0,93.33
2022-05-30 06:00:00+00:00,26109.5,15.9,5.91,0.0,104.97
2022-05-30 07:00:00+00:00,28680.3,16.5,5.83,164.1,97.94
2022-05-30 08:00:00+00:00,29662.3,17.11,6.51,363.3,103.31
2022-05-30 09:00:00+00:00,29900.9,18.0,6.74,524.1,95.56
2022-05-30 10:00:00+00:00,30303.4,19.91,5.93,276.0,135.14
2022-05-30 11:00:00+00:00,29874.2,19.91,6.17,694.2,71.98
2022-05-30 12:00:00+00:00,29686.8,20.57,6.01,755.2,62.79
2022-05-30 13:00:00+00:00,29027.7,20.48,5.33,502.4,79.53
2022-05-30 14:00:00+00:00,28869.2,20.38,4.17,524.3,94.46
2022-05-30 15:00:00+00:00,29693.0,20.39,4.8,332.8,118.34
2022-05-30 16:00:00+00:00,32106.5,21.04,5.26,177.8,142.39
2022-05-30 17:00:00+00:00,33874.6,21.74,5.78,111.8,161.73
2022-05-30 18:00:00+00:00,35124.7,21.42,5.27,0.0,168.21
2022-05-30 19:00:00+00:00,33573.9,20.46,5.49,0.0,141.88
2022-05-30 20:00:00+00:00,30794.3,21.12,4.49,0.0,145.01
2022-05-30 21:00:00+00:00,28923.4,19.94,3.85,0.0,113.91
2022-05-30 22:00:00+00:00,27316.1,18.69,4.03,0.0,120.81
2022-05-30 23:00:00+00:00,24986.4,16.78,4.38,0.0,104.16
2022-05-31 00:00:00+00:00,23591.8,17.01,3.24,0.0,110.83
2022-05-31 01:00:00+00:00,21616.3,17.01,2.6,0.0,102.24
2022-05-31 02:00:00+00:00,21066.1,18.04,2.54,0.0,87.52
2022-05-31 03:00:00+00:00,20930.5,16.94,3.51,0.0,81.77
2022-05-31 04:00:00+00:00,22178.2,17.79,3.05,0.0,99.5
2022-05-31 05:00:00+00:00,22827.7,17.98,3.36,0.0,105.87
2022-05-31 06:00:00+00:00,25641.5,18.79,3.73,0.0,123.35
2022-05-31 07:00:00+00:00,28674.0,18.26,3.7,136.9,119.66
2022-05-31 08:00:00+00:00,31370.1,19.74,4.07,211.1,132.85
2022-05-31 09:00:00+00:00,31760.5,20.84,3.17,506.6,108.9
2022-05-31 10:00:00+00:00,31490.8,21.43,2.85,606.0,-3.72
2022-05-31 11:00:00+00:00,31425.9,22.39,4.18,423.8,98.53
2022-05-31 12:00:00+00:00,31115.8,22.39,5.49,581.4,91.23
2022-05-31 13:00:00+00:00,30707.2,22.38,6.23,550.8,106.14
2022-05-31 14:00:00+00:00,30380.4,22.27,7.13,465.9,106.84
2022-05-31 15:00:00+00:00,29719.5,21.15,5.69,420.3,105.42
2022-05-31 16:00:00+00:00,31676.1,21.49,5.02,174.9,142.88
2022-05-31 17:00:00+00:00,34190.9,21.81,4.87,135.3,159.66
2022-05-31 18:00:00+00:00,34625.4,20.8,6.87,0.0,154.89
2022-05-31 19:00:00+00:00,33216.1,20.3,6.63,0.0,121.64
2022-05-31 20:00:00+00:00,30232.2,19.32,7.23,0.0,147.52
2022-05-31 21:00:00+00:00,28366.2,18.65,7.51,0.0,110.08
2022-05-31 22:00:00+00:00,26346.6,17.4,7.77,0.0,96.56
2022-05-31 23:00:00+00:00,24974.5,16.07,7.71,0.0,105.38
2022-06-01 00:00:00+00:00,24000.5,16.12,6.74,0.0,91.81
2022-06-01 01:00:00+00:00,22267.0,15.53,4.64,0.0,116.34
2022-06-01 02:00:00+00:00,20979.7,16.37,5.76,0.0,69.09
2022-06-01 03:00:00+00:00,21212.8,16.18,5.34,0.0,91.45
2022-06-01 04:00:00+00:00,21697.9,15.63,3.96,0.0,89.0
2022-06-01 05:00:00+00:00,23085.7,16.58,4.46,0.0,98.13
2022-06-01 06:00:00+00:00,26170.6,17.33,4.91,0.0,104.39
2022-06-01 07:00:00+00:00,28238.7,18.27,5.62,119.8,106.89
2022-06-01 08:00:00+00:00,30827.8,19.58,6.56,184.5,131.9
2022-06-01 09:00:00+00:00,30994.7,19.83,5.86,338.3,117.88
2022-06-01 10:00:00+00:00,31272.4,20.4,5.23,589.1,103.95
2022-06-01 11:00:00+00:00,30817.5,20.9,5.07,575.5,82.52
2022-06-01 12:00:00+00:00,30243.9,20.64,5.81,681.3,67.77
2022-06-01 13:00:00+00:00,28901.5,20.87,4.23,708.3,73.17
2022-06-01 14:00:00+00:00,28384.1,21.89,4.47,370.9,98.35
2022-06-01 15:00:00+00:00,29027.5,22.04,5.32,522.5,89.62
2022-06-01 16:00:00+00:00,31043.5,21.03,6.1,310.6,116.97
2022-06-01 17:00:00+00:00,33888.6,19.72,6.7,148.5,149.55
2022-06-01 18:00:00+00:00,34405.1,20.2,7.55,0.0,163.27
2022-06-01 19:00:00+00:00,33245.5,19.45,5.37,0.0,155.32
2022-06-01 20:00:00+00:00,31111.6,18.27,6.71,0.0,124.88
2022-06-01 21:00:00+00:00,29239.4,17.27,6.99,0.0,127.94
2022-06-01 22:00:00+00:00,26967.9,15.56,8.03,0.0,103.24
2022-06-01 23:00:00+00:00,24827.5,15.67,7.06,0.0,98.48
2022-06-02 00:00:00+00:00,23731.5,14.87,5.69,0.0,106.73
2022-06-02 01:00:00+00:00,22617.5,15.17,7.15,0.0,76.23
2022-06-02 02:00:00+00:00,22332.5,14.84,6.42,0.0,96.93
2022-06-02 03:00:00+00:00,22501.3,15.54,6.2,0.0,70.31
2022-06-02 04:00:00+00:00,22261.0,15.71,6.66,0.0,87.97
2022-06-02 05:00:00+00:00,22789.3,16.44,7.28,0.0,74.01
2022-06-02 06:00:00+00:00,25755.8,17.25,8.11,0.0,96.1
2022-06-02 07:00:00+00:00,28051.1,18.14,8.23,98.5,103.19
2022-06-02 08:00:00+00:00,30331.4,18.95,7.34,203.2,107.34
2022-06-02 09:00:00+00:00,30441.3,19.47,7.88,341.4,92.27
2022-06-02 10:00:00+00:00,30175.1,21.28,8.4,353.7,84.9
2022-06-02 11:00:00+00:00,29909.8,21.32,6.91,676.5,79.5
2022-06-02 12:00:00+00:00,29020.1,21.82,8.02,484.4,85.47
2022-06-02 13:00:00+00:00,28187.7,22.19,6.03,540.2,99.11
2022-06-02 14:00:00+00:00,27418.2,22.62,6.88,473.9,73.89
2022-06-02 15:00:00+00:00,28322.9,22.34,6.39,439.4,71.67
2022-06-02 16:00:00+00:00,30324.1,22.32,6.98,389.9,104.19
2022-06-02 17:00:00+00:00,32860.3,21.81,7.38,134.6,113.53
2022-06-02 18:00:00+00:00,33866.1,20.28,7.33,0.0,162.94
2022-06-02 19:00:00+00:00,32470.2,19.59,7.66,0.0,144.33
2022-06-02 20:00:00+00:00,30244.6,18.14,7.56,0.0,113.87
2022-06-02 21:00:00+00:00,28691.3,16.27,8.09,0.0,95.94
2022-06-02 22:00:00+00:00,25505.0,15.56,9.75,0.0,75.14
2022-06-02 23:00:00+00:00,23220.1,15.11,8.56,0.0,81.78
2022-06-03 00:00:00+00:00,22938.7,14.88,5.99,0.0,80.99
2022-06-03 01:00:00+00:00,22010.6,14.71,5.72,0.0,92.05
2022-06-03 02:00:00+00:00,21116.0,13.2,5.4,0.0,90.34
2022-06-03 03:00:00+00:00,21530.3,12.28,5.19,0.0,78.91
2022-06-03 04:00:00+00:00,20765.7,13.58,4.55,0.0,92.31
2022-06-03 05:00:00+00:00,22942.8,13.23,5.36,0.0,104.29
2022-06-03 06:00:00+00:00,25527.1,14.08,4.36,0.0,118.78
2022-06-03 07:00:00+00:00,29385.3,14.28,4.84,106.4,131.46
2022-06-03 08:00:00+00:00,30579.1,15.05,5.45,299.9,110.36
2022-06-03 09:00:00+00:00,30500.9,15.45,5.78,479.1,121.18
2022-06-03 10:00:00+00:00,30262.7,16.57,6.22,292.4,100.7
2022-06-03 11:00:00+00:00,29782.5,17.38,7.0,417.6,89.99
2022-06-03 12:00:00+00:00,29744.7,17.73,7.04,325.0,110.03
2022-06-03 13:00:00+00:00,28356.8,17.59,6.77,305.4,91.46
2022-06-03 14:00:00+00:00,28248.3,18.07,7.16,465.5,77.95
2022-06-03 15:00:00+00:00,28247.4,17.47,7.62,454.2,65.67
2022-06-03 16:00:00+00:00,30032.3,17.66,8.29,246.5,96.68
2022-06-03 17:00:00+00:00,33273.4,18.97,6.88,156.6,159.03
2022-06-03 18:00:00+00:00,34675.2,19.29,6.75,0.0,151.74
2022-06-03 19:00:00+00:00,33453.7,19.06,5.92,0.0,165.24
2022-06-03 20:00:00+00:00,31534.6,18.23,6.42,0.0,133.3
2022-06-03 21:00:00+00:00,29173.9,16.25,7.01,0.0,110.26
2022-06-03 22:00:00+00:00,26790.3,14.66,6.8,0.0,100.01
2022-06-03 23:00:00+00:00,24193.1,14.72,6.24,0.0,102.51
2022-06-04 00:00:00+00:00,20710.7,13.71,6.74,0.0,49.83
2022-06-04 01:00:00+00:00,20088.2,12.82,6.65,0.0,85.48
2022-06-04 02:00:00+00:00,19263.4,12.43,7.79,0.0,62.15
2022-06-04 03:00:00+00:00,19755.4,11.71,9.13,0.0,49.34
2022-06-04 04:00:00+00:00,20363.9,11.11,9.81,0.0,45.16
2022-06-04 05:00:00+00:00,21393.3,11.44,9.85,0.0,53.85
2022-06-04 06:00:00+00:00,23617.5,11.44,11.14,0.0,76.99
2022-06-04 07:00:00+00:00,26858.2,11.69,11.12,103.5,61.81
2022-06-04 08:00:00+00:00,28900.1,12.03,10.54,345.2,75.04
2022-06-04 09:00:00+00:00,28645.2,13.21,9.83,333.4,90.03
2022-06-04 10:00:00+00:00,28208.0,13.93,9.14,580.3,41.83
2022-06-04 11:00:00+00:00,27662.1,14.63,9.03,522.1,57.34
2022-06-04 12:00:00+00:00,27466.9,15.69,9.29,566.7,42.72
2022-06-04 13:00:00+00:00,27057.4,16.16,8.07,637.3,44.04
2022-06-04 14:00:00+00:00,26725.0,16.36,7.66,543.0,66.09
2022-06-04 15:00:00+00:00,27363.9,16.82,7.8,443.1,80.74
2022-06-04 16:00:00+00:00,29055.1,17.18,8.26,312.1,87.24
2022-06-04 17:00:00+00:00,30800.7,16.84,8.18,152.6,98.77
2022-06-04 18:00:00+00:00,32407.5,16.47,8.31,0.0,125.03
2022-06-04 19:00:00+00:00,31312.1,15.42,7.27,0.0,136.69
2022-06-04 20:00:00+00:00,28762.0,14.24,6.55,0.0,121.0
2022-06-04 21:00:00+00:00,26863.9,14.0,6.52,0.0,98.32
2022-06-04 22:00:00+00:00,25228.7,13.55,6.95,0.0,93.17
2022-06-04 23:00:00+00:00,23333.8,13.15,7.13,0.0,93.5
2022-06-05 00:00:00+00:00,22542.6,12.83,6.46,0.0,86.6
2022-06-05 01:00:00+00:00,21882.2,12.41,6.3,0.0,71.05
2022-06-05 02:00:00+00:00,21151.7,12.56,7.52,0.0,73.11
2022-06-05 03:00:00+00:00,21455.3,13.04,7.92,0.0,64.62
2022-06-05 04:00:00+00:00,21464.4,13.69,7.75,0.0,64.79
2022-06-05 05:00:00+00:00,22297.7,13.91,6.91,0.0,82.12
2022-06-05 06:00:00+00:00,23936.3,15.2,6.35,0.0,82.65
2022-06-05 07:00:00+00:00,26712.8,15.92,6.39,176.9,92.97
2022-06-05 08:00:00+00:00,28101.3,16.98,6.64,159.2,116.13
2022-06-05 09:00:00+00:00,28125.1,17.88,7.1,510.6,102.73
2022-06-05 10:00:00+00:00,27760.5,18.75,7.4,632.6,48.33
2022-06-05 11:00:00+00:00,27509.3,18.97,7.09,450.0,70.01
2022-06-05 12:00:00+00:00,27674.0,19.97,6.68,322.7,102.45
2022-06-05 13:00:00+00:00,27243.2,22.1,8.3,703.1,39.9
2022-06-05 14:00:00+00:00,26994.6,22.07,7.8,301.3,81.34
2022-06-05 15:00:00+00:00,28222.7,22.12,6.75,299.9,113.74
2022-06-05 16:00:00+00:00,30548.8,21.66,5.48,285.3,110.37
2022-06-05 17:00:00+00:00,32213.4,20.98,5.28,181.1,133.72
2022-06-05 18:00:00+00:00,33252.8,21.36,6.1,0.0,138.22
2022-06-05 19:00:00+00:00,31013.0,20.24,5.7,0.0,146.73
2022-06-05 20:00:00+00:00,28975.9,19.15,6.92,0.0,103.18
2022-06-05 21:00:00+00:00,26187.8,17.35,6.91,0.0,97.45
2022-06-05 22:00:00+00:00,23582.2,16.08,7.79,0.0,71.06
2022-06-05 23:00:00+00:00,22433.5,14.31,7.15,0.0,77.36
2022-06-06 00:00:00+00:00,23315.2,14.16,6.57,0.0,107.61
2022-06-06 01:00:00+00:00,21377.7,15.36,6.66,0.0,80.81
2022-06-06 02:00:00+00:00,20698.3,14.79,7.05,0.0,73.15
2022-06-06 03:00:00+00:00,20591.7,13.64,6.91,0.0,73.86
2022-06-06 04:00:00+00:00,21069.2,14.27,7.14,0.0,72.3
2022-06-06 05:00:00+00:00,23021.1,14.1,7.6,0.0,94.65
2022-06-06 06:00:00+00:00,24999.0,15.34,6.46,0.0,107.6
2022-06-06 07:00:00+00:00,28487.5,15.75,6.22,110.6,101.12
2022-06-06 08:00:00+00:00,29957.0,16.06,5.85,202.6,128.07
2022-06-06 09:00:00+00:00,30505.0,16.71,5.54,486.0,105.25
2022-06-06 10:00:00+00:00,31311.8,17.92,5.93,604.7,101.65
2022-06-06 11:00:00+00:00,30774.3,18.48,5.59,606.3,244.32
2022-06-06 12:00:00+00:00,30845.9,18.78,4.09,404.9,118.66
2022-06-06 13:00:00+00:00,29737.7,19.12,4.05,593.5,97.27
2022-06-06 14:00:00+00:00,29346.0,18.64,3.37,565.1,95.14
2022-06-06 15:00:00+00:00,29195.6,18.99,3.94,300.9,127.86
2022-06-06 16:00:00+00:00,31051.3,17.82,4.72,189.0,115.75
2022-06-06 17:00:00+00:00,33573.8,17.29,3.13,134.6,190.01
2022-06-06 18:00:00+00:00,34804.4,17.32,2.72,0.0,167.88
2022-06-06 19:00:00+00:00,32967.9,16.9,3.21,0.0,170.11
2022-06-06 20:00:00+00:00,30784.0,16.56,2.3,0.0,159.4
2022-06-06 21:00:00+00:00,29227.0,15.75,3.15,0.0,155.04
2022-06-06 22:00:00+00:00,26182.5,15.69,4.16,0.0,136.34
2022-06-06 23:00:00+00:00,23297.1,15.51,4.18,0.0,97.9
2022-06-07 00:00:00+00:00,22048.5,15.22,3.71,0.0,99.04
2022-06-07 01:00:00+00:00,21378.3,15.26,2.07,0.0,97.88
2022-06-07 02:00:00+00:00,20964.8,15.36,2.95,0.0,85.25
2022-06-07 03:00:00+00:00,20370.8,14.94,4.72,0.0,82.16
2022-06-07 04:00:00+00:00,21165.8,14.18,6.24,0.0,78.14
2022-06-07 05:00:00+00:00,22135.0,14.71,6.12,0.0,84.97
2022-06-07 06:00:00+00:00,23859.0,15.48,5.31,0.0,95.82
2022-06-07 07:00:00+00:00,26958.9,16.71,6.05,159.1,106.17
2022-06-07 08:00:00+00:00,29327.1,16.81,6.0,315.1,113.86
2022-06-07 09:00:00+00:00,29921.5,17.0,6.42,473.8,83.85
2022-06-07 10:00:00+00:00,29361.2,18.03,6.69,327.5,107.83
2022-06-07 11:00:00+00:00,30070.5,18.68,6.78,470.2,110.8
2022-06-07 12:00:00+00:00,29354.3,18.14,7.59,714.8,56.14
2022-06-07 13:00:00+00:00,29036.1,18.85,8.4,555.8,75.66
2022-06-07 14:00:00+00:00,29169.5,18.04,7.92,329.7,98.34
2022-06-07 15:00:00+00:00,29630.3,17.61,7.15,545.5,93.02
2022-06-07 16:00:00+00:00,31264.5,18.36,5.19,391.9,125.62
2022-06-07 17:00:00+00:00,32819.1,19.18,5.01,144.6,156.82
2022-06-07 18:00:00+00:00,34387.7,17.96,4.25,0.0,170.06
2022-06-07 19:00:00+00:00,32370.0,17.15,4.72,0.0,144.13
2022-06-07 20:00:00+00:00,30818.3,16.47,4.57,0.0,142.03
2022-06-07 21:00:00+00:00,29219.4,16.78,4.51,0.0,150.77
2022-06-07 22:00:00+00:00,26170.7,15.69,5.27,0.0,105.17
2022-06-07 23:00:00+00:00,23968.6,14.67,5.67,0.0,103.81
2022-06-08 00:00:00+00:00,22603.9,15.07,5.65,0.0,99.04
2022-06-08 01:00:00+00:00,22212.1,14.34,7.03,0.0,86.89
2022-06-08 02:00:00+00:00,21332.1,14.46,7.61,0.0,81.69
2022-06-08 03:00:00+00:00,21541.8,13.44,7.25,0.0,75.27
2022-06-08 04:00:00+00:00,21673.0,13.43,6.95,0.0,77.01
2022-06-08 05:00:00+00:00,23580.8,12.73,7.57,0.0,104.31
2022-06-08 06:00:00+00:00,25744.4,12.61,7.7,0.0,118.17
2022-06-08 07:00:00+00:00,28032.6,13.78,6.79,167.2,119.54
2022-06-08 08:00:00+00:00,29203.9,14.5,7.5,169.5,113.62
2022-06-08 09:00:00+00:00,29318.2,15.12,8.46,474.9,75.9
2022-06-08 10:00:00+00:00,30038.1,15.48,9.31,364.5,90.72
2022-06-08 11:00:00+00:00,29674.2,16.12,10.4,672.5,57.82
2022-06-08 12:00:00+00:00,29056.2,16.97,11.85,775.2,51.22
2022-06-08 13:00:00+00:00,27877.8,18.08,12.96,326.4,63.38
2022-06-08 14:00:00+00:00,27745.3,16.83,12.92,425.3,57.58
2022-06-08 15:00:00+00:00,27931.6,16.51,12.47,464.0,52.24
2022-06-08 16:00:00+00:00,29555.3,16.58,10.76,394.7,51.58
2022-06-08 17:00:00+00:00,31920.6,16.3,10.58,126.5,124.14
2022-06-08 18:00:00+00:00,33196.0,16.14,10.81,0.0,125.92
2022-06-08 19:00:00+00:00,31419.1,15.75,10.65,0.0,126.45
2022-06-08 20:00:00+00:00,29517.6,14.91,8.99,0.0,110.95
2022-06-08 21:00:00+00:00,28474.9,13.88,8.67,0.0,126.06
2022-06-08 22:00:00+00:00,26284.2,13.03,9.09,0.0,89.09
2022-06-08 23:00:00+00:00,24147.7,13.07,8.18,0.0,85.82
2022-06-09 00:00:00+00:00,23995.9,12.14,8.25,0.0,85.42
2022-06-09 01:00:00+00:00,23010.2,11.69,8.53,0.0,62.8
2022-06-09 02:00:00+00:00,22453.9,11.57,9.33,0.0,74.36
2022-06-09 03:00:00+00:00,22124.5,12.46,10.55,0.0,69.96
2022-06-09 04:00:00+00:00,22417.7,12.41,10.08,0.0,70.22
2022-06-09 05:00:00+00:00,23322.6,13.31,10.07,0.0,94.69
2022-06-09 06:00:00+00:00,24556.5,14.54,10.08,0.0,69.95
2022-06-09 07:00:00+00:00,27153.7,15.12,10.44,101.7,67.98
2022-06-09 08:00:00+00:00,29985.8,15.71,10.68,174.2,83.77
2022-06-09 09:00:00+00:00,30105.2,16.29,11.61,360.6,78.81
2022-06-09 10:00:00+00:00,30219.7,16.91,9.56,534.6,298.43
2022-06-09 11:00:00+00:00,30764.3,18.15,9.76,655.2,72.51
2022-06-09 12:00:00+00:00,30665.2,18.91,10.0,356.9,85.41
2022-06-09 13:00:00+00:00,30047.5,19.51,9.67,452.4,96.56
2022-06-09 14:00:00+00:00,29241.9,19.12,7.76,607.1,74.75
2022-06-09 15:00:00+00:00,29217.7,18.65,7.68,261.8,87.37
2022-06-09 16:00:00+00:00,30899.7,19.85,7.09,394.6,114.83
2022-06-09 17:00:00+00:00,33496.1,19.43,8.4,159.9,136.73
2022-06-09 18:00:00+00:00,34974.2,18.47,8.62,0.0,151.84
2022-06-09 19:00:00+00:00,33416.9,18.71,7.92,0.0,160.15
2022-06-09 20:00:00+00:00,30961.3,18.13,6.27,0.0,137.09
2022-06-09 21:00:00+00:00,28790.2,17.67,6.76,0.0,125.23
2022-06-09 22:00:00+00:00,26611.1,16.78,7.32,0.0,96.61
2022-06-09 23:00:00+00:00,24905.1,15.83,7.14,0.0,90.11
2022-06-10 00:00:00+00:00,23516.7,15.16,7.6,0.0,81.59
2022-06-10 01:00:00+00:00,22219.9,13.83,7.3,0.0,87.12
2022-06-10 02:00:00+00:00,22307.9,13.48,8.12,0.0,69.55
2022-06-10 03:00:00+00:00,21819.3,13.55,8.84,0.0,68.54
2022-06-10 04:00:00+00:00,21760.7,14.76,7.47,0.0,74.36
2022-06-10 05:00:00+00:00,22536.6,15.08,6.35,0.0,86.75
2022-06-10 06:00:00+00:00,24992.9,14.12,7.97,0.0,85.64
2022-06-10 07:00:00+00:00,28092.5,14.69,8.65,205.1,91.39
2022-06-10 08:00:00+00:00,29234.5,17.07,7.58,350.5,84.11
2022-06-10 09:00:00+00:00,29448.6,18.32,6.33,354.7,103.03
2022-06-10 10:00:00+00:00,30342.4,18.55,6.52,327.5,109.41
2022-06-10 11:00:00+00:00,30450.3,19.59,5.65,467.3,105.72
2022-06-10 12:00:00+00:00,30292.3,19.72,5.47,368.0,117.78
2022-06-10 13:00:00+00:00,29135.8,19.35,5.51,589.6,107.18
2022-06-10 14:00:00+00:00,28972.5,19.43,5.52,321.5,90.83
2022-06-10 15:00:00+00:00,29249.4,19.59,6.47,369.4,96.78
2022-06-10 16:00:00+00:00,30865.1,18.36,7.93,317.6,96.9
2022-06-10 17:00:00+00:00,33276.3,17.4,7.51,138.0,138.84
2022-06-10 18:00:00+00:00,33581.7,16.98,6.6,0.0,159.5
2022-06-10 19:00:00+00:00,31318.7,16.16,6.92,0.0,124.98
2022-06-10 20:00:00+00:00,29673.1,15.73,8.2,0.0,123.53
2022-06-10 21:00:00+00:00,28153.7,14.27,7.83,0.0,121.93
2022-06-10 22:00:00+00:00,26143.6,13.99,8.45,0.0,102.12
2022-06-10 23:00:00+00:00,25328.3,12.6,7.73,0.0,93.54
2022-06-11 00:00:00+00:00,21983.7,13.12,7.71,0.0,83.73
2022-06-11 01:00:00+00:00,21980.1,11.65,6.76,0.0,79.52
2022-06-11 02:00:00+00:00,22090.6,10.77,6.78,0.0,91.69
2022-06-11 03:00:00+00:00,21496.0,11.0,6.7,0.0,83.05
2022-06-11 04:00:00+00:00,21229.2,12.18,7.19,0.0,73.4
2022-06-11 05:00:00+00:00,22161.0,12.71,8.57,0.0,60.86
2022-06-11 06:00:00+00:00,23393.5,13.56,8.19,0.0,83.09
2022-06-11 07:00:00+00:00,26572.7,14.22,6.57,204.0,85.37
2022-06-11 08:00:00+00:00,28515.1,14.35,6.43,298.5,90.82
2022-06-11 09:00:00+00:00,28060.5,14.88,6.69,492.1,80.15
2022-06-11 10:00:00+00:00,28781.8,14.98,6.87,418.0,91.61
2022-06-11 11:00:00+00:00,28189.9,15.0,6.75,586.3,65.4
2022-06-11 12:00:00+00:00,27800.5,15.96,7.93,689.1,59.62
2022-06-11 13:00:00+00:00,27120.4,15.84,7.99,752.4,49.95
2022-06-11 14:00:00+00:00,26743.4,16.43,7.85,379.3,71.66
2022-06-11 15:00:00+00:00,28136.8,15.84,7.2,251.4,96.19
2022-06-11 16:00:00+00:00,29616.4,16.03,5.83,391.7,111.43
2022-06-11 17:00:00+00:00,31731.6,15.54,6.14,156.6,129.03
2022-06-11 18:00:00+00:00,32558.5,16.01,6.38,0.0,153.71
2022-06-11 19:00:00+00:00,30609.5,15.67,5.58,0.0,139.73
2022-06-11 20:00:00+00:00,28663.4,15.76,5.62,0.0,138.86
2022-06-11 21:00:00+00:00,26348.1,14.57,5.57,0.0,123.15
2022-06-11 22:00:00+00:00,24500.5,13.89,5.16,0.0,104.09
2022-06-11 23:00:00+00:00,22717.2,12.63,4.63,0.0,91.58
2022-06-12 00:00:00+00:00,21627.0,11.91,5.06,0.0,94.36
2022-06-12 01:00:00+00:00,20319.8,11.36,4.98,0.0,76.87
2022-06-12 02:00:00+00:00,19926.6,10.7,4.62,0.0,66.05
2022-06-12 03:00:00+00:00,19309.9,9.96,4.07,0.0,88.39
2022-06-12 04:00:00+00:00,19076.6,9.33,4.11,0.0,73.29
2022-06-12 05:00:00+00:00,20981.4,8.35,4.98,0.0,65.47
2022-06-12 06:00:00+00:00,23098.5,8.37,5.24,0.0,96.71
2022-06-12 07:00:00+00:00,26898.5,9.55,5.15,129.2,120.87
2022-06-12 08:00:00+00:00,28782.0,9.48,5.48,388.1,96.49
2022-06-12 09:00:00+00:00,29852.7,9.63,6.62,366.5,100.74
2022-06-12 10:00:00+00:00,29310.9,11.69,7.02,558.1,90.0
2022-06-12 11:00:00+00:00,28391.7,12.2,7.23,438.9,82.46
2022-06-12 12:00:00+00:00,27664.4,13.19,7.71,731.4,57.93
2022-06-12 13:00:00+00:00,27155.7,14.22,7.56,595.6,75.52
2022-06-12 14:00:00+00:00,26916.0,15.07,7.67,668.6,66.04
2022-06-12 15:00:00+00:00,27818.7,14.39,7.26,335.1,93.22
2022-06-12 16:00:00+00:00,29262.2,14.31,6.03,287.6,93.0
2022-06-12 17:00:00+00:00,32333.1,13.19,6.35,106.0,145.32
2022-06-12 18:00:00+00:00,32450.7,14.36,6.65,0.0,142.24
2022-06-12 19:00:00+00:00,31958.0,12.92,6.44,0.0,149.27
2022-06-12 20:00:00+00:00,30664.5,11.72,7.28,0.0,116.94
2022-06-12 21:00:00+00:00,28254.4,10.49,6.7,0.0,130.16
2022-06-12 22:00:00+00:00,26541.2,9.0,5.33,0.0,109.52
2022-06-12 23:00:00+00:00,24108.9,9.29,4.87,0.0,110.15
2022-06-13 00:00:00+00:00,25146.0,10.38,3.77,0.0,127.34
2022-06-13 01:00:00+00:00,23666.6,9.74,4.2,0.0,110.76
2022-06-13 02:00:00+00:00,23667.7,8.78,3.75,0.0,113.16
2022-06-13 03:00:00+00:00,24235.3,7.49,4.68,0.0,108.57
2022-06-13 04:00:00+00:00,24479.9,7.63,5.55,0.0,92.28
2022-06-13 05:00:00+00:00,25924.1,7.92,4.9,0.0,129.92
2022-06-13 06:00:00+00:00,28250.3,8.19,4.37,0.0,144.45
2022-06-13 07:00:00+00:00,31487.5,9.14,4.92,182.8,132.98
2022-06-13 08:00:00+00:00,32129.8,10.28,5.79,396.4,86.32
2022-06-13 09:00:00+00:00,32040.9,11.42,4.28,280.6,146.66
2022-06-13 10:00:00+00:00,30862.0,12.17,4.64,487.5,94.5
2022-06-13 11:00:00+00:00,30491.4,12.39,3.04,705.9,108.75
2022-06-13 12:00:00+00:00,29347.6,13.58,2.81,508.2,104.77
2022-06-13 13:00:00+00:00,28102.2,14.23,3.87,542.4,101.19
2022-06-13 14:00:00+00:00,27110.5,15.21,6.38,585.4,63.73
2022-06-13 15:00:00+00:00,27579.8,15.92,6.22,504.0,83.4
2022-06-13 16:00:00+00:00,29842.4,15.08,5.29,207.0,106.31
2022-06-13 17:00:00+00:00,33073.8,14.05,4.97,130.9,150.12
2022-06-13 18:00:00+00:00,34879.9,13.28,5.13,0.0,169.37
2022-06-13 19:00:00+00:00,34257.6,12.19,4.69,0.0,175.21
2022-06-13 20:00:00+00:00,31630.3,12.1,4.09,0.0,150.78
2022-06-13 21:00:00+00:00,29408.4,11.7,3.9,0.0,146.09
2022-06-13 22:00:00+00:00,27196.3,11.73,4.36,0.0,123.53
2022-06-13 23:00:00+00:00,25700.5,11.37,4.36,0.0,123.08
2022-06-14 00:00:00+00:00,25278.3,11.06,3.8,0.0,122.95
2022-06-14 01:00:00+00:00,23723.4,11.41,3.44,0.0,120.49
2022-06-14 02:00:00+00:00,23396.3,11.48,3.29,0.0,98.81
2022-06-14 03:00:00+00:00,22920.7,11.49,2.7,0.0,110.01
2022-06-14 04:00:00+00:00,22906.2,12.55,2.36,0.0,115.51
2022-06-14 05:00:00+00:00,24035.1,12.96,3.1,0.0,133.69
2022-06-14 06:00:00+00:00,26192.0,13.29,3.11,0.0,148.2
2022-06-14 07:00:00+00:00,28608.2,13.45,1.93,87.1,129.38
2022-06-14 08:00:00+00:00,30097.3,14.65,2.99,285.4,125.8
2022-06-14 09:00:00+00:00,30843.9,16.21,3.52,405.9,99.93
2022-06-14 10:00:00+00:00,30827.5,16.97,2.61,343.9,156.17
2022-06-14 11:00:00+00:00,29222.9,18.49,2.54,693.3,102.98
2022-06-14 12:00:00+00:00,29043.0,17.93,2.15,507.8,120.04
2022-06-14 13:00:00+00:00,28924.0,18.4,2.92,502.4,106.59
2022-06-14 14:00:00+00:00,28262.4,18.7,2.83,674.8,93.82
2022-06-14 15:00:00+00:00,29193.8,18.4,2.98,309.2,136.26
2022-06-14 16:00:00+00:00,30743.5,19.77,3.04,251.7,127.68
2022-06-14 17:00:00+00:00,33075.1,19.43,2.08,177.9,151.35
2022-06-14 18:00:00+00:00,34157.0,18.7,3.42,0.0,172.28
2022-06-14 19:00:00+00:00,32295.2,18.1,4.12,0.0,159.87
2022-06-14 20:00:00+00:00,30730.7,16.18,3.68,0.0,158.34
2022-06-14 21:00:00+00:00,29220.9,14.99,3.99,0.0,142.23
2022-06-14 22:00:00+00:00,26277.0,14.86,4.91,0.0,111.01
2022-06-14 23:00:00+00:00,24818.4,13.79,5.05,0.0,106.12
2022-06-15 00:00:00+00:00,24883.4,12.79,6.37,0.0,105.01
2022-06-15 01:00:00+00:00,23894.2,13.16,8.68,0.0,91.43
2022-06-15 02:00:00+00:00,22149.4,13.69,8.5,0.0,85.35
2022-06-15 03:00:00+00:00,22266.1,13.91,7.97,0.0,76.2
2022-06-15 04:00:00+00:00,20966.1,13.74,7.15,0.0,68.53
2022-06-15 05:00:00+00:00,22587.9,13.9,5.41,0.0,85.75
2022-06-15 06:00:00+00:00,24710.8,13.9,6.46,0.0,113.46
2022-06-15 07:00:00+00:00,28064.4,13.95,6.21,179.6,105.98
2022-06-15 08:00:00+00:00,30013.6,14.09,6.94,307.0,101.34
2022-06-15 09:00:00+00:00,30547.6,14.56,7.78,523.7,93.7
2022-06-15 10:00:00+00:00,30754.3,14.78,6.9,331.4,128.05
2022-06-15 11:00:00+00:00,30250.2,14.65,6.18,747.2,73.63
2022-06-15 12:00:00+00:00,29568.7,15.51,7.58,582.8,88.95
2022-06-15 13:00:00+00:00,29457.8,16.24,7.5,467.6,86.59
2022-06-15 14:00:00+00:00,29132.9,17.65,6.96,494.3,91.33
2022-06-15 15:00:00+00:00,29154.1,17.42,6.14,340.6,113.93
2022-06-15 16:00:00+00:00,30907.2,17.56,6.07,268.7,134.06
2022-06-15 17:00:00+00:00,33230.7,17.52,7.3,102.0,135.95
2022-06-15 18:00:00+00:00,34033.0,16.95,7.82,0.0,158.11
2022-06-15 19:00:00+00:00,32809.9,16.83,7.92,0.0,145.11
2022-06-15 20:00:00+00:00,30340.3,16.62,9.12,0.0,125.51
2022-06-15 21:00:00+00:00,29020.7,16.07,10.1,0.0,120.61
2022-06-15 22:00:00+00:00,26661.3,15.16,10.21,0.0,86.44
2022-06-15 23:00:00+00:00,24251.1,14.25,12.22,0.0,75.99
2022-06-16 00:00:00+00:00,23794.3,12.91,11.77,0.0,69.54
2022-06-16 01:00:00+00:00,22583.0,12.01,12.39,0.0,69.21
2022-06-16 02:00:00+00:00,22334.7,11.41,11.81,0.0,63.11
2022-06-16 03:00:00+00:00,22341.7,10.71,12.27,0.0,55.05
2022-06-16 04:00:00+00:00,22872.9,11.17,11.82,0.0,70.95
2022-06-16 05:00:00+00:00,23974.2,12.27,11.94,0.0,62.53
2022-06-16 06:00:00+00:00,26432.8,12.27,13.56,0.0,70.22
2022-06-16 07:00:00+00:00,29907.8,13.13,13.98,154.1,74.23
2022-06-16 08:00:00+00:00,31100.8,13.3,14.0,271.8,74.05
2022-06-16 09:00:00+00:00,31950.2,13.98,13.04,357.9,57.04
2022-06-16 10:00:00+00:00,32197.4,14.43,12.89,612.7,63.28
2022-06-16 11:00:00+00:00,31541.5,15.62,11.81,722.7,61.65
2022-06-16 12:00:00+00:00,31183.7,15.91,12.26,794.6,60.24
2022-06-16 13:00:00+00:00,30758.7,17.09,12.67,365.5,69.57
2022-06-16 14:00:00+00:00,30028.9,17.32,12.25,557.3,57.89
2022-06-16 15:00:00+00:00,29899.3,17.1,13.28,521.1,57.37
2022-06-16 16:00:00+00:00,31379.1,16.33,14.16,217.4,92.82
2022-06-16 17:00:00+00:00,33858.9,16.29,13.92,142.2,108.57
2022-06-16 18:00:00+00:00,34480.0,16.45,14.02,0.0,123.98
2022-06-16 19:00:00+00:00,32643.0,16.07,13.21,0.0,122.43
2022-06-16 20:00:00+00:00,30132.2,16.76,12.68,0.0,106.42
2022-06-16 21:00:00+00:00,27727.0,16.87,11.56,0.0,87.03
2022-06-16 22:00:00+00:00,25237.7,15.91,10.95,0.0,98.5
2022-06-16 23:00:00+00:00,23376.5,15.0,10.67,0.0,52.73
2022-06-17 00:00:00+00:00,22551.6,14.74,9.19,0.0,83.8
2022-06-17 01:00:00+00:00,21546.4,13.77,9.53,0.0,71.36
2022-06-17 02:00:00+00:00,21217.1,14.18,10.21,0.0,73.81
2022-06-17 03:00:00+00:00,21882.6,14.3,10.04,0.0,63.95
2022-06-17 04:00:00+00:00,22572.1,14.54,7.78,0.0,77.68
2022-06-17 05:00:00+00:00,22945.1,15.24,7.54,0.0,75.16
2022-06-17 06:00:00+00:00,25165.4,16.73,6.43,0.0,94.91
2022-06-17 07:00:00+00:00,27584.5,17.39,5.98,96.5,113.88
2022-06-17 08:00:00+00:00,29579.3,17.99,7.16,372.8,92.82
2022-06-17 09:00:00+00:00,30361.2,19.62,5.25,281.6,115.72
2022-06-17 10:00:00+00:00,30471.1,20.9,4.7,422.0,105.78
2022-06-17 11:00:00+00:00,29708.6,21.33,5.46,633.5,102.81
2022-06-17 12:00:00+00:00,29218.5,21.87,4.99,603.4,87.03
2022-06-17 13:00:00+00:00,29235.0,22.38,4.48,738.6,91.41
2022-06-17 14:00:00+00:00,29191.6,22.82,6.2,687.0,80.34
2022-06-17 15:00:00+00:00,28990.2,22.02,6.53,275.7,111.67
2022-06-17 16:00:00+00:00,30276.6,20.93,7.29,214.2,113.68
2022-06-17 17:00:00+00:00,32812.4,20.07,7.66,162.1,141.02
2022-06-17 18:00:00+00:00,33798.7,19.0,7.75,0.0,156.51
2022-06-17 19:00:00+00:00,31844.0,17.99,8.71,0.0,145.62
2022-06-17 20:00:00+00:00,29820.3,17.66,10.11,0.0,107.21
2022-06-17 21:00:00+00:00,27702.1,16.79,8.64,0.0,100.61
2022-06-17 22:00:00+00:00,25241.2,16.14,8.53,0.0,91.03
2022-06-17 23:00:00+00:00,23586.1,14.68,8.42,0.0,86.73
2022-06-18 00:00:00+00:00,20827.6,13.87,8.01,0.0,76.53
2022-06-18 01:00:00+00:00,19847.3,13.78,8.73,0.0,55.26
2022-06-18 02:00:00+00:00,19889.9,13.86,8.84,0.0,63.18
2022-06-18 03:00:00+00:00,19852.4,13.33,10.26,0.0,51.51
2022-06-18 04:00:00+00:00,20391.1,13.55,10.95,0.0,162.19
2022-06-18 05:00:00+00:00,20339.9,15.19,11.82,0.0,47.75
2022-06-18 06:00:00+00:00,22844.1,15.63,10.64,0.0,84.26
2022-06-18 07:00:00+00:00,25691.5,15.81,9.83,122.8,89.8
2022-06-18 08:00:00+00:00,27862.8,16.43,9.12,165.2,106.2
2022-06-18 09:00:00+00:00,28548.4,17.25,10.05,497.8,74.5
2022-06-18 10:00:00+00:00,29211.3,17.93,9.14,386.5,105.41
2022-06-18 11:00:00+00:00,28313.5,18.63,8.3,687.8,74.16
2022-06-18 12:00:00+00:00,27634.6,18.39,7.36,630.1,56.2
2022-06-18 13:00:00+00:00,27205.0,18.31,9.5,531.6,70.73
2022-06-18 14:00:00+00:00,26829.4,18.56,9.26,680.9,55.13
2022-06-18 15:00:00+00:00,26702.7,18.6,9.56,357.3,78.9
2022-06-18 16:00:00+00:00,28753.9,18.21,8.54,202.7,-9.56
2022-06-18 17:00:00+00:00,30964.1,17.85,9.21,154.5,100.12
2022-06-18 18:00:00+00:00,32137.8,17.47,7.72,0.0,140.07
2022-06-18 19:00:00+00:00,29889.1,17.43,6.92,0.0,114.32
2022-06-18 20:00:00+00:00,27823.0,16.68,6.35,0.0,129.59
2022-06-18 21:00:00+00:00,25952.8,16.18,6.55,0.0,111.73
2022-06-18 22:00:00+00:00,23742.2,15.1,5.95,0.0,119.72
2022-06-18 23:00:00+00:00,22424.4,14.76,7.2,0.0,89.38
2022-06-19 00:00:00+00:00,21228.9,14.45,7.58,0.0,83.34
2022-06-19 01:00:00+00:00,20227.7,14.51,7.01,0.0,79.27
2022-06-19 02:00:00+00:00,19523.2,14.64,7.79,0.0,65.85
2022-06-19 03:00:00+00:00,19449.3,14.87,7.45,0.0,200.19
2022-06-19 04:00:00+00:00,18973.0,14.9,6.96,0.0,65.72
2022-06-19 05:00:00+00:00,19038.4,15.32,7.66,0.0,39.03
2022-06-19 06:00:00+00:00,22298.6,16.41,5.71,0.0,104.24
2022-06-19 07:00:00+00:00,25166.7,16.6,6.35,153.2,107.08
2022-06-19 08:00:00+00:00,26350.6,16.92,5.83,238.4,108.22
2022-06-19 09:00:00+00:00,27151.9,17.78,5.33,544.3,85.97
2022-06-19 10:00:00+00:00,27151.8,18.79,6.94,600.2,71.0
2022-06-19 11:00:00+00:00,27251.3,18.99,6.53,585.3,64.92
2022-06-19 12:00:00+00:00,27326.2,19.56,7.3,420.4,71.92
2022-06-19 13:00:00+00:00,26616.9,19.97,7.5,609.4,59.56
2022-06-19 14:00:00+00:00,26835.2,18.93,7.78,562.9,70.73
2022-06-19 15:00:00+00:00,26587.0,18.93,7.54,423.4,82.26
2022-06-19 16:00:00+00:00,27435.5,18.77,7.28,313.0,87.86
2022-06-19 17:00:00+00:00,30198.5,18.41,8.46,102.9,105.32
2022-06-19 18:00:00+00:00,31206.4,18.83,9.11,0.0,121.63
2022-06-19 19:00:00+00:00,29056.3,17.49,8.62,0.0,116.9
2022-06-19 20:00:00+00:00,27562.9,16.3,7.72,0.0,98.39
2022-06-19 21:00:00+00:00,25287.4,14.01,7.23,0.0,104.86
2022-06-19 22:00:00+00:00,23527.8,13.03,7.98,0.0,104.53
2022-06-19 23:00:00+00:00,22667.9,12.17,8.85,0.0,70.52
2022-06-20 00:00:00+00:00,24218.1,11.41,9.2,0.0,107.22
2022-06-20 01:00:00+00:00,23088.2,11.71,7.82,0.0,79.64
2022-06-20 02:00:00+00:00,22216.0,12.01,8.37,0.0,76.28
2022-06-20 03:00:00+00:00,22074.7,12.02,9.32,0.0,77.37
2022-06-20 04:00:00+00:00,22679.7,11.97,9.34,0.0,75.62
2022-06-20 05:00:00+00:00,23213.6,12.95,10.77,0.0,54.62
2022-06-20 06:00:00+00:00,24966.1,13.47,9.55,0.0,91.21
2022-06-20 07:00:00+00:00,28400.2,13.64,9.96,125.5,98.86
2022-06-20 08:00:00+00:00,31173.3,13.4,9.01,370.1,99.61
2022-06-20 09:00:00+00:00,32088.0,14.0,9.74,407.3,101.86
2022-06-20 10:00:00+00:00,30288.2,15.32,10.08,595.4,79.38
2022-06-20 11:00:00+00:00,30597.3,17.49,11.34,386.5,76.23
2022-06-20 12:00:00+00:00,29936.0,18.19,11.51,436.2,82.0
2022-06-20 13:00:00+00:00,30142.7,18.24,10.97,697.7,55.9
2022-06-20 14:00:00+00:00,29210.4,17.87,10.39,441.4,93.36
2022-06-20 15:00:00+00:00,28964.2,18.37,10.02,405.4,91.51
2022-06-20 16:00:00+00:00,30812.5,17.26,9.47,334.1,90.36
2022-06-20 17:00:00+00:00,33092.8,17.38,10.4,103.9,137.88
2022-06-20 18:00:00+00:00,33919.4,17.47,11.23,0.0,137.64
2022-06-20 19:00:00+00:00,32943.5,17.16,9.85,0.0,140.49
2022-06-20 20:00:00+00:00,31394.9,16.35,9.73,0.0,124.7
2022-06-20 21:00:00+00:00,28754.7,15.96,9.65,0.0,107.74
2022-06-20 22:00:00+00:00,27085.5,15.32,8.9,0.0,102.48
2022-06-20 23:00:00+00:00,24895.2,14.17,9.15,0.0,81.19
2022-06-21 00:00:00+00:00,23185.4,14.76,10.19,0.0,56.18
2022-06-21 01:00:00+00:00,23427.5,14.08,10.72,0.0,67.08
2022-06-21 02:00:00+00:00,22732.4,14.26,11.59,0.0,58.19
2022-06-21 03:00:00+00:00,22539.1,12.71,10.8,0.0,56.85
2022-06-21 04:00:00+00:00,22520.1,13.63,10.64,0.0,74.35
2022-06-21 05:00:00+00:00,23484.6,14.83,9.86,0.0,80.99
2022-06-21 06:00:00+00:00,25831.3,15.32,9.9,0.0,86.48
2022-06-21 07:00:00+00:00,29264.8,16.27,10.01,173.2,96.82
2022-06-21 08:00:00+00:00,30446.0,17.31,10.61,346.1,93.59
2022-06-21 09:00:00+00:00,30646.1,17.68,11.46,501.0,69.59
2022-06-21 10:00:00+00:00,30219.8,18.77,11.78,581.9,41.24
2022-06-21 11:00:00+00:00,29605.6,18.98,10.87,392.5,93.64
2022-06-21 12:00:00+00:00,29447.1,19.23,9.61,684.6,65.32
2022-06-21 13:00:00+00:00,28462.5,20.39,9.89,490.1,75.79
2022-06-21 14:00:00+00:00,28464.3,21.26,10.92,360.2,78.63
2022-06-21 15:00:00+00:00,29159.7,20.9,10.7,261.1,74.97
2022-06-21 16:00:00+00:00,30441.1,20.34,9.32,217.7,100.81
2022-06-21 17:00:00+00:00,32692.8,19.65,10.84,145.9,118.06
2022-06-21 18:00:00+00:00,33528.1,19.61,11.03,0.0,130.71
2022-06-21 19:00:00+00:00,32107.3,18.39,10.96,0.0,113.21
2022-06-21 20:00:00+00:00,30095.2,17.89,9.85,0.0,121.93
2022-06-21 21:00:00+00:00,28547.1,17.56,9.72,0.0,115.63
2022-06-21 22:00:00+00:00,26622.0,16.72,10.12,0.0,92.43
2022-06-21 23:00:00+00:00,24397.3,16.6,10.36,0.0,91.65
2022-06-22 00:00:00+00:00,23532.6,15.83,9.66,0.0,85.56
2022-06-22 01:00:00+00:00,22908.2,15.2,9.48,0.0,81.32
2022-06-22 02:00:00+00:00,22960.6,14.3,8.88,0.0,76.06
2022-06-22 03:00:00+00:00,22323.2,14.81,10.08,0.0,69.03
2022-06-22 04:00:00+00:00,22533.8,14.44,10.63,0.0,77.4
2022-06-22 05:00:00+00:00,22748.5,14.95,10.04,0.0,59.07
2022-06-22 06:00:00+00:00,24939.7,15.37,8.97,0.0,78.64
2022-06-22 07:00:00+00:00,27303.0,15.36,9.09,121.5,93.21
2022-06-22 08:00:00+00:00,29778.9,15.73,8.6,267.8,104.07
2022-06-22 09:00:00+00:00,30287.8,17.36,8.19,439.5,96.21
2022-06-22 10:00:00+00:00,30294.8,18.25,7.25,682.4,90.09
2022-06-22 11:00:00+00:00,29761.4,18.36,6.44,653.6,90.51
2022-06-22 12:00:00+00:00,28917.9,19.18,6.6,705.4,78.69
2022-06-22 13:00:00+00:00,28838.4,19.58,6.41,762.4,71.92
2022-06-22 14:00:00+00:00,28860.0,21.96,8.39,435.5,96.09
2022-06-22 15:00:00+00:00,29633.1,22.18,8.79,249.7,115.82
2022-06-22 16:00:00+00:00,30564.2,21.79,7.8,339.2,105.36
2022-06-22 17:00:00+00:00,33703.8,22.3,6.56,97.9,155.15
2022-06-22 18:00:00+00:00,34481.4,20.64,6.89,0.0,158.6
2022-06-22 19:00:00+00:00,33318.3,20.04,6.58,0.0,143.77
2022-06-22 20:00:00+00:00,29952.1,20.48,7.65,0.0,113.28
2022-06-22 21:00:00+00:00,28209.6,19.56,7.83,0.0,130.26
2022-06-22 22:00:00+00:00,25878.0,17.67,6.24,0.0,121.12
2022-06-22 23:00:00+00:00,24066.5,16.68,5.48,0.0,-9.19
2022-06-23 00:00:00+00:00,22912.3,16.96,5.03,0.0,111.89
2022-06-23 01:00:00+00:00,21525.0,16.66,5.48,0.0,83.19
2022-06-23 02:00:00+00:00,20407.8,15.8,4.73,0.0,97.45
2022-06-23 03:00:00+00:00,19760.7,15.24,4.96,0.0,86.91
2022-06-23 04:00:00+00:00,20371.0,14.98,4.02,0.0,87.88
2022-06-23 05:00:00+00:00,22384.7,15.48,4.17,0.0,80.42
2022-06-23 06:00:00+00:00,25349.2,16.74,4.6,0.0,104.64
2022-06-23 07:00:00+00:00,28406.3,17.95,5.87,138.6,137.69
2022-06-23 08:00:00+00:00,29928.5,18.88,6.11,260.8,136.36
2022-06-23 09:00:00+00:00,31454.5,18.79,5.52,529.4,98.37
2022-06-23 10:00:00+00:00,31573.3,18.73,6.76,291.5,103.74
2022-06-23 11:00:00+00:00,31329.6,19.75,6.63,534.8,118.48
2022-06-23 12:00:00+00:00,30207.4,19.54,7.25,448.8,100.75
2022-06-23 13:00:00+00:00,29664.2,19.88,6.76,657.9,78.71
2022-06-23 14:00:00+00:00,28737.7,20.36,6.84,624.8,69.97
2022-06-23 15:00:00+00:00,30030.2,19.78,6.23,436.6,94.56
2022-06-23 16:00:00+00:00,31309.0,19.08,6.52,257.6,139.03
2022-06-23 17:00:00+00:00,33397.5,18.76,7.17,151.7,145.12
2022-06-23 18:00:00+00:00,34029.1,18.62,6.77,0.0,141.57
2022-06-23 19:00:00+00:00,32440.0,18.66,6.35,0.0,145.22
2022-06-23 20:00:00+00:00,30737.0,18.31,6.67,0.0,156.19
2022-06-23 21:00:00+00:00,28654.2,17.57,6.04,0.0,134.29
2022-06-23 22:00:00+00:00,26285.7,16.34,4.9,0.0,109.26
2022-06-23 23:00:00+00:00,24823.7,14.98,5.28,0.0,105.92
2022-06-24 00:00:00+00:00,23203.4,14.13,5.28,0.0,101.61
2022-06-24 01:00:00+00:00,22503.4,13.93,5.27,0.0,108.09
2022-06-24 02:00:00+00:00,21994.8,13.86,5.76,0.0,91.91
2022-06-24 03:00:00+00:00,21879.7,12.52,6.34,0.0,102.87
2022-06-24 04:00:00+00:00,22413.7,12.21,6.25,0.0,95.44
2022-06-24 05:00:00+00:00,23282.8,13.3,5.41,0.0,79.67
2022-06-24 06:00:00+00:00,24301.7,13.87,4.99,0.0,116.33
2022-06-24 07:00:00+00:00,28240.2,13.68,5.54,201.9,115.26
2022-06-24 08:00:00+00:00,30158.3,15.88,5.72,351.7,111.8
2022-06-24 09:00:00+00:00,30122.2,16.67,5.36,340.3,123.4
2022-06-24 10:00:00+00:00,29860.9,17.69,4.83,548.5,103.29
2022-06-24 11:00:00+00:00,30301.1,18.67,5.42,443.9,114.78
2022-06-24 12:00:00+00:00,30283.1,19.08,5.32,377.8,112.72
2022-06-24 13:00:00+00:00,29784.7,19.13,6.0,358.7,107.09
2022-06-24 14:00:00+00:00,29587.1,20.73,6.73,280.8,124.24
2022-06-24 15:00:00+00:00,29941.2,21.42,6.5,558.0,97.75
2022-06-24 16:00:00+00:00,31137.0,21.78,7.27,317.0,121.1
2022-06-24 17:00:00+00:00,33278.7,21.79,7.37,122.7,137.58
2022-06-24 18:00:00+00:00,34675.0,20.65,7.56,0.0,170.19
2022-06-24 19:00:00+00:00,33418.5,20.76,5.82,0.0,163.48
2022-06-24 20:00:00+00:00,31345.8,19.48,5.12,0.0,149.4
2022-06-24 21:00:00+00:00,28848.3,18.83,4.49,0.0,153.84
2022-06-24 22:00:00+00:00,26867.0,17.03,4.37,0.0,126.59
2022-06-24 23:00:00+00:00,24521.8,15.07,4.59,0.0,116.53
2022-06-25 00:00:00+00:00,21894.9,14.72,4.83,0.0,85.65
2022-06-25 01:00:00+00:00,20592.9,13.77,5.16,0.0,81.83
2022-06-25 02:00:00+00:00,20113.7,12.31,4.72,0.0,95.39
2022-06-25 03:00:00+00:00,19762.0,12.6,5.38,0.0,81.49
2022-06-25 04:00:00+00:00,19647.5,14.03,6.87,0.0,74.17
2022-06-25 05:00:00+00:00,20530.2,15.18,6.6,0.0,79.12
2022-06-25 06:00:00+00:00,22332.0,15.49,6.1,0.0,93.05
2022-06-25 07:00:00+00:00,25638.5,16.11,5.61,106.2,103.0
2022-06-25 08:00:00+00:00,27934.6,17.37,5.75,370.8,97.7
2022-06-25 09:00:00+00:00,28454.4,18.79,5.4,382.2,103.67
2022-06-25 10:00:00+00:00,27730.9,19.32,4.13,310.0,111.46
2022-06-25 11:00:00+00:00,27452.8,20.04,3.13,448.7,112.71
2022-06-25 12:00:00+00:00,26755.5,20.81,4.12,406.7,105.89
2022-06-25 13:00:00+00:00,25478.3,21.58,5.27,743.8,76.67
2022-06-25 14:00:00+00:00,25259.1,21.75,6.61,377.8,88.25
2022-06-25 15:00:00+00:00,26601.2,21.74,6.8,397.7,78.03
2022-06-25 16:00:00+00:00,28518.2,22.43,6.04,338.6,100.1
2022-06-25 17:00:00+00:00,30928.7,22.79,5.74,102.4,149.18
2022-06-25 18:00:00+00:00,32211.8,22.52,4.64,0.0,167.52
2022-06-25 19:00:00+00:00,31038.6,22.84,3.56,0.0,170.11
2022-06-25 20:00:00+00:00,28133.8,21.77,3.93,0.0,140.26
2022-06-25 21:00:00+00:00,26971.2,21.86,4.51,0.0,127.64
2022-06-25 22:00:00+00:00,24569.1,21.28,6.16,0.0,110.32
2022-06-25 23:00:00+00:00,23131.6,22.38,6.14,0.0,84.67
2022-06-26 00:00:00+00:00,21464.4,20.9,5.12,0.0,91.95
2022-06-26 01:00:00+00:00,19314.8,19.84,5.12,0.0,100.65
2022-06-26 02:00:00+00:00,18782.3,19.64,4.99,0.0,75.26
2022-06-26 03:00:00+00:00,18092.9,19.63,4.71,0.0,75.82
2022-06-26 04:00:00+00:00,19104.4,20.75,5.09,0.0,77.96
2022-06-26 05:00:00+00:00,19708.9,20.46,4.24,0.0,103.28
2022-06-26 06:00:00+00:00,22282.2,21.31,4.48,0.0,90.56
2022-06-26 07:00:00+00:00,25733.2,22.46,5.11,142.7,116.18
2022-06-26 08:00:00+00:00,27886.2,23.41,6.32,185.4,108.79
2022-06-26 09:00:00+00:00,28260.3,23.41,6.6,509.8,83.69
2022-06-26 10:00:00+00:00,27677.3,24.85,7.43,388.8,74.15
2022-06-26 11:00:00+00:00,27046.8,26.12,7.06,550.7,94.62
2022-06-26 12:00:00+00:00,26790.6,26.88,6.82,615.8,79.81
2022-06-26 13:00:00+00:00,25904.0,27.26,7.88,450.1,60.19
2022-06-26 14:00:00+00:00,25965.0,27.49,6.77,422.5,69.27
2022-06-26 15:00:00+00:00,26204.7,27.33,6.46,398.9,80.2
2022-06-26 16:00:00+00:00,27742.2,27.4,7.37,352.7,99.3
2022-06-26 17:00:00+00:00,29807.3,26.91,7.19,138.8,121.83
2022-06-26 18:00:00+00:00,30267.6,25.72,6.96,0.0,128.01
2022-06-26 19:00:00+00:00,29049.0,24.29,6.75,0.0,130.15
2022-06-26 20:00:00+00:00,26846.9,22.96,6.86,0.0,129.88
2022-06-26 21:00:00+00:00,25041.1,22.17,7.71,0.0,107.7
2022-06-26 22:00:00+00:00,22884.4,21.24,8.4,0.0,67.06
2022-06-26 23:00:00+00:00,21239.0,20.51,8.34,0.0,65.07
2022-06-27 00:00:00+00:00,22745.5,20.1,9.13,0.0,79.09
2022-06-27 01:00:00+00:00,20996.4,19.11,9.29,0.0,70.39
2022-06-27 02:00:00+00:00,20913.8,19.56,9.84,0.0,78.65
2022-06-27 03:00:00+00:00,20910.7,19.15,8.9,0.0,70.57
2022-06-27 04:00:00+00:00,21182.5,18.86,10.16,0.0,70.88
2022-06-27 05:00:00+00:00,22085.4,19.32,10.18,0.0,48.97
2022-06-27 06:00:00+00:00,24629.1,18.56,7.87,0.0,94.61
2022-06-27 07:00:00+00:00,27928.1,18.62,9.12,98.0,111.56
2022-06-27 08:00:00+00:00,29135.4,19.85,9.02,165.7,126.39
2022-06-27 09:00:00+00:00,30165.7,19.49,8.61,473.4,80.37
2022-06-27 10:00:00+00:00,31018.0,20.88,8.06,470.6,100.37
2022-06-27 11:00:00+00:00,30640.3,22.44,8.35,742.8,61.05
2022-06-27 12:00:00+00:00,30887.9,22.73,7.58,403.9,106.65
2022-06-27 13:00:00+00:00,30391.7,23.29,7.1,421.2,117.49
2022-06-27 14:00:00+00:00,30131.1,24.17,6.67,541.3,108.47
2022-06-27 15:00:00+00:00,29909.9,23.88,6.46,244.2,119.98
2022-06-27 16:00:00+00:00,31520.7,24.2,6.08,280.1,127.01
2022-06-27 17:00:00+00:00,33353.1,23.38,6.79,97.9,175.88
2022-06-27 18:00:00+00:00,34639.8,22.52,7.01,0.0,161.28
2022-06-27 19:00:00+00:00,32709.5,21.34,7.32,0.0,144.73
2022-06-27 20:00:00+00:00,31443.4,20.75,7.78,0.0,134.53
2022-06-27 21:00:00+00:00,29414.9,20.6,7.67,0.0,113.93
2022-06-27 22:00:00+00:00,27052.1,19.62,6.84,0.0,123.33
2022-06-27 23:00:00+00:00,24509.0,18.05,8.26,0.0,102.52
2022-06-28 00:00:00+00:00,23609.6,16.76,8.92,0.0,93.21
2022-06-28 01:00:00+00:00,22251.4,16.48,10.09,0.0,80.39
2022-06-28 02:00:00+00:00,21370.2,17.24,10.74,0.0,57.88
2022-06-28 03:00:00+00:00,20803.9,17.3,10.19,0.0,61.77
2022-06-28 04:00:00+00:00,20627.4,17.09,8.2,0.0,84.66
2022-06-28 05:00:00+00:00,22009.3,17.78,7.18,0.0,82.27
2022-06-28 06:00:00+00:00,24475.1,18.03,7.67,0.0,93.52
2022-06-28 07:00:00+00:00,27011.9,18.34,7.55,198.9,110.61
2022-06-28 08:00:00+00:00,29264.0,18.43,7.2,192.2,108.64
2022-06-28 09:00:00+00:00,30951.9,20.0,5.24,523.2,102.06
2022-06-28 10:00:00+00:00,30223.5,19.18,5.31,625.0,90.9
2022-06-28 11:00:00+00:00,29930.7,20.36,4.55,651.8,128.87
2022-06-28 12:00:00+00:00,30433.7,20.66,4.11,556.6,124.19
2022-06-28 13:00:00+00:00,29380.0,20.86,4.92,427.5,118.96
2022-06-28 14:00:00+00:00,29283.8,22.16,4.22,620.5,92.68
2022-06-28 15:00:00+00:00,29691.2,21.78,3.63,507.7,120.84
2022-06-28 16:00:00+00:00,31712.0,21.24,3.94,285.1,159.27
2022-06-28 17:00:00+00:00,34817.1,20.84,4.77,88.4,174.24
2022-06-28 18:00:00+00:00,34651.1,20.59,4.57,0.0,166.06
2022-06-28 19:00:00+00:00,33189.6,19.68,5.84,0.0,166.85
2022-06-28 20:00:00+00:00,30809.0,17.99,4.9,0.0,150.73
2022-06-28 21:00:00+00:00,28692.1,16.71,3.87,0.0,146.59
2022-06-28 22:00:00+00:00,26316.8,16.73,2.82,0.0,126.98
2022-06-28 23:00:00+00:00,24383.9,16.05,1.74,0.0,123.29
2022-06-29 00:00:00+00:00,22720.6,15.74,2.26,0.0,113.37
2022-06-29 01:00:00+00:00,21180.7,15.1,1.73,0.0,103.95
2022-06-29 02:00:00+00:00,21950.2,14.4,0.9,0.0,120.31
2022-06-29 03:00:00+00:00,20760.2,15.32,1.5,0.0,103.68
2022-06-29 04:00:00+00:00,21702.9,15.29,2.42,0.0,127.6
2022-06-29 05:00:00+00:00,22399.3,15.3,3.47,0.0,114.66
2022-06-29 06:00:00+00:00,24905.2,16.43,4.33,0.0,127.73
2022-06-29 07:00:00+00:00,28832.6,16.59,3.74,96.8,138.52
2022-06-29 08:00:00+00:00,30846.5,16.94,4.12,311.7,114.45
2022-06-29 09:00:00+00:00,30612.8,17.72,4.66,394.5,132.67
2022-06-29 10:00:00+00:00,30441.4,18.5,4.4,452.2,119.39
2022-06-29 11:00:00+00:00,30144.2,19.38,4.66,506.2,117.6
2022-06-29 12:00:00+00:00,30321.9,21.24,3.8,338.8,130.51
2022-06-29 13:00:00+00:00,29661.5,21.88,3.47,654.7,84.05
2022-06-29 14:00:00+00:00,29220.5,20.7,3.94,421.8,113.63
2022-06-29 15:00:00+00:00,30253.1,20.99,5.27,386.4,111.23
2022-06-29 16:00:00+00:00,32576.4,20.9,6.25,361.9,131.97
2022-06-29 17:00:00+00:00,34998.2,20.62,6.81,153.9,161.0
2022-06-29 18:00:00+00:00,35319.6,20.28,6.88,0.0,190.6
2022-06-29 19:00:00+00:00,32445.3,19.62,6.83,0.0,156.78
2022-06-29 20:00:00+00:00,29863.4,18.85,5.7,0.0,137.1
2022-06-29 21:00:00+00:00,27258.7,18.43,5.12,0.0,126.04
2022-06-29 22:00:00+00:00,25122.1,17.31,4.58,0.0,125.51
2022-06-29 23:00:00+00:00,23982.5,16.0,5.15,0.0,118.9
2022-06-30 00:00:00+00:00,23777.8,17.24,5.98,0.0,92.29
2022-06-30 01:00:00+00:00,23058.1,16.28,6.61,0.0,94.59
2022-06-30 02:00:00+00:00,21949.8,16.01,7.55,0.0,83.78
2022-06-30 03:00:00+00:00,21688.4,14.97,7.58,0.0,67.46
2022-06-30 04:00:00+00:00,22065.2,15.13,6.79,0.0,97.41
2022-06-30 05:00:00+00:00,22505.6,14.86,6.76,0.0,95.27
2022-06-30 06:00:00+00:00,24512.0,15.08,6.2,0.0,106.1
2022-06-30 07:00:00+00:00,27438.4,16.34,6.76,188.0,111.55
2022-06-30 08:00:00+00:00,30331.9,17.34,6.49,236.9,130.95
2022-06-30 09:00:00+00:00,31022.1,18.45,6.44,454.5,132.52
2022-06-30 10:00:00+00:00,30328.8,18.14,7.01,475.6,110.99
2022-06-30 11:00:00+00:00,29874.5,19.97,6.43,309.3,105.39
2022-06-30 12:00:00+00:00,29844.2,19.86,7.21,453.9,130.24
2022-06-30 13:00:00+00:00,29145.0,21.25,6.15,550.9,85.4
2022-06-30 14:00:00+00:00,28734.2,22.13,6.43,575.4,94.78
2022-06-30 15:00:00+00:00,29470.7,22.53,6.39,360.8,108.93
2022-06-30 16:00:00+00:00,31818.7,21.86,7.06,203.6,131.58
2022-06-30 17:00:00+00:00,34624.9,21.61,5.99,89.9,167.41
2022-06-30 18:00:00+00:00,35167.4,20.82,4.84,0.0,184.11
2022-06-30 19:00:00+00:00,33442.3,20.18,5.53,0.0,179.28
2022-06-30 20:00:00+00:00,31097.3,19.28,5.3,0.0,146.09
2022-06-30 21:00:00+00:00,29415.7,17.25,5.32,0.0,146.52
2022-06-30 22:00:00+00:00,26700.2,17.16,4.88,0.0,134.66
2022-06-30 23:00:00+00:00,23957.2,16.38,5.7,0.0,131.25
2022-07-01 00:00:00+00:00,23085.5,15.5,6.0,0.0,105.88
2022-07-01 01:00:00+00:00,22286.6,14.69,6.24,0.0,83.32
2022-07-01 02:00:00+00:00,21520.3,14.62,5.36,0.0,108.72
2022-07-01 03:00:00+00:00,22322.1,13.99,5.84,0.0,92.81
2022-07-01 04:00:00+00:00,22700.3,12.76,5.12,0.0,94.79
2022-07-01 05:00:00+00:00,24241.1,13.36,4.7,0.0,128.2
2022-07-01 06:00:00+00:00,25537.8,14.2,3.75,0.0,129.2
2022-07-01 07:00:00+00:00,28431.3,14.75,3.79,151.0,132.17
2022-07-01 08:00:00+00:00,29793.0,14.83,4.78,286.1,144.12
2022-07-01 09:00:00+00:00,30331.1,15.72,5.07,263.4,125.46
2022-07-01 10:00:00+00:00,30710.2,15.68,4.82,552.3,108.22
2022-07-01 11:00:00+00:00,30114.3,15.87,5.01,751.6,99.43
2022-07-01 12:00:00+00:00,29520.0,16.14,5.19,378.3,94.24
2022-07-01 13:00:00+00:00,28898.4,17.23,5.34,450.7,108.73
2022-07-01 14:00:00+00:00,30373.1,17.41,5.56,307.1,125.92
2022-07-01 15:00:00+00:00,30492.0,17.34,4.82,360.6,117.47
2022-07-01 16:00:00+00:00,32120.6,18.51,5.01,273.8,140.84
2022-07-01 17:00:00+00:00,34514.7,18.48,3.74,126.5,175.46
2022-07-01 18:00:00+00:00,34442.0,18.27,4.35,0.0,177.81
2022-07-01 19:00:00+00:00,33350.6,17.47,3.62,0.0,183.81
2022-07-01 20:00:00+00:00,31483.1,16.44,4.71,0.0,161.27
2022-07-01 21:00:00+00:00,28669.1,14.41,2.91,0.0,149.72
2022-07-01 22:00:00+00:00,27441.0,14.32,4.43,0.0,142.9
2022-07-01 23:00:00+00:00,25611.4,13.94,3.27,0.0,133.84
2022-07-02 00:00:00+00:00,21807.2,13.32,2.52,0.0,142.42
2022-07-02 01:00:00+00:00,20923.5,12.83,2.98,0.0,114.88
2022-07-02 02:00:00+00:00,19797.1,13.04,3.66,0.0,88.91
2022-07-02 03:00:00+00:00,19197.3,12.06,3.61,0.0,73.72
2022-07-02 04:00:00+00:00,19626.3,11.89,4.48,0.0,82.04
2022-07-02 05:00:00+00:00,21009.2,11.59,3.98,0.0,79.4
2022-07-02 06:00:00+00:00,22234.6,13.24,3.82,0.0,114.71
2022-07-02 07:00:00+00:00,24689.8,14.46,3.74,137.3,110.43
2022-07-02 08:00:00+00:00,26517.5,13.91,3.48,323.5,104.63
2022-07-02 09:00:00+00:00,27293.5,13.87,2.15,417.6,123.4
2022-07-02 10:00:00+00:00,27565.3,14.69,2.37,544.3,105.05
2022-07-02 11:00:00+00:00,27383.1,15.24,2.51,467.0,116.4
2022-07-02 12:00:00+00:00,27194.2,15.19,3.58,632.7,90.99
2022-07-02 13:00:00+00:00,25876.5,16.97,2.74,310.8,114.22
2022-07-02 14:00:00+00:00,25811.0,17.56,2.46,383.5,122.29
2022-07-02 15:00:00+00:00,25821.7,18.04,3.63,266.1,120.76
2022-07-02 16:00:00+00:00,27106.8,17.6,4.02,267.1,131.44
2022-07-02 17:00:00+00:00,30262.8,17.83,4.6,100.1,148.41
2022-07-02 18:00:00+00:00,30773.7,17.2,5.08,0.0,134.6
2022-07-02 19:00:00+00:00,29603.8,16.49,5.53,0.0,136.39
2022-07-02 20:00:00+00:00,27506.2,16.21,7.03,0.0,106.43
2022-07-02 21:00:00+00:00,25376.9,14.53,7.1,0.0,118.63
2022-07-02 22:00:00+00:00,23682.8,14.81,6.3,0.0,103.75
2022-07-02 23:00:00+00:00,21921.7,14.26,6.84,0.0,102.75
2022-07-03 00:00:00+00:00,20525.3,14.5,6.4,0.0,94.52
2022-07-03 01:00:00+00:00,19563.1,13.41,6.35,0.0,77.43
2022-07-03 02:00:00+00:00,19536.9,12.61,6.67,0.0,94.26
2022-07-03 03:00:00+00:00,19579.5,11.88,6.04,0.0,90.05
2022-07-03 04:00:00+00:00,19558.3,12.22,5.69,0.0,83.06
2022-07-03 05:00:00+00:00,20345.9,12.64,6.13,0.0,88.97
2022-07-03 06:00:00+00:00,22835.6,12.91,5.74,0.0,115.8
2022-07-03 07:00:00+00:00,25680.6,13.01,6.57,106.8,111.08
2022-07-03 08:00:00+00:00,28430.7,13.07,5.82,390.9,100.05
2022-07-03 09:00:00+00:00,28468.3,13.94,5.1,455.2,94.42
2022-07-03 10:00:00+00:00,28435.6,14.55,6.69,439.6,95.92
2022-07-03 11:00:00+00:00,27939.9,14.98,5.51,764.4,71.79
2022-07-03 12:00:00+00:00,27518.3,16.66,5.56,419.7,102.65
2022-07-03 13:00:00+00:00,27361.7,17.18,7.08,656.5,69.28
2022-07-03 14:00:00+00:00,27272.8,18.34,7.05,386.0,89.7
2022-07-03 15:00:00+00:00,27733.1,18.19,8.1,406.8,101.27
2022-07-03 16:00:00+00:00,29656.3,18.32,8.56,171.4,131.75
2022-07-03 17:00:00+00:00,31180.9,18.05,8.48,186.2,115.97
2022-07-03 18:00:00+00:00,32305.4,16.63,8.3,0.0,141.27
2022-07-03 19:00:00+00:00,30675.3,16.96,6.58,0.0,142.1
2022-07-03 20:00:00+00:00,28351.8,16.23,6.35,0.0,134.84
2022-07-03 21:00:00+00:00,27860.9,15.97,6.56,0.0,131.06
2022-07-03 22:00:00+00:00,24605.6,14.8,6.77,0.0,101.93
2022-07-03 23:00:00+00:00,22969.0,14.04,8.71,0.0,91.82
2022-07-04 00:00:00+00:00,24229.9,13.0,8.84,0.0,88.96
2022-07-04 01:00:00+00:00,22830.4,13.34,9.24,0.0,79.3
2022-07-04 02:00:00+00:00,21777.9,13.28,10.04,0.0,63.33
2022-07-04 03:00:00+00:00,21592.8,13.45,10.31,0.0,80.22
2022-07-04 04:00:00+00:00,21064.5,14.41,10.08,0.0,77.06
2022-07-04 05:00:00+00:00,22302.0,15.42,9.86,0.0,80.05
2022-07-04 06:00:00+00:00,24854.4,16.35,9.44,0.0,100.8
2022-07-04 07:00:00+00:00,27795.9,16.1,9.67,174.9,109.11
2022-07-04 08:00:00+00:00,29626.3,16.41,9.4,385.3,102.84
2022-07-04 09:00:00+00:00,30996.2,16.6,9.77,471.0,102.67
2022-07-04 10:00:00+00:00,31159.4,17.85,8.84,409.6,101.53
2022-07-04 11:00:00+00:00,30807.7,18.7,8.87,684.8,68.75
2022-07-04 12:00:00+00:00,30579.5,18.5,9.99,632.7,72.23
2022-07-04 13:00:00+00:00,29863.9,18.91,9.66,320.8,122.02
2022-07-04 14:00:00+00:00,29701.9,18.36,10.97,344.9,87.94
2022-07-04 15:00:00+00:00,29591.1,18.5,10.9,311.4,108.46
2022-07-04 16:00:00+00:00,32330.0,17.47,10.66,334.7,113.94
2022-07-04 17:00:00+00:00,34570.8,17.59,10.57,179.8,133.33
2022-07-04 18:00:00+00:00,36530.7,17.42,10.15,0.0,151.6
2022-07-04 19:00:00+00:00,35604.4,18.02,8.44,0.0,157.26
2022-07-04 20:00:00+00:00,32739.0,17.85,9.06,0.0,142.48
2022-07-04 21:00:00+00:00,30361.2,16.84,10.67,0.0,119.49
2022-07-04 22:00:00+00:00,27795.7,16.58,10.86,0.0,109.89
2022-07-04 23:00:00+00:00,26119.0,15.03,11.09,0.0,86.35
2022-07-05 00:00:00+00:00,25074.0,13.9,10.74,0.0,82.34
2022-07-05 01:00:00+00:00,24232.5,13.68,11.46,0.0,88.57
2022-07-05 02:00:00+00:00,23105.1,12.13,11.21,0.0,93.45
2022-07-05 03:00:00+00:00,22445.1,12.09,11.21,0.0,71.38
2022-07-05 04:00:00+00:00,22795.9,11.66,9.77,0.0,84.83
2022-07-05 05:00:00+00:00,23518.1,12.12,9.22,0.0,86.26
2022-07-05 06:00:00+00:00,25225.0,12.05,9.4,0.0,96.39
2022-07-05 07:00:00+00:00,28449.7,13.03,9.99,177.8,98.3
2022-07-05 08:00:00+00:00,29516.3,13.87,10.57,230.9,96.36
2022-07-05 09:00:00+00:00,29547.3,15.58,9.15,486.7,94.83
2022-07-05 10:00:00+00:00,30079.7,16.43,7.89,594.0,97.75
2022-07-05 11:00:00+00:00,30416.9,16.76,8.3,696.4,81.58
2022-07-05 12:00:00+00:00,29821.2,17.31,7.65,430.7,97.36
2022-07-05 13:00:00+00:00,28772.6,17.06,8.32,693.6,69.52
2022-07-05 14:00:00+00:00,28214.3,17.7,6.98,342.9,109.97
2022-07-05 15:00:00+00:00,29175.2,18.25,6.9,481.9,-18.07
2022-07-05 16:00:00+00:00,31529.4,19.71,6.88,378.2,111.2
2022-07-05 17:00:00+00:00,33997.1,19.06,7.26,86.1,157.98
2022-07-05 18:00:00+00:00,34911.0,18.47,6.44,0.0,170.61
2022-07-05 19:00:00+00:00,32717.5,17.55,4.93,0.0,164.9
2022-07-05 20:00:00+00:00,30865.5,17.0,5.17,0.0,162.24
2022-07-05 21:00:00+00:00,29108.1,16.5,5.67,0.0,140.15
2022-07-05 22:00:00+00:00,26703.0,15.74,6.53,0.0,115.09
2022-07-05 23:00:00+00:00,24915.4,15.7,6.27,0.0,114.02
2022-07-06 00:00:00+00:00,23262.3,14.76,6.91,0.0,92.42
2022-07-06 01:00:00+00:00,22561.3,14.9,7.3,0.0,101.53
2022-07-06 02:00:00+00:00,21253.8,14.94,8.32,0.0,79.57
2022-07-06 03:00:00+00:00,21043.8,14.83,8.21,0.0,68.4
2022-07-06 04:00:00+00:00,21628.6,14.74,6.8,0.0,91.4
2022-07-06 05:00:00+00:00,23240.2,16.5,6.75,0.0,91.81
2022-07-06 06:00:00+00:00,26008.4,16.45,6.83,0.0,126.22
2022-07-06 07:00:00+00:00,29341.4,17.23,7.25,98.6,125.64
2022-07-06 08:00:00+00:00,30759.3,17.48,6.04,329.3,131.38
2022-07-06 09:00:00+00:00,32235.3,19.32,5.84,421.7,122.18
2022-07-06 10:00:00+00:00,32379.8,20.58,6.58,559.3,113.42
2022-07-06 11:00:00+00:00,31547.2,20.84,6.52,334.0,131.07
2022-07-06 12:00:00+00:00,30850.1,21.72,6.3,490.4,111.08
2022-07-06 13:00:00+00:00,30440.8,22.3,7.83,490.0,93.08
2022-07-06 14:00:00+00:00,29703.8,22.24,6.95,519.7,107.38
2022-07-06 15:00:00+00:00,29357.6,22.75,7.92,257.1,114.65
2022-07-06 16:00:00+00:00,31212.3,22.83,8.67,310.6,104.3
2022-07-06 17:00:00+00:00,32561.3,22.59,8.41,129.9,133.95
2022-07-06 18:00:00+00:00,33758.7,22.03,8.31,0.0,146.45
2022-07-06 19:00:00+00:00,32673.4,21.6,8.22,0.0,143.8
2022-07-06 20:00:00+00:00,30501.0,20.95,8.3,0.0,130.68
2022-07-06 21:00:00+00:00,28980.4,20.14,7.77,0.0,126.58
2022-07-06 22:00:00+00:00,26909.7,18.91,7.4,0.0,104.37
2022-07-06 23:00:00+00:00,24531.3,19.15,7.1,0.0,101.76
2022-07-07 00:00:00+00:00,23347.0,17.84,6.84,0.0,109.85
2022-07-07 01:00:00+00:00,21905.9,17.56,6.61,0.0,110.1
2022-07-07 02:00:00+00:00,21201.4,17.0,4.87,0.0,86.6
2022-07-07 03:00:00+00:00,21478.9,17.89,5.06,0.0,109.48
2022-07-07 04:00:00+00:00,22006.6,17.36,4.74,0.0,125.94
2022-07-07 05:00:00+00:00,22784.4,17.15,3.39,0.0,113.57
2022-07-07 06:00:00+00:00,25270.4,16.99,3.3,0.0,136.08
2022-07-07 07:00:00+00:00,27898.3,17.77,3.19,127.4,148.34
2022-07-07 08:00:00+00:00,29522.5,17.62,4.38,334.5,122.27
2022-07-07 09:00:00+00:00,30892.6,18.1,4.09,307.1,147.91
2022-07-07 10:00:00+00:00,31962.2,17.58,4.75,318.7,138.48
2022-07-07 11:00:00+00:00,32172.3,18.48,5.95,662.7,120.04
2022-07-07 12:00:00+00:00,31604.6,18.83,5.51,640.6,126.19
2022-07-07 13:00:00+00:00,30748.5,18.45,5.55,710.1,113.29
2022-07-07 14:00:00+00:00,30619.5,19.46,6.97,534.6,101.75
2022-07-07 15:00:00+00:00,30643.2,18.82,7.15,247.1,130.75
2022-07-07 16:00:00+00:00,31534.9,19.25,7.44,308.0,119.53
2022-07-07 17:00:00+00:00,34668.4,18.58,7.1,181.9,142.55
2022-07-07 18:00:00+00:00,34802.2,19.12,7.63,0.0,162.77
2022-07-07 19:00:00+00:00,33767.3,18.98,7.57,0.0,167.31
2022-07-07 20:00:00+00:00,31837.7,17.66,6.1,0.0,152.73
2022-07-07 21:00:00+00:00,30369.0,16.36,5.87,0.0,162.47
2022-07-07 22:00:00+00:00,28025.3,16.0,5.0,0.0,139.34
2022-07-07 23:00:00+00:00,25617.6,15.15,5.19,0.0,112.42
2022-07-08 00:00:00+00:00,24880.2,14.48,4.56,0.0,119.35
2022-07-08 01:00:00+00:00,23118.0,14.81,5.06,0.0,102.46
2022-07-08 02:00:00+00:00,22169.7,14.08,5.19,0.0,115.65
2022-07-08 03:00:00+00:00,20991.0,14.06,4.31,0.0,105.25
2022-07-08 04:00:00+00:00,21084.5,14.76,4.06,0.0,101.51
2022-07-08 05:00:00+00:00,21536.1,15.55,4.69,0.0,108.88
2022-07-08 06:00:00+00:00,24817.2,15.92,5.7,0.0,107.94
2022-07-08 07:00:00+00:00,27168.8,16.37,5.06,187.8,108.38
2022-07-08 08:00:00+00:00,28985.9,16.05,4.3,382.2,108.2
2022-07-08 09:00:00+00:00,29618.8,16.23,5.96,435.8,93.47
2022-07-08 10:00:00+00:00,29874.2,17.24,6.0,590.9,91.28
2022-07-08 11:00:00+00:00,29311.0,17.93,6.13,715.5,94.54
2022-07-08 12:00:00+00:00,29701.3,18.64,5.59,644.3,106.57
2022-07-08 13:00:00+00:00,29216.3,19.78,5.83,654.9,85.64
2022-07-08 14:00:00+00:00,28927.0,19.39,7.23,304.5,90.18
2022-07-08 15:00:00+00:00,28950.8,19.39,7.42,496.2,91.57
2022-07-08 16:00:00+00:00,31069.9,19.45,8.23,221.6,128.73
2022-07-08 17:00:00+00:00,34106.6,18.77,8.19,89.9,160.0
2022-07-08 18:00:00+00:00,36099.9,19.2,7.33,0.0,177.19
2022-07-08 19:00:00+00:00,33838.2,19.15,6.78,0.0,154.11
2022-07-08 20:00:00+00:00,31491.0,18.61,5.91,0.0,162.05
2022-07-08 21:00:00+00:00,28396.5,18.91,6.14,0.0,138.95
2022-07-08 22:00:00+00:00,26365.0,17.21,7.14,0.0,124.83
2022-07-08 23:00:00+00:00,23939.5,16.48,7.26,0.0,93.34
2022-07-09 00:00:00+00:00,20777.4,16.09,7.0,0.0,89.8
2022-07-09 01:00:00+00:00,20199.4,15.06,6.39,0.0,93.23
2022-07-09 02:00:00+00:00,19376.2,14.95,6.7,0.0,64.45
2022-07-09 03:00:00+00:00,18937.5,14.18,5.74,0.0,74.33
2022-07-09 04:00:00+00:00,19702.2,14.72,4.92,0.0,74.33
2022-07-09 05:00:00+00:00,21059.0,15.67,5.73,0.0,85.21
2022-07-09 06:00:00+00:00,22840.6,16.3,5.57,0.0,103.83
2022-07-09 07:00:00+00:00,25917.2,15.79,5.41,136.4,99.92
2022-07-09 08:00:00+00:00,27331.4,15.95,5.36,198.6,129.82
2022-07-09 09:00:00+00:00,28484.2,17.11,6.01,549.1,108.15
2022-07-09 10:00:00+00:00,28504.5,17.92,6.19,355.6,108.69
2022-07-09 11:00:00+00:00,28852.8,17.05,5.65,491.7,98.65
2022-07-09 12:00:00+00:00,27964.8,18.49,5.16,432.7,106.33
2022-07-09 13:00:00+00:00,27415.9,19.09,5.1,548.2,110.09
2022-07-09 14:00:00+00:00,27049.0,18.95,5.43,639.5,91.2
2022-07-09 15:00:00+00:00,27415.6,19.7,5.48,275.7,95.1
2022-07-09 16:00:00+00:00,28899.4,19.23,5.46,189.6,105.78
2022-07-09 17:00:00+00:00,30288.3,18.56,5.57,90.1,134.17
2022-07-09 18:00:00+00:00,31698.0,18.36,5.62,0.0,157.52
2022-07-09 19:00:00+00:00,30324.3,18.86,5.08,0.0,135.63
2022-07-09 20:00:00+00:00,27927.1,19.13,6.04,0.0,131.03
2022-07-09 21:00:00+00:00,25737.6,18.55,5.71,0.0,104.98
2022-07-09 22:00:00+00:00,22965.7,18.04,5.87,0.0,104.31
2022-07-09 23:00:00+00:00,20558.1,17.76,4.32,0.0,100.37
2022-07-10 00:00:00+00:00,20175.6,16.36,4.29,0.0,113.15
2022-07-10 01:00:00+00:00,19419.4,16.26,3.56,0.0,94.17
2022-07-10 02:00:00+00:00,18309.2,15.49,2.97,0.0,88.5
2022-07-10 03:00:00+00:00,19345.2,15.56,5.06,0.0,100.3
2022-07-10 04:00:00+00:00,19070.8,15.51,5.36,0.0,90.29
2022-07-10 05:00:00+00:00,20640.0,16.1,6.4,0.0,88.0
2022-07-10 06:00:00+00:00,23015.4,16.62,7.1,0.0,95.02
2022-07-10 07:00:00+00:00,25425.7,15.38,7.86,152.7,114.43
2022-07-10 08:00:00+00:00,27479.6,16.24,7.66,291.3,93.53
2022-07-10 09:00:00+00:00,28042.4,17.43,8.88,272.1,84.25
2022-07-10 10:00:00+00:00,27809.0,18.49,9.45,638.3,66.28
2022-07-10 11:00:00+00:00,28202.5,19.16,9.36,373.8,86.95
2022-07-10 12:00:00+00:00,28144.5,20.77,9.45,446.9,96.09
2022-07-10 13:00:00+00:00,27780.9,21.42,9.22,470.1,83.0
2022-07-10 14:00:00+00:00,27249.5,21.95,9.15,547.7,82.21
2022-07-10 15:00:00+00:00,27697.6,22.65,9.01,247.9,72.51
2022-07-10 16:00:00+00:00,29390.9,22.71,9.21,320.7,98.63
2022-07-10 17:00:00+00:00,31850.6,21.82,10.46,131.1,138.41
2022-07-10 18:00:00+00:00,32205.0,19.84,9.34,0.0,130.47
2022-07-10 19:00:00+00:00,29637.3,18.94,10.12,0.0,118.88
2022-07-10 20:00:00+00:00,28361.8,18.69,9.67,0.0,124.82
2022-07-10 21:00:00+00:00,26304.4,17.7,10.53,0.0,94.41
2022-07-10 22:00:00+00:00,24202.5,17.41,10.1,0.0,97.05
2022-07-10 23:00:00+00:00,22075.6,16.77,10.26,0.0,69.53
2022-07-11 00:00:00+00:00,23021.5,16.93,9.98,0.0,82.44
2022-07-11 01:00:00+00:00,22563.0,16.24,8.47,0.0,94.9
2022-07-11 02:00:00+00:00,22035.7,16.2,9.76,0.0,67.18
2022-07-11 03:00:00+00:00,22622.3,16.36,8.88,0.0,78.22
2022-07-11 04:00:00+00:00,23040.7,17.32,8.86,0.0,98.18
2022-07-11 05:00:00+00:00,23633.5,16.53,7.94,0.0,89.68
2022-07-11 06:00:00+00:00,26047.2,16.7,6.85,0.0,119.22
2022-07-11 07:00:00+00:00,29616.4,17.8,6.7,121.5,141.2
2022-07-11 08:00:00+00:00,31213.9,19.41,6.25,366.9,126.74
2022-07-11 09:00:00+00:00,31843.1,20.27,5.37,383.3,135.88
2022-07-11 10:00:00+00:00,32211.9,20.8,5.42,613.8,133.99
2022-07-11 11:00:00+00:00,30515.7,21.92,4.34,564.5,140.72
2022-07-11 12:00:00+00:00,30587.8,22.98,4.57,496.9,123.15
2022-07-11 13:00:00+00:00,30502.4,23.16,4.6,404.6,123.57
2022-07-11 14:00:00+00:00,29696.3,23.58,2.78,343.9,145.52
2022-07-11 15:00:00+00:00,30454.4,24.31,2.58,482.9,125.05
2022-07-11 16:00:00+00:00,32189.9,25.24,3.17,362.1,161.9
2022-07-11 17:00:00+00:00,33691.6,25.25,2.53,119.8,173.22
2022-07-11 18:00:00+00:00,34917.8,24.66,3.15,0.0,187.09
2022-07-11 19:00:00+00:00,33280.4,23.87,3.68,0.0,168.39
2022-07-11 20:00:00+00:00,31054.8,23.35,3.05,0.0,160.22
2022-07-11 21:00:00+00:00,29110.5,22.37,3.24,0.0,167.85
2022-07-11 22:00:00+00:00,26167.7,21.57,4.07,0.0,137.33
2022-07-11 23:00:00+00:00,24743.0,20.08,3.53,0.0,127.76
2022-07-12 00:00:00+00:00,23085.4,20.14,3.55,0.0,138.79
2022-07-12 01:00:00+00:00,22610.7,18.85,4.62,0.0,110.85
2022-07-12 02:00:00+00:00,22422.7,18.19,4.07,0.0,111.35
2022-07-12 03:00:00+00:00,22631.7,18.05,4.57,0.0,98.94
2022-07-12 04:00:00+00:00,22855.8,19.26,3.85,0.0,107.24
2022-07-12 05:00:00+00:00,23595.5,19.18,3.88,0.0,110.25
2022-07-12 06:00:00+00:00,25493.5,19.14,4.39,0.0,121.43
2022-07-12 07:00:00+00:00,28065.1,19.33,2.64,148.2,137.83
2022-07-12 08:00:00+00:00,29795.9,20.97,2.44,336.5,137.58
2022-07-12 09:00:00+00:00,30109.4,19.94,3.0,408.0,141.12
2022-07-12 10:00:00+00:00,30335.2,20.06,3.38,468.4,128.86
2022-07-12 11:00:00+00:00,29752.9,22.38,3.15,376.9,151.33
2022-07-12 12:00:00+00:00,29379.6,23.27,2.48,446.9,136.12
2022-07-12 13:00:00+00:00,28710.4,22.99,3.2,503.6,110.79
2022-07-12 14:00:00+00:00,28228.5,23.19,3.13,666.9,108.08
2022-07-12 15:00:00+00:00,28567.6,23.26,3.75,420.3,121.53
2022-07-12 16:00:00+00:00,30849.0,23.6,4.21,375.5,148.42
2022-07-12 17:00:00+00:00,33028.0,24.32,4.0,111.6,175.9
2022-07-12 18:00:00+00:00,33495.2,23.97,4.99,0.0,173.88
2022-07-12 19:00:00+00:00,32017.2,22.9,4.63,0.0,183.8
2022-07-12 20:00:00+00:00,29561.8,22.55,5.68,0.0,151.51
2022-07-12 21:00:00+00:00,28259.6,21.24,6.78,0.0,138.21
2022-07-12 22:00:00+00:00,25634.7,19.75,7.61,0.0,127.0
2022-07-12 23:00:00+00:00,23990.9,17.89,7.44,0.0,111.62
2022-07-13 00:00:00+00:00,23098.5,16.3,9.41,0.0,89.23
2022-07-13 01:00:00+00:00,21372.3,15.27,9.41,0.0,75.96
2022-07-13 02:00:00+00:00,20817.8,14.27,9.47,0.0,52.87
2022-07-13 03:00:00+00:00,20386.0,14.38,9.33,0.0,52.78
2022-07-13 04:00:00+00:00,21477.4,13.78,8.33,0.0,82.03
2022-07-13 05:00:00+00:00,24188.4,12.23,9.28,0.0,88.82
2022-07-13 06:00:00+00:00,27358.7,12.18,8.72,0.0,116.63
2022-07-13 07:00:00+00:00,30525.5,12.62,9.35,151.9,131.27
2022-07-13 08:00:00+00:00,31283.4,13.1,10.14,214.0,109.21
2022-07-13 09:00:00+00:00,30669.8,14.91,10.45,313.2,88.66
2022-07-13 10:00:00+00:00,31234.8,15.41,9.74,286.6,100.61
2022-07-13 11:00:00+00:00,31475.8,16.76,9.34,541.4,89.05
2022-07-13 12:00:00+00:00,31280.1,17.46,7.13,370.0,110.61
2022-07-13 13:00:00+00:00,30768.1,17.99,7.03,675.0,97.95
2022-07-13 14:00:00+00:00,29982.8,17.86,7.66,570.6,112.35
2022-07-13 15:00:00+00:00,30859.9,18.02,7.44,312.9,128.12
2022-07-13 16:00:00+00:00,32020.3,17.55,6.95,278.9,140.89
2022-07-13 17:00:00+00:00,33512.9,17.45,6.72,149.6,155.72
2022-07-13 18:00:00+00:00,34772.3,16.93,7.69,0.0,154.28
2022-07-13 19:00:00+00:00,32937.0,15.83,7.61,0.0,178.49
2022-07-13 20:00:00+00:00,30246.6,15.81,9.03,0.0,129.09
2022-07-13 21:00:00+00:00,28653.8,15.38,8.48,0.0,133.45
2022-07-13 22:00:00+00:00,25663.7,14.42,8.58,0.0,84.87
2022-07-13 23:00:00+00:00,24451.1,13.86,8.16,0.0,101.35
2022-07-14 00:00:00+00:00,23370.2,13.28,9.73,0.0,85.61
2022-07-14 01:00:00+00:00,23358.4,12.36,9.73,0.0,84.58
2022-07-14 02:00:00+00:00,22977.9,12.19,11.26,0.0,62.72
2022-07-14 03:00:00+00:00,23227.6,11.8,10.72,0.0,83.15
2022-07-14 04:00:00+00:00,23018.6,11.43,11.73,0.0,86.68
2022-07-14 05:00:00+00:00,23639.3,10.87,11.58,0.0,100.0
2022-07-14 06:00:00+00:00,25852.6,11.27,12.01,0.0,106.49
2022-07-14 07:00:00+00:00,28844.5,12.37,10.8,160.9,115.53
2022-07-14 08:00:00+00:00,30565.5,12.8,10.89,303.0,119.63
2022-07-14 09:00:00+00:00,30882.1,15.22,9.85,280.0,129.94
2022-07-14 10:00:00+00:00,31052.9,16.61,9.91,463.5,89.95
2022-07-14 11:00:00+00:00,30171.4,18.18,8.58,462.6,103.7
2022-07-14 12:00:00+00:00,30087.5,19.32,8.43,572.3,80.85
2022-07-14 13:00:00+00:00,29528.7,20.93,9.21,448.1,100.36
2022-07-14 14:00:00+00:00,29756.1,20.75,9.53,627.1,79.3
2022-07-14 15:00:00+00:00,29489.5,19.32,8.44,373.2,102.8
2022-07-14 16:00:00+00:00,30954.4,19.0,6.88,253.3,127.46
2022-07-14 17:00:00+00:00,33563.4,19.09,7.28,164.3,125.18
2022-07-14 18:00:00+00:00,35088.3,18.75,8.5,0.0,145.44
2022-07-14 19:00:00+00:00,33362.2,18.33,7.67,0.0,167.22
2022-07-14 20:00:00+00:00,31439.5,18.44,9.28,0.0,131.72
2022-07-14 21:00:00+00:00,29228.7,17.9,9.16,0.0,136.08
2022-07-14 22:00:00+00:00,26705.1,17.61,7.52,0.0,117.97
2022-07-14 23:00:00+00:00,25343.7,16.31,6.27,0.0,102.3
2022-07-15 00:00:00+00:00,24025.7,15.04,6.91,0.0,92.81
2022-07-15 01:00:00+00:00,22482.7,15.56,7.02,0.0,90.29
2022-07-15 02:00:00+00:00,21581.6,15.31,8.17,0.0,76.08
2022-07-15 03:00:00+00:00,21192.9,14.83,7.18,0.0,87.53
2022-07-15 04:00:00+00:00,21298.0,14.56,7.26,0.0,91.13
2022-07-15 05:00:00+00:00,22493.7,14.49,7.26,0.0,99.24
2022-07-15 06:00:00+00:00,24971.5,14.57,7.13,0.0,113.67
2022-07-15 07:00:00+00:00,28201.7,14.46,6.82,109.2,133.42
2022-07-15 08:00:00+00:00,29624.2,14.34,6.55,323.2,129.23
2022-07-15 09:00:00+00:00,29892.1,15.09,6.71,376.6,106.83
2022-07-15 10:00:00+00:00,29847.7,15.6,6.96,496.5,87.23
2022-07-15 11:00:00+00:00,29335.8,17.08,7.16,456.7,97.83
2022-07-15 12:00:00+00:00,28949.2,17.95,8.09,673.0,82.51
2022-07-15 13:00:00+00:00,28945.9,18.65,7.1,384.9,102.53
2022-07-15 14:00:00+00:00,29331.7,18.56,5.68,348.5,126.75
2022-07-15 15:00:00+00:00,29425.7,18.66,6.54,295.3,106.86
2022-07-15 16:00:00+00:00,30881.8,18.85,5.83,336.3,145.64
2022-07-15 17:00:00+00:00,33290.1,19.04,5.59,166.7,165.64
2022-07-15 18:00:00+00:00,34271.2,18.55,5.18,0.0,174.05
2022-07-15 19:00:00+00:00,33109.6,18.63,4.77,0.0,165.49
2022-07-15 20:00:00+00:00,30790.5,17.93,3.75,0.0,163.27
2022-07-15 21:00:00+00:00,28449.6,17.66,3.46,0.0,163.76
2022-07-15 22:00:00+00:00,27204.1,16.6,4.15,0.0,137.13
2022-07-15 23:00:00+00:00,24716.4,14.81,4.29,0.0,119.64
2022-07-16 00:00:00+00:00,21849.2,14.4,4.82,0.0,105.36
2022-07-16 01:00:00+00:00,21215.5,14.4,4.54,0.0,90.57
2022-07-16 02:00:00+00:00,20256.2,14.48,5.37,0.0,103.66
2022-07-16 03:00:00+00:00,19939.3,14.65,5.05,0.0,98.94
2022-07-16 04:00:00+00:00,19361.5,14.55,3.5,0.0,106.71
2022-07-16 05:00:00+00:00,20659.5,14.38,3.92,0.0,117.03
2022-07-16 06:00:00+00:00,23362.8,15.22,4.68,0.0,107.43
2022-07-16 07:00:00+00:00,26325.6,16.12,4.36,189.2,121.39
2022-07-16 08:00:00+00:00,28058.8,16.52,5.43,238.6,121.37
2022-07-16 09:00:00+00:00,29368.6,17.98,4.84,441.5,134.59
2022-07-16 10:00:00+00:00,29524.6,18.23,5.47,504.2,107.62
2022-07-16 11:00:00+00:00,29299.5,18.62,6.91,740.5,67.74
2022-07-16 12:00:00+00:00,28376.0,20.25,6.95,342.5,103.99
2022-07-16 13:00:00+00:00,26541.7,21.24,6.77,562.4,91.57
2022-07-16 14:00:00+00:00,26522.3,21.31,6.7,358.4,103.0
2022-07-16 15:00:00+00:00,26881.5,21.57,7.99,504.8,81.41
2022-07-16 16:00:00+00:00,29069.4,21.54,8.25,336.3,102.39
2022-07-16 17:00:00+00:00,31492.7,19.58,9.87,158.3,128.25
2022-07-16 18:00:00+00:00,32375.3,18.59,9.94,0.0,146.81
2022-07-16 19:00:00+00:00,30855.1,17.98,9.28,0.0,137.76
2022-07-16 20:00:00+00:00,28225.8,17.09,8.71,0.0,119.42
2022-07-16 21:00:00+00:00,25371.5,16.51,8.68,0.0,105.69
2022-07-16 22:00:00+00:00,22799.7,16.46,7.0,0.0,94.19
2022-07-16 23:00:00+00:00,20764.7,15.56,6.63,0.0,99.81
2022-07-17 00:00:00+00:00,20104.8,14.34,6.29,0.0,86.02
2022-07-17 01:00:00+00:00,18510.0,14.1,6.51,0.0,67.23
2022-07-17 02:00:00+00:00,18216.9,13.64,8.06,0.0,89.09
2022-07-17 03:00:00+00:00,19163.7,13.49,8.05,0.0,64.96
2022-07-17 04:00:00+00:00,19523.6,13.46,6.49,0.0,73.89
2022-07-17 05:00:00+00:00,20234.5,15.16,5.8,0.0,78.79
2022-07-17 06:00:00+00:00,22962.7,14.3,6.07,0.0,98.9
2022-07-17 07:00:00+00:00,25934.4,14.73,6.19,164.4,118.6
2022-07-17 08:00:00+00:00,27410.5,15.51,7.5,318.8,86.0
2022-07-17 09:00:00+00:00,27995.1,15.87,8.22,456.8,93.09
2022-07-17 10:00:00+00:00,27813.2,17.25,8.89,450.5,81.43
2022-07-17 11:00:00+00:00,26939.8,18.5,8.62,579.2,66.07
2022-07-17 12:00:00+00:00,27380.7,19.13,9.4,557.8,56.8
2022-07-17 13:00:00+00:00,26448.6,19.47,8.58,398.7,84.05
2022-07-17 14:00:00+00:00,27000.2,19.74,9.26,274.0,76.0
2022-07-17 15:00:00+00:00,26917.0,19.81,8.93,350.4,86.15
2022-07-17 16:00:00+00:00,28143.3,19.7,7.7,339.8,107.13
2022-07-17 17:00:00+00:00,31566.8,19.32,8.13,117.4,115.38
2022-07-17 18:00:00+00:00,31748.6,19.03,9.16,0.0,148.87
2022-07-17 19:00:00+00:00,29320.8,18.9,8.74,0.0,109.91
2022-07-17 20:00:00+00:00,26846.7,17.45,9.87,0.0,126.88
2022-07-17 21:00:00+00:00,25036.3,16.09,8.43,0.0,103.7
2022-07-17 22:00:00+00:00,22587.0,14.32,7.43,0.0,87.77
2022-07-17 23:00:00+00:00,20933.5,14.2,7.29,0.0,89.28
2022-07-18 00:00:00+00:00,21507.0,13.8,6.99,0.0,83.32
2022-07-18 01:00:00+00:00,21289.6,13.69,6.46,0.0,69.56
2022-07-18 02:00:00+00:00,21561.7,12.58,6.6,0.0,106.17
2022-07-18 03:00:00+00:00,20467.7,13.62,6.2,0.0,86.89
2022-07-18 04:00:00+00:00,20062.0,13.4,5.96,0.0,90.0
2022-07-18 05:00:00+00:00,21093.6,13.85,6.23,0.0,92.34
2022-07-18 06:00:00+00:00,23801.9,14.89,5.75,0.0,104.56
2022-07-18 07:00:00+00:00,27533.0,14.95,5.73,189.4,110.57
2022-07-18 08:00:00+00:00,29325.8,15.39,5.29,365.2,129.52
2022-07-18 09:00:00+00:00,29815.9,16.33,4.43,357.8,135.48
2022-07-18 10:00:00+00:00,29693.3,18.87,5.16,654.2,103.93
2022-07-18 11:00:00+00:00,29692.6,19.77,6.58,455.4,121.2
2022-07-18 12:00:00+00:00,29891.7,21.35,7.44,344.4,114.83
2022-07-18 13:00:00+00:00,29291.3,22.51,7.67,605.4,103.09
2022-07-18 14:00:00+00:00,28893.6,22.98,7.14,484.1,115.92
2022-07-18 15:00:00+00:00,29524.1,22.42,6.91,473.9,117.77
2022-07-18 16:00:00+00:00,32021.7,22.91,7.74,294.3,134.49
2022-07-18 17:00:00+00:00,34021.7,21.65,5.92,176.0,150.65
2022-07-18 18:00:00+00:00,34869.1,22.11,5.69,0.0,184.2
2022-07-18 19:00:00+00:00,32927.9,21.54,6.33,0.0,159.93
2022-07-18 20:00:00+00:00,30859.4,19.17,5.47,0.0,164.1
2022-07-18 21:00:00+00:00,28331.4,18.18,5.88,0.0,155.7
2022-07-18 22:00:00+00:00,26645.9,17.79,6.23,0.0,126.65
2022-07-18 23:00:00+00:00,25176.3,16.9,5.13,0.0,113.48
2022-07-19 00:00:00+00:00,24623.6,16.7,5.29,0.0,127.52
2022-07-19 01:00:00+00:00,22907.8,15.68,4.89,0.0,112.29
2022-07-19 02:00:00+00:00,23233.6,14.59,5.33,0.0,127.38
2022-07-19 03:00:00+00:00,22778.2,14.46,5.93,0.0,106.56
2022-07-19 04:00:00+00:00,22692.0,14.6,6.3,0.0,102.84
2022-07-19 05:00:00+00:00,24210.9,14.71,6.39,0.0,113.13
2022-07-19 06:00:00+00:00,25760.7,15.94,6.65,0.0,123.18
2022-07-19 07:00:00+00:00,28644.5,16.05,5.74,148.6,111.77
2022-07-19 08:00:00+00:00,30266.1,16.97,5.78,367.2,117.26
2022-07-19 09:00:00+00:00,30981.6,17.8,5.22,219.6,154.42
2022-07-19 10:00:00+00:00,30686.5,17.65,6.12,645.7,99.56
2022-07-19 11:00:00+00:00,30107.3,17.61,6.7,612.7,101.58
2022-07-19 12:00:00+00:00,29655.3,18.3,7.24,313.8,115.44
2022-07-19 13:00:00+00:00,28974.4,20.02,8.57,521.5,84.67
2022-07-19 14:00:00+00:00,28775.7,20.68,8.23,290.5,107.2
2022-07-19 15:00:00+00:00,29701.0,19.75,7.74,409.0,98.28
2022-07-19 16:00:00+00:00,30451.2,17.82,7.43,254.6,111.01
2022-07-19 17:00:00+00:00,33326.6,18.06,6.15,169.6,158.15
2022-07-19 18:00:00+00:00,34049.6,17.6,5.01,0.0,194.97
2022-07-19 19:00:00+00:00,32540.0,17.74,5.59,0.0,174.12
2022-07-19 20:00:00+00:00,30023.8,16.54,4.57,0.0,164.76
2022-07-19 21:00:00+00:00,28100.6,16.04,3.85,0.0,159.98
2022-07-19 22:00:00+00:00,25645.1,15.83,3.93,0.0,136.35
2022-07-19 23:00:00+00:00,23922.6,14.88,3.76,0.0,125.12
2022-07-20 00:00:00+00:00,23428.0,14.04,4.61,0.0,108.73
2022-07-20 01:00:00+00:00,22716.6,13.63,4.78,0.0,120.05
2022-07-20 02:00:00+00:00,22707.0,13.71,4.27,0.0,117.66
2022-07-20 03:00:00+00:00,22024.1,13.64,5.16,0.0,99.09
2022-07-20 04:00:00+00:00,22293.9,14.37,5.83,0.0,100.88
2022-07-20 05:00:00+00:00,23652.1,14.41,4.78,0.0,106.57
2022-07-20 06:00:00+00:00,26057.0,14.12,5.09,0.0,135.86
2022-07-20 07:00:00+00:00,29358.3,15.98,4.63,138.0,158.45
2022-07-20 08:00:00+00:00,30620.2,16.36,4.16,311.0,129.32
2022-07-20 09:00:00+00:00,31144.8,16.82,5.77,345.5,143.09
2022-07-20 10:00:00+00:00,31153.8,17.59,5.93,357.6,143.06
2022-07-20 11:00:00+00:00,30184.8,18.39,5.81,511.3,103.11
2022-07-20 12:00:00+00:00,30457.8,18.81,5.94,438.4,100.28
2022-07-20 13:00:00+00:00,29699.0,19.32,6.67,561.8,104.18
2022-07-20 14:00:00+00:00,29516.7,19.63,6.14,305.0,122.1
2022-07-20 15:00:00+00:00,30425.0,19.88,5.77,344.9,126.24
2022-07-20 16:00:00+00:00,32097.4,18.39,6.34,285.4,150.93
2022-07-20 17:00:00+00:00,34316.8,19.3,5.19,194.6,162.24
2022-07-20 18:00:00+00:00,35084.1,18.77,6.06,0.0,203.91
2022-07-20 19:00:00+00:00,32995.7,18.54,4.85,0.0,158.36
2022-07-20 20:00:00+00:00,30706.0,17.02,4.76,0.0,151.78
2022-07-20 21:00:00+00:00,28557.4,16.01,3.63,0.0,145.0
2022-07-20 22:00:00+00:00,26273.2,14.89,2.97,0.0,141.71
2022-07-20 23:00:00+00:00,25065.7,15.12,4.18,0.0,143.98
2022-07-21 00:00:00+00:00,24484.7,14.18,5.14,0.0,109.97
2022-07-21 01:00:00+00:00,22835.8,14.2,6.14,0.0,96.86
2022-07-21 02:00:00+00:00,22388.0,13.55,5.05,0.0,102.76
2022-07-21 03:00:00+00:00,22776.3,13.22,4.32,0.0,114.46
2022-07-21 04:00:00+00:00,22118.2,13.23,4.72,0.0,110.88
2022-07-21 05:00:00+00:00,22799.8,14.35,5.39,0.0,105.83
2022-07-21 06:00:00+00:00,24879.8,13.73,4.85,0.0,112.28
2022-07-21 07:00:00+00:00,29160.3,13.62,4.5,178.7,138.89
2022-07-21 08:00:00+00:00,31337.5,13.26,3.74,312.5,161.74
2022-07-21 09:00:00+00:00,31467.3,13.51,5.2,246.2,154.25
2022-07-21 10:00:00+00:00,31210.9,13.93,4.92,537.3,119.56
2022-07-21 11:00:00+00:00,30519.0,13.83,5.05,495.7,123.01
2022-07-21 12:00:00+00:00,31007.8,14.18,5.21,469.0,131.28
2022-07-21 13:00:00+00:00,29428.0,13.63,6.17,400.4,125.46
2022-07-21 14:00:00+00:00,29393.8,13.52,5.46,385.3,136.64
2022-07-21 15:00:00+00:00,29299.5,14.57,6.45,384.2,118.16
2022-07-21 16:00:00+00:00,30544.0,14.9,5.48,187.2,130.67
2022-07-21 17:00:00+00:00,32953.5,14.89,6.47,137.5,139.8
2022-07-21 18:00:00+00:00,33587.4,13.98,5.15,0.0,181.96
2022-07-21 19:00:00+00:00,33550.9,12.62,5.16,0.0,161.19
2022-07-21 20:00:00+00:00,31970.0,11.42,6.53,0.0,166.99
2022-07-21 21:00:00+00:00,30541.7,10.84,7.1,0.0,141.24
2022-07-21 22:00:00+00:00,27887.8,10.8,7.42,0.0,117.39
2022-07-21 23:00:00+00:00,26691.5,10.81,6.58,0.0,132.05
2022-07-22 00:00:00+00:00,25420.1,10.72,6.03,0.0,112.06
2022-07-22 01:00:00+00:00,24895.5,9.96,7.13,0.0,117.94
2022-07-22 02:00:00+00:00,24422.1,9.84,7.49,0.0,110.26
2022-07-22 03:00:00+00:00,23968.1,9.7,8.16,0.0,83.08
2022-07-22 04:00:00+00:00,24514.9,9.84,8.16,0.0,119.55
2022-07-22 05:00:00+00:00,26750.4,11.52,7.88,0.0,133.25
2022-07-22 06:00:00+00:00,28273.3,11.05,8.44,0.0,135.99
2022-07-22 07:00:00+00:00,30647.7,11.67,8.57,119.9,141.12
2022-07-22 08:00:00+00:00,31003.4,13.27,8.36,347.9,110.97
2022-07-22 09:00:00+00:00,31696.0,13.28,7.18,341.4,140.83
2022-07-22 10:00:00+00:00,31487.7,13.81,7.92,532.0,117.88
2022-07-22 11:00:00+00:00,31744.5,14.37,8.22,632.2,82.1
2022-07-22 12:00:00+00:00,30828.7,15.01,7.68,428.9,105.42
2022-07-22 13:00:00+00:00,30593.3,14.68,8.57,321.2,109.05
2022-07-22 14:00:00+00:00,29002.1,15.51,8.68,598.1,101.33
2022-07-22 15:00:00+00:00,29370.5,16.18,8.81,285.7,100.96
2022-07-22 16:00:00+00:00,30765.5,16.52,9.41,359.7,104.56
2022-07-22 17:00:00+00:00,33499.5,15.83,9.81,114.3,129.5
2022-07-22 18:00:00+00:00,34918.2,15.55,9.9,0.0,153.84
2022-07-22 19:00:00+00:00,33226.3,14.52,9.61,0.0,160.4
2022-07-22 20:00:00+00:00,31635.5,13.75,11.03,0.0,118.61
2022-07-22 21:00:00+00:00,29050.5,14.41,10.25,0.0,126.25
2022-07-22 22:00:00+00:00,26879.5,13.8,10.67,0.0,97.48
2022-07-22 23:00:00+00:00,25747.4,12.47,10.42,0.0,119.65
2022-07-23 00:00:00+00:00,21993.8,12.06,10.61,0.0,78.46
2022-07-23 01:00:00+00:00,20835.8,10.89,11.39,0.0,65.3
2022-07-23 02:00:00+00:00,21088.4,10.0,10.93,0.0,64.36
2022-07-23 03:00:00+00:00,20725.0,9.42,11.2,0.0,68.68
2022-07-23 04:00:00+00:00,21679.5,9.43,11.2,0.0,57.57
2022-07-23 05:00:00+00:00,21637.2,10.46,10.49,0.0,76.85
2022-07-23 06:00:00+00:00,24207.5,11.43,11.3,0.0,81.08
2022-07-23 07:00:00+00:00,26816.2,12.49,11.64,119.4,85.87
2022-07-23 08:00:00+00:00,28512.2,12.68,11.07,335.8,110.47
2022-07-23 09:00:00+00:00,28970.1,13.26,11.73,222.3,111.27
2022-07-23 10:00:00+00:00,27907.3,14.34,10.84,528.5,88.22
2022-07-23 11:00:00+00:00,28059.3,14.82,10.63,419.9,92.02
2022-07-23 12:00:00+00:00,27500.4,15.42,10.11,539.3,78.45
2022-07-23 13:00:00+00:00,26565.4,16.3,10.54,650.6,73.1
2022-07-23 14:00:00+00:00,27346.8,16.52,9.99,540.0,77.36
2022-07-23 15:00:00+00:00,27380.9,16.88,10.43,325.2,93.55
2022-07-23 16:00:00+00:00,28736.5,17.86,10.73,313.5,108.64
2022-07-23 17:00:00+00:00,31535.4,17.55,10.25,125.3,135.87
2022-07-23 18:00:00+00:00,32507.3,17.87,11.51,0.0,140.16
2022-07-23 19:00:00+00:00,31400.7,17.65,10.71,0.0,141.43
2022-07-23 20:00:00+00:00,29198.6,16.1,9.42,0.0,128.33
2022-07-23 21:00:00+00:00,27508.4,14.74,9.97,0.0,119.21
2022-07-23 22:00:00+00:00,26299.1,13.56,8.14,0.0,122.81
2022-07-23 23:00:00+00:00,24256.8,12.43,9.25,0.0,86.19
2022-07-24 00:00:00+00:00,22871.7,11.86,9.22,0.0,83.05
2022-07-24 01:00:00+00:00,20831.2,11.87,7.99,0.0,92.08
2022-07-24 02:00:00+00:00,20242.4,12.43,7.2,0.0,86.87
2022-07-24 03:00:00+00:00,19945.0,12.59,5.91,0.0,90.56
2022-07-24 04:00:00+00:00,20843.9,12.49,6.26,0.0,97.17
2022-07-24 05:00:00+00:00,22245.0,11.62,5.26,0.0,88.23
2022-07-24 06:00:00+00:00,24275.7,12.25,5.74,0.0,115.97
2022-07-24 07:00:00+00:00,27015.3,12.99,5.57,133.4,123.85
2022-07-24 08:00:00+00:00,28283.8,13.93,5.27,282.5,125.76
2022-07-24 09:00:00+00:00,28608.1,16.07,5.75,276.5,132.29
2022-07-24 10:00:00+00:00,28648.7,17.65,6.3,544.0,98.11
2022-07-24 11:00:00+00:00,28521.9,18.87,7.23,558.2,108.41
2022-07-24 12:00:00+00:00,28015.3,18.93,6.73,561.4,84.71
2022-07-24 13:00:00+00:00,27600.1,19.14,6.72,493.3,103.86
2022-07-24 14:00:00+00:00,27478.1,19.42,6.23,398.5,100.45
2022-07-24 15:00:00+00:00,27496.0,19.1,6.4,383.4,117.63
2022-07-24 16:00:00+00:00,29180.4,19.35,5.82,319.5,126.0
2022-07-24 17:00:00+00:00,31445.5,19.31,5.55,158.5,138.4
2022-07-24 18:00:00+00:00,31764.6,18.22,5.29,0.0,166.21
2022-07-24 19:00:00+00:00,30133.4,18.37,5.61,0.0,157.71
2022-07-24 20:00:00+00:00,28489.3,17.74,5.68,0.0,145.72
2022-07-24 21:00:00+00:00,26792.5,15.96,6.14,0.0,134.09
2022-07-24 22:00:00+00:00,24486.7,15.21,6.1,0.0,114.95
2022-07-24 23:00:00+00:00,22263.4,14.71,5.69,0.0,100.49
2022-07-25 00:00:00+00:00,23735.1,14.71,5.91,0.0,97.32
2022-07-25 01:00:00+00:00,23549.8,14.06,5.24,0.0,122.07
2022-07-25 02:00:00+00:00,22909.3,14.3,5.78,0.0,114.61
2022-07-25 03:00:00+00:00,22368.0,14.33,5.62,0.0,126.27
2022-07-25 04:00:00+00:00,22351.3,13.66,5.84,0.0,105.43
2022-07-25 05:00:00+00:00,23670.3,13.15,6.07,0.0,115.31
2022-07-25 06:00:00+00:00,25332.7,14.36,7.37,0.0,117.02
2022-07-25 07:00:00+00:00,28003.7,15.75,7.65,83.1,132.71
2022-07-25 08:00:00+00:00,30403.3,16.68,7.68,296.7,117.8
2022-07-25 09:00:00+00:00,31300.4,18.37,7.1,397.0,125.73
2022-07-25 10:00:00+00:00,30986.2,19.77,7.72,349.5,122.69
2022-07-25 11:00:00+00:00,30628.8,20.87,7.48,334.3,130.15
2022-07-25 12:00:00+00:00,30241.1,20.9,6.26,450.2,140.84
2022-07-25 13:00:00+00:00,29425.0,22.39,6.14,311.8,127.64
2022-07-25 14:00:00+00:00,28572.9,22.96,6.34,487.5,91.1
2022-07-25 15:00:00+00:00,29330.9,22.76,5.73,380.8,109.34
2022-07-25 16:00:00+00:00,31608.0,22.2,5.7,351.8,147.53
2022-07-25 17:00:00+00:00,33615.7,22.02,5.71,136.1,147.88
2022-07-25 18:00:00+00:00,34197.4,20.49,5.73,0.0,180.88
2022-07-25 19:00:00+00:00,33146.6,20.28,6.76,0.0,158.56
2022-07-25 20:00:00+00:00,30697.8,18.96,5.75,0.0,183.64
2022-07-25 21:00:00+00:00,27994.5,18.39,7.4,0.0,119.4
2022-07-25 22:00:00+00:00,25536.0,17.29,7.35,0.0,110.41
2022-07-25 23:00:00+00:00,24499.2,16.4,7.79,0.0,116.28
2022-07-26 00:00:00+00:00,23064.1,15.31,7.85,0.0,97.22
2022-07-26 01:00:00+00:00,21715.7,14.75,6.46,0.0,91.79
2022-07-26 02:00:00+00:00,20904.0,15.6,5.66,0.0,88.79
2022-07-26 03:00:00+00:00,20205.5,16.31,5.32,0.0,89.54
2022-07-26 04:00:00+00:00,20111.7,16.58,6.18,0.0,81.85
2022-07-26 05:00:00+00:00,21471.5,16.82,5.14,0.0,104.58
2022-07-26 06:00:00+00:00,23486.2,17.76,4.56,0.0,139.17
2022-07-26 07:00:00+00:00,26629.8,19.0,4.81,145.2,147.61
2022-07-26 08:00:00+00:00,28842.6,19.14,5.29,335.2,144.45
2022-07-26 09:00:00+00:00,29823.8,19.81,5.72,456.5,117.54
2022-07-26 10:00:00+00:00,29895.9,19.44,5.02,375.9,136.06
2022-07-26 11:00:00+00:00,29177.6,20.81,3.87,677.3,110.38
2022-07-26 12:00:00+00:00,28972.9,22.63,4.44,359.8,119.42
2022-07-26 13:00:00+00:00,28782.5,23.08,5.69,402.5,98.64
2022-07-26 14:00:00+00:00,28765.0,22.02,5.49,268.2,109.75
2022-07-26 15:00:00+00:00,29041.6,22.46,4.67,305.7,132.32
2022-07-26 16:00:00+00:00,30533.0,21.76,4.45,238.8,132.09
2022-07-26 17:00:00+00:00,33083.9,21.04,4.88,103.9,160.45
2022-07-26 18:00:00+00:00,33908.1,20.92,4.81,0.0,184.95
2022-07-26 19:00:00+00:00,32048.3,20.42,6.02,0.0,140.25
2022-07-26 20:00:00+00:00,30256.9,19.38,6.79,0.0,163.35
2022-07-26 21:00:00+00:00,28273.9,18.19,6.95,0.0,136.48
2022-07-26 22:00:00+00:00,25460.9,17.48,5.42,0.0,123.56
2022-07-26 23:00:00+00:00,23544.8,16.5,4.96,0.0,111.95
2022-07-27 00:00:00+00:00,22450.6,15.19,4.63,0.0,118.27
2022-07-27 01:00:00+00:00,20914.4,14.53,4.17,0.0,97.2
2022-07-27 02:00:00+00:00,20288.4,14.45,4.46,0.0,114.74
2022-07-27 03:00:00+00:00,20630.2,14.26,4.75,0.0,110.7
2022-07-27 04:00:00+00:00,21156.4,13.53,3.55,0.0,104.41
2022-07-27 05:00:00+00:00,21821.6,14.47,4.35,0.0,109.36
2022-07-27 06:00:00+00:00,25359.0,13.33,4.5,0.0,143.91
2022-07-27 07:00:00+00:00,28429.8,13.75,4.9,111.5,144.06
2022-07-27 08:00:00+00:00,30408.2,14.18,5.59,334.7,129.84
2022-07-27 09:00:00+00:00,30304.9,15.14,5.06,369.0,124.44
2022-07-27 10:00:00+00:00,30216.0,16.33,6.14,414.0,121.16
2022-07-27 11:00:00+00:00,29968.0,17.8,6.07,688.9,97.25
2022-07-27 12:00:00+00:00,29816.5,18.04,7.3,684.2,97.28
2022-07-27 13:00:00+00:00,30261.9,18.93,6.59,660.3,99.31
2022-07-27 14:00:00+00:00,29807.4,19.39,7.73,334.8,107.31
2022-07-27 15:00:00+00:00,30433.7,18.51,6.99,469.9,126.02
2022-07-27 16:00:00+00:00,33036.8,19.62,8.98,291.1,138.22
2022-07-27 17:00:00+00:00,35821.7,18.49,8.14,154.6,153.91
2022-07-27 18:00:00+00:00,36328.2,18.32,8.91,0.0,168.02
2022-07-27 19:00:00+00:00,34959.0,17.99,8.53,0.0,174.86
2022-07-27 20:00:00+00:00,32504.7,17.47,9.01,0.0,142.05
2022-07-27 21:00:00+00:00,30046.2,16.43,8.88,0.0,134.71
2022-07-27 22:00:00+00:00,27755.5,16.2,7.93,0.0,124.89
2022-07-27 23:00:00+00:00,26228.2,14.56,5.7,0.0,123.48
2022-07-28 00:00:00+00:00,25184.2,13.93,7.73,0.0,102.9
2022-07-28 01:00:00+00:00,23902.5,13.17,7.75,0.0,105.18
2022-07-28 02:00:00+00:00,23108.4,12.53,5.41,0.0,104.3
2022-07-28 03:00:00+00:00,22045.2,12.75,5.72,0.0,99.57
2022-07-28 04:00:00+00:00,22111.6,13.56,6.33,0.0,111.18
2022-07-28 05:00:00+00:00,23353.3,13.7,5.8,0.0,105.82
2022-07-28 06:00:00+00:00,25718.3,14.69,5.31,0.0,134.43
2022-07-28 07:00:00+00:00,27844.3,15.37,5.38,109.0,143.98
2022-07-28 08:00:00+00:00,29742.3,15.59,6.4,263.8,128.07
2022-07-28 09:00:00+00:00,30282.7,16.26,6.51,351.8,130.58
2022-07-28 10:00:00+00:00,30300.3,16.9,7.68,261.2,117.24
2022-07-28 11:00:00+00:00,30600.5,17.26,8.53,369.6,122.63
2022-07-28 12:00:00+00:00,30797.1,18.2,8.27,580.7,109.04
2022-07-28 13:00:00+00:00,30474.7,18.87,6.98,512.0,127.14
2022-07-28 14:00:00+00:00,29981.9,18.26,6.8,272.9,139.53
2022-07-28 15:00:00+00:00,30000.3,17.45,7.22,391.3,119.77
2022-07-28 16:00:00+00:00,32202.0,17.7,7.26,256.0,167.5
2022-07-28 17:00:00+00:00,35151.1,17.01,7.74,92.5,175.61
2022-07-28 18:00:00+00:00,36440.3,16.81,8.38,0.0,190.46
2022-07-28 19:00:00+00:00,34752.3,16.76,8.73,0.0,161.14
2022-07-28 20:00:00+00:00,32299.8,15.35,8.43,0.0,148.99
2022-07-28 21:00:00+00:00,30658.7,13.82,8.76,0.0,141.75
2022-07-28 22:00:00+00:00,28163.6,14.17,10.42,0.0,107.08
2022-07-28 23:00:00+00:00,26035.5,13.75,9.09,0.0,111.94
2022-07-29 00:00:00+00:00,24849.8,12.92,9.36,0.0,102.57
2022-07-29 01:00:00+00:00,25231.4,11.97,10.68,0.0,109.11
2022-07-29 02:00:00+00:00,24248.4,11.46,9.57,0.0,109.91
2022-07-29 03:00:00+00:00,24321.9,10.75,10.23,0.0,96.37
2022-07-29 04:00:00+00:00,23802.4,11.5,10.95,0.0,84.4
2022-07-29 05:00:00+00:00,24775.9,11.44,9.6,0.0,119.19
2022-07-29 06:00:00+00:00,26142.9,12.68,10.03,0.0,91.99
2022-07-29 07:00:00+00:00,28517.3,13.16,9.66,76.5,102.39
2022-07-29 08:00:00+00:00,30578.6,13.35,9.48,334.3,117.51
2022-07-29 09:00:00+00:00,31152.5,13.98,9.11,449.9,109.18
2022-07-29 10:00:00+00:00,32187.1,13.3,10.03,492.2,105.01
2022-07-29 11:00:00+00:00,31382.9,14.11,9.79,529.1,83.61
2022-07-29 12:00:00+00:00,30727.3,14.78,9.29,658.6,82.58
2022-07-29 13:00:00+00:00,29876.3,15.91,8.82,303.9,129.09
2022-07-29 14:00:00+00:00,29023.2,15.21,8.47,529.1,107.99
2022-07-29 15:00:00+00:00,29583.6,16.18,7.55,260.8,130.47
2022-07-29 16:00:00+00:00,31250.6,16.71,7.15,149.6,134.56
2022-07-29 17:00:00+00:00,32974.3,17.28,7.24,110.3,152.12
2022-07-29 18:00:00+00:00,34477.6,16.86,7.54,0.0,166.76
2022-07-29 19:00:00+00:00,32703.4,16.94,8.45,0.0,148.44
2022-07-29 20:00:00+00:00,30791.3,15.41,8.57,0.0,137.68
2022-07-29 21:00:00+00:00,28857.7,15.16,8.12,0.0,132.95
2022-07-29 22:00:00+00:00,26902.1,14.0,7.27,0.0,112.05
2022-07-29 23:00:00+00:00,25222.6,12.37,7.49,0.0,127.38
2022-07-30 00:00:00+00:00,22964.7,11.17,7.37,0.0,101.31
2022-07-30 01:00:00+00:00,21483.7,10.83,7.29,0.0,89.23
2022-07-30 02:00:00+00:00,20030.7,10.16,7.48,0.0,68.75
2022-07-30 03:00:00+00:00,20233.0,10.43,7.86,0.0,91.5
2022-07-30 04:00:00+00:00,21324.5,9.58,8.03,0.0,78.91
2022-07-30 05:00:00+00:00,22304.4,8.76,7.85,0.0,101.04
2022-07-30 06:00:00+00:00,24247.6,10.25,7.18,0.0,102.69
2022-07-30 07:00:00+00:00,27320.8,11.58,6.69,174.0,121.2
2022-07-30 08:00:00+00:00,29642.4,11.81,7.37,257.9,111.47
2022-07-30 09:00:00+00:00,30017.8,12.74,7.02,472.5,111.29
2022-07-30 10:00:00+00:00,29632.5,14.28,5.96,395.3,121.16
2022-07-30 11:00:00+00:00,29170.8,15.39,6.92,658.3,96.69
2022-07-30 12:00:00+00:00,28574.7,16.22,6.19,319.9,128.67
2022-07-30 13:00:00+00:00,27309.5,17.46,6.26,465.4,106.57
2022-07-30 14:00:00+00:00,26849.8,17.41,6.68,588.2,103.18
2022-07-30 15:00:00+00:00,27645.5,17.63,6.7,341.9,95.66
2022-07-30 16:00:00+00:00,29837.9,17.61,4.77,303.1,157.22
2022-07-30 17:00:00+00:00,32141.6,17.24,5.19,115.2,170.82
2022-07-30 18:00:00+00:00,32723.0,16.62,6.32,0.0,162.7
2022-07-30 19:00:00+00:00,31898.7,16.14,6.97,0.0,168.57
2022-07-30 20:00:00+00:00,29614.5,15.54,5.31,0.0,171.61
2022-07-30 21:00:00+00:00,27894.3,14.22,7.06,0.0,145.33
2022-07-30 22:00:00+00:00,24803.0,14.03,6.02,0.0,111.4
2022-07-30 23:00:00+00:00,23374.1,12.81,5.22,0.0,117.41
2022-07-31 00:00:00+00:00,22872.6,12.13,5.92,0.0,117.77
2022-07-31 01:00:00+00:00,21128.1,11.58,6.33,0.0,97.25
2022-07-31 02:00:00+00:00,20515.9,11.61,6.43,0.0,97.78
2022-07-31 03:00:00+00:00,20899.4,10.33,6.01,0.0,103.04
2022-07-31 04:00:00+00:00,21524.5,11.1,7.1,0.0,85.96
2022-07-31 05:00:00+00:00,23012.6,11.11,7.07,0.0,117.54
2022-07-31 06:00:00+00:00,25462.2,12.44,5.84,0.0,127.21
2022-07-31 07:00:00+00:00,28355.1,12.87,6.86,142.8,127.42
2022-07-31 08:00:00+00:00,29923.8,13.66,7.04,300.0,116.01
2022-07-31 09:00:00+00:00,29242.1,15.69,7.91,507.3,98.89
2022-07-31 10:00:00+00:00,28610.5,16.36,8.31,420.9,110.94
2022-07-31 11:00:00+00:00,29004.4,17.89,10.11,682.5,77.76
2022-07-31 12:00:00+00:00,28299.1,18.58,9.72,536.2,90.91
2022-07-31 13:00:00+00:00,27335.1,19.34,9.59,426.4,86.29
2022-07-31 14:00:00+00:00,25949.4,19.71,10.03,501.7,71.45
2022-07-31 15:00:00+00:00,26896.3,20.35,9.64,263.0,79.13
2022-07-31 16:00:00+00:00,28233.1,19.85,10.13,351.8,98.42
2022-07-31 17:00:00+00:00,30397.0,18.99,7.67,123.5,135.28
2022-07-31 18:00:00+00:00,31969.7,18.17,7.58,0.0,159.23
2022-07-31 19:00:00+00:00,29521.5,17.66,7.47,0.0,120.46
2022-07-31 20:00:00+00:00,28268.3,16.85,7.34,0.0,160.51
2022-07-31 21:00:00+00:00,25861.1,16.55,6.64,0.0,125.28
2022-07-31 22:00:00+00:00,23522.4,16.59,7.36,0.0,111.21
2022-07-31 23:00:00+00:00,21488.4,15.29,6.95,0.0,100.5
2022-08-01 00:00:00+00:00,22346.0,14.23,7.11,0.0,97.77
2022-08-01 01:00:00+00:00,21546.7,12.93,7.08,0.0,100.55
2022-08-01 02:00:00+00:00,20468.1,13.91,7.46,0.0,99.65
2022-08-01 03:00:00+00:00,19861.7,14.02,8.56,0.0,80.01
2022-08-01 04:00:00+00:00,21041.3,14.43,8.63,0.0,93.5
2022-08-01 05:00:00+00:00,22126.7,13.94,9.21,0.0,96.02
2022-08-01 06:00:00+00:00,23678.0,14.45,9.21,0.0,104.7
2022-08-01 07:00:00+00:00,25866.2,15.41,8.71,126.4,122.91
2022-08-01 08:00:00+00:00,28308.6,16.01,8.51,319.7,109.74
2022-08-01 09:00:00+00:00,28446.1,17.46,8.21,238.4,113.74
2022-08-01 10:00:00+00:00,28776.3,19.63,8.6,289.8,110.3
2022-08-01 11:00:00+00:00,29706.9,19.75,8.6,657.4,93.92
2022-08-01 12:00:00+00:00,29587.0,19.74,7.9,298.3,105.25
2022-08-01 13:00:00+00:00,29195.0,19.7,7.68,434.4,121.8
2022-08-01 14:00:00+00:00,28677.2,20.98,6.45,319.7,117.16
2022-08-01 15:00:00+00:00,29035.3,21.7,6.34,227.4,128.11
2022-08-01 16:00:00+00:00,30790.7,21.48,6.37,351.5,117.43
2022-08-01 17:00:00+00:00,33391.1,21.18,7.82,92.3,158.02
2022-08-01 18:00:00+00:00,35058.1,20.19,8.83,0.0,154.56
2022-08-01 19:00:00+00:00,33233.9,20.09,7.93,0.0,145.21
2022-08-01 20:00:00+00:00,30712.1,19.11,8.04,0.0,139.02
2022-08-01 21:00:00+00:00,28595.2,18.16,8.16,0.0,130.52
2022-08-01 22:00:00+00:00,26647.8,17.74,7.92,0.0,114.02
2022-08-01 23:00:00+00:00,24625.5,16.88,7.75,0.0,114.28
2022-08-02 00:00:00+00:00,23519.9,16.06,7.43,0.0,118.76
2022-08-02 01:00:00+00:00,22505.5,15.57,8.87,0.0,94.81
2022-08-02 02:00:00+00:00,22792.6,15.74,8.46,0.0,74.46
2022-08-02 03:00:00+00:00,22648.8,16.59,8.65,0.0,94.54
2022-08-02 04:00:00+00:00,22265.8,16.99,6.59,0.0,109.37
2022-08-02 05:00:00+00:00,22326.1,17.7,7.25,0.0,96.65
2022-08-02 06:00:00+00:00,24868.1,17.98,8.17,0.0,113.84
2022-08-02 07:00:00+00:00,27596.7,18.11,7.29,164.8,122.6
2022-08-02 08:00:00+00:00,29278.2,19.16,6.87,312.8,110.64
2022-08-02 09:00:00+00:00,29553.9,19.98,7.23,446.3,123.79
2022-08-02 10:00:00+00:00,29515.2,19.83,7.23,608.7,96.92
2022-08-02 11:00:00+00:00,29175.3,20.32,7.59,297.1,115.03
2022-08-02 12:00:00+00:00,29027.7,20.85,7.33,447.5,112.5
2022-08-02 13:00:00+00:00,28298.9,20.99,8.77,672.9,63.57
2022-08-02 14:00:00+00:00,27895.1,22.16,8.16,449.9,109.23
2022-08-02 15:00:00+00:00,28699.1,22.5,10.21,406.4,83.66
2022-08-02 16:00:00+00:00,30709.7,23.17,11.02,219.1,132.75
2022-08-02 17:00:00+00:00,33191.0,22.95,11.47,96.9,147.2
2022-08-02 18:00:00+00:00,34091.9,22.44,10.43,0.0,143.82
2022-08-02 19:00:00+00:00,32207.7,21.18,10.97,0.0,143.05
2022-08-02 20:00:00+00:00,30892.2,20.4,11.25,0.0,120.79
2022-08-02 21:00:00+00:00,29687.7,19.58,9.38,0.0,122.3
2022-08-02 22:00:00+00:00,27647.0,17.92,8.16,0.0,102.59
2022-08-02 23:00:00+00:00,24783.1,16.85,8.38,0.0,115.55
2022-08-03 00:00:00+00:00,23228.2,15.97,8.21,0.0,96.25
2022-08-03 01:00:00+00:00,22360.6,15.73,7.74,0.0,105.98
2022-08-03 02:00:00+00:00,21370.4,15.69,8.55,0.0,90.1
2022-08-03 03:00:00+00:00,20780.2,15.21,7.78,0.0,76.29
2022-08-03 04:00:00+00:00,20546.5,15.57,7.39,0.0,97.62
2022-08-03 05:00:00+00:00,21773.6,15.74,6.86,0.0,104.61
2022-08-03 06:00:00+00:00,24188.6,14.47,7.27,0.0,106.93
2022-08-03 07:00:00+00:00,26196.8,14.84,5.91,105.5,133.27
2022-08-03 08:00:00+00:00,28845.0,16.25,5.57,302.3,124.35
2022-08-03 09:00:00+00:00,29842.9,16.03,4.3,399.6,125.08
2022-08-03 10:00:00+00:00,29372.7,16.92,4.19,375.2,130.57
2022-08-03 11:00:00+00:00,29688.1,18.64,4.89,352.7,128.49
2022-08-03 12:00:00+00:00,29547.0,18.82,5.58,633.4,92.6
2022-08-03 13:00:00+00:00,29538.7,19.33,5.08,527.4,91.36
2022-08-03 14:00:00+00:00,29520.7,18.87,5.59,494.7,133.68
2022-08-03 15:00:00+00:00,29367.1,20.0,5.52,343.1,138.94
2022-08-03 16:00:00+00:00,31454.0,19.87,6.66,215.4,157.98
2022-08-03 17:00:00+00:00,34102.6,19.62,6.57,115.0,175.8
2022-08-03 18:00:00+00:00,35356.5,19.97,4.27,0.0,190.9
2022-08-03 19:00:00+00:00,34113.4,19.74,5.11,0.0,181.31
2022-08-03 20:00:00+00:00,32705.3,18.48,4.84,0.0,169.9
2022-08-03 21:00:00+00:00,30652.3,17.31,4.74,0.0,169.74
2022-08-03 22:00:00+00:00,27508.1,16.84,5.11,0.0,148.18
2022-08-03 23:00:00+00:00,25545.6,15.74,4.09,0.0,133.76
2022-08-04 00:00:00+00:00,24111.5,13.82,4.3,0.0,131.87
2022-08-04 01:00:00+00:00,23556.7,13.36,4.85,0.0,132.79
2022-08-04 02:00:00+00:00,22836.4,12.22,5.24,0.0,114.73
2022-08-04 03:00:00+00:00,23125.5,13.17,4.86,0.0,106.92
2022-08-04 04:00:00+00:00,22951.9,13.42,5.74,0.0,117.32
2022-08-04 05:00:00+00:00,24039.2,13.21,5.03,0.0,110.93
2022-08-04 06:00:00+00:00,26055.0,13.32,4.64,0.0,129.29
2022-08-04 07:00:00+00:00,28838.2,12.88,4.65,86.7,150.54
2022-08-04 08:00:00+00:00,30351.5,13.04,5.0,242.8,149.94
2022-08-04 09:00:00+00:00,30543.9,14.54,4.84,478.0,129.76
2022-08-04 10:00:00+00:00,30401.8,16.74,5.91,519.8,109.06
2022-08-04 11:00:00+00:00,29928.6,17.95,6.2,295.6,158.81
2022-08-04 12:00:00+00:00,29820.1,18.55,6.3,647.1,99.26
2022-08-04 13:00:00+00:00,28991.1,18.81,6.53,612.1,105.29
2022-08-04 14:00:00+00:00,28749.9,18.57,7.13,527.5,96.33
2022-08-04 15:00:00+00:00,29893.8,19.97,7.31,321.1,113.53
2022-08-04 16:00:00+00:00,31316.5,19.77,5.88,273.4,143.15
2022-08-04 17:00:00+00:00,33535.9,20.77,6.79,150.7,155.47
2022-08-04 18:00:00+00:00,33908.3,21.11,6.89,0.0,173.38
2022-08-04 19:00:00+00:00,32353.7,19.4,7.43,0.0,153.63
2022-08-04 20:00:00+00:00,30530.8,18.27,7.1,0.0,152.44
2022-08-04 21:00:00+00:00,28246.0,17.09,5.66,0.0,137.63
2022-08-04 22:00:00+00:00,25425.7,16.28,3.95,0.0,148.25
2022-08-04 23:00:00+00:00,23962.5,15.54,3.36,0.0,134.86
2022-08-05 00:00:00+00:00,23079.5,16.69,3.95,0.0,122.17
2022-08-05 01:00:00+00:00,22199.1,15.53,5.12,0.0,111.68
2022-08-05 02:00:00+00:00,21020.9,15.35,5.45,0.0,99.23
2022-08-05 03:00:00+00:00,21432.7,15.6,4.7,0.0,110.7
2022-08-05 04:00:00+00:00,21465.9,15.67,4.2,0.0,127.38
2022-08-05 05:00:00+00:00,22218.5,16.0,5.41,0.0,104.72
2022-08-05 06:00:00+00:00,25175.0,15.82,4.46,0.0,134.89
2022-08-05 07:00:00+00:00,28760.1,16.5,6.23,72.4,132.35
2022-08-05 08:00:00+00:00,30285.4,17.51,7.74,193.7,107.51
2022-08-05 09:00:00+00:00,30432.8,18.46,9.37,352.7,119.09
2022-08-05 10:00:00+00:00,30644.5,19.56,9.55,459.1,116.39
2022-08-05 11:00:00+00:00,29715.2,21.09,9.15,323.4,116.3
2022-08-05 12:00:00+00:00,30685.1,22.21,9.33,642.0,117.26
2022-08-05 13:00:00+00:00,29521.2,22.66,9.92,657.3,79.03
2022-08-05 14:00:00+00:00,29294.7,22.18,9.26,284.8,102.68
2022-08-05 15:00:00+00:00,29445.6,21.87,8.29,441.0,118.41
2022-08-05 16:00:00+00:00,30801.7,21.6,8.0,268.0,141.18
2022-08-05 17:00:00+00:00,32839.5,21.41,7.35,126.6,165.65
2022-08-05 18:00:00+00:00,34378.2,20.61,8.3,0.0,157.07
2022-08-05 19:00:00+00:00,33047.0,19.4,7.76,0.0,155.87
2022-08-05 20:00:00+00:00,30603.5,17.95,7.79,0.0,131.58
2022-08-05 21:00:00+00:00,28290.0,16.2,8.52,0.0,149.93
2022-08-05 22:00:00+00:00,25605.0,15.32,9.45,0.0,99.9
2022-08-05 23:00:00+00:00,24810.7,13.76,9.49,0.0,92.06
2022-08-06 00:00:00+00:00,22312.5,12.56,9.66,0.0,87.15
2022-08-06 01:00:00+00:00,21530.5,11.93,8.73,0.0,89.7
2022-08-06 02:00:00+00:00,21335.3,10.92,9.45,0.0,90.18
2022-08-06 03:00:00+00:00,21129.4,11.16,10.31,0.0,76.31
2022-08-06 04:00:00+00:00,20306.8,11.81,8.69,0.0,74.69
2022-08-06 05:00:00+00:00,21650.5,11.86,9.98,0.0,78.61
2022-08-06 06:00:00+00:00,24422.7,12.17,9.28,0.0,96.93
2022-08-06 07:00:00+00:00,27041.2,13.21,9.63,148.1,120.07
2022-08-06 08:00:00+00:00,28628.1,13.59,9.56,194.2,112.67
2022-08-06 09:00:00+00:00,28710.3,13.99,9.39,253.8,116.23
2022-08-06 10:00:00+00:00,28063.2,15.59,9.11,549.9,84.12
2022-08-06 11:00:00+00:00,27574.2,16.92,8.22,636.8,63.53
2022-08-06 12:00:00+00:00,27458.8,17.97,8.57,423.6,111.01
2022-08-06 13:00:00+00:00,26687.9,19.05,8.27,394.3,99.51
2022-08-06 14:00:00+00:00,25648.9,18.19,7.18,493.1,90.12
2022-08-06 15:00:00+00:00,26537.2,19.18,6.36,262.9,91.37
2022-08-06 16:00:00+00:00,28683.8,19.35,5.39,318.3,125.37
2022-08-06 17:00:00+00:00,31286.0,19.69,5.06,72.7,177.27
2022-08-06 18:00:00+00:00,31766.3,19.46,5.53,0.0,180.35
2022-08-06 19:00:00+00:00,30130.6,18.87,5.05,0.0,158.02
2022-08-06 20:00:00+00:00,28377.1,17.98,5.91,0.0,157.24
2022-08-06 21:00:00+00:00,26332.6,17.44,5.87,0.0,148.7
2022-08-06 22:00:00+00:00,23651.1,16.48,5.7,0.0,116.29
2022-08-06 23:00:00+00:00,22524.8,16.28,5.78,0.0,123.84
2022-08-07 00:00:00+00:00,21029.9,14.65,6.93,0.0,108.21
2022-08-07 01:00:00+00:00,18822.9,13.87,5.86,0.0,96.41
2022-08-07 02:00:00+00:00,18198.8,14.83,7.22,0.0,86.34
2022-08-07 03:00:00+00:00,18374.2,14.34,7.96,0.0,65.32
2022-08-07 04:00:00+00:00,18888.6,14.31,7.89,0.0,85.35
2022-08-07 05:00:00+00:00,20487.9,14.08,8.77,0.0,81.09
2022-08-07 06:00:00+00:00,22441.7,14.78,8.43,0.0,86.88
2022-08-07 07:00:00+00:00,25935.9,14.98,8.58,176.4,118.58
2022-08-07 08:00:00+00:00,27107.3,15.62,8.08,251.9,106.51
2022-08-07 09:00:00+00:00,27815.2,16.94,8.78,290.4,107.73
2022-08-07 10:00:00+00:00,27629.6,17.31,8.14,281.2,109.82
2022-08-07 11:00:00+00:00,27915.7,18.54,8.04,632.9,69.78
2022-08-07 12:00:00+00:00,27274.0,19.67,8.52,291.0,100.57
2022-08-07 13:00:00+00:00,26790.2,20.77,9.26,405.2,96.13
2022-08-07 14:00:00+00:00,26589.4,21.14,8.51,428.4,89.75
2022-08-07 15:00:00+00:00,27157.8,23.16,9.02,361.2,91.56
2022-08-07 16:00:00+00:00,28698.6,23.61,8.15,258.0,119.81
2022-08-07 17:00:00+00:00,31316.8,23.41,6.41,148.0,160.25
2022-08-07 18:00:00+00:00,32126.7,22.3,5.86,0.0,151.69
2022-08-07 19:00:00+00:00,30765.7,21.54,6.57,0.0,154.99
2022-08-07 20:00:00+00:00,29360.0,21.6,6.58,0.0,147.74
2022-08-07 21:00:00+00:00,27159.2,21.75,6.18,0.0,154.19
2022-08-07 22:00:00+00:00,24178.5,21.73,6.27,0.0,130.24
2022-08-07 23:00:00+00:00,23244.3,21.33,6.32,0.0,98.48
2022-08-08 00:00:00+00:00,24495.0,19.74,6.84,0.0,130.38
2022-08-08 01:00:00+00:00,23349.2,19.42,5.59,0.0,115.38
2022-08-08 02:00:00+00:00,22416.1,18.24,5.58,0.0,95.25
2022-08-08 03:00:00+00:00,22264.7,17.13,5.75,0.0,96.11
2022-08-08 04:00:00+00:00,21424.9,17.3,4.74,0.0,123.59
2022-08-08 05:00:00+00:00,23334.7,17.83,3.78,0.0,131.16
2022-08-08 06:00:00+00:00,26010.0,18.76,3.65,0.0,133.52
2022-08-08 07:00:00+00:00,28747.3,19.57,3.83,98.5,167.58
2022-08-08 08:00:00+00:00,30808.7,20.5,4.0,249.0,159.48
2022-08-08 09:00:00+00:00,31504.3,20.57,3.71,305.0,151.51
2022-08-08 10:00:00+00:00,30848.2,21.19,3.41,458.1,143.75
2022-08-08 11:00:00+00:00,30558.0,20.92,3.28,506.8,127.45
2022-08-08 12:00:00+00:00,30354.0,20.28,3.7,640.8,143.08
2022-08-08 13:00:00+00:00,29601.9,21.18,4.84,265.8,127.57
2022-08-08 14:00:00+00:00,29141.8,20.99,3.21,273.2,132.07
2022-08-08 15:00:00+00:00,29817.9,21.6,3.89,421.8,136.6
2022-08-08 16:00:00+00:00,31607.4,22.12,3.95,256.6,185.74
2022-08-08 17:00:00+00:00,34737.8,21.4,4.52,77.5,171.52
2022-08-08 18:00:00+00:00,35095.2,21.23,5.57,0.0,195.78
2022-08-08 19:00:00+00:00,33639.3,20.17,5.05,0.0,182.4
2022-08-08 20:00:00+00:00,30976.1,18.3,5.89,0.0,165.22
2022-08-08 21:00:00+00:00,29144.6,17.59,4.96,0.0,166.66
2022-08-08 22:00:00+00:00,26153.1,16.53,5.16,0.0,129.35
2022-08-08 23:00:00+00:00,24511.1,15.54,5.06,0.0,124.32
2022-08-09 00:00:00+00:00,23839.0,16.07,5.2,0.0,115.26
2022-08-09 01:00:00+00:00,22687.1,14.65,4.51,0.0,132.95
2022-08-09 02:00:00+00:00,21574.7,14.58,4.98,0.0,122.48
2022-08-09 03:00:00+00:00,21982.7,13.88,6.32,0.0,93.73
2022-08-09 04:00:00+00:00,22120.8,14.54,5.6,0.0,113.54
2022-08-09 05:00:00+00:00,23017.6,15.02,5.81,0.0,124.43
2022-08-09 06:00:00+00:00,24917.4,15.71,6.54,0.0,105.51
2022-08-09 07:00:00+00:00,27228.1,15.75,6.33,77.7,144.7
2022-08-09 08:00:00+00:00,30214.5,16.02,7.43,308.4,125.56
2022-08-09 09:00:00+00:00,30492.5,17.37,7.07,396.4,118.95
2022-08-09 10:00:00+00:00,30046.0,19.21,6.98,446.5,131.69
2022-08-09 11:00:00+00:00,29977.2,20.19,6.2,441.4,133.18
2022-08-09 12:00:00+00:00,29262.5,20.23,6.34,342.0,110.31
2022-08-09 13:00:00+00:00,29012.9,20.89,6.38,520.5,116.68
2022-08-09 14:00:00+00:00,29451.4,22.62,6.91,274.0,133.8
2022-08-09 15:00:00+00:00,29209.9,22.71,6.41,366.5,99.76
2022-08-09 16:00:00+00:00,30993.9,23.42,5.91,173.3,154.52
2022-08-09 17:00:00+00:00,33541.1,22.58,6.32,133.3,160.71
2022-08-09 18:00:00+00:00,33828.1,22.0,7.45,0.0,181.37
2022-08-09 19:00:00+00:00,32031.4,21.67,7.92,0.0,148.22
2022-08-09 20:00:00+00:00,30051.3,21.1,9.32,0.0,138.57
2022-08-09 21:00:00+00:00,28982.2,19.78,9.64,0.0,123.87
2022-08-09 22:00:00+00:00,26140.8,18.44,9.91,0.0,104.34
2022-08-09 23:00:00+00:00,24244.1,18.26,10.3,0.0,75.37
2022-08-10 00:00:00+00:00,24209.9,18.22,11.3,0.0,102.31
2022-08-10 01:00:00+00:00,23184.5,18.56,12.05,0.0,93.05
2022-08-10 02:00:00+00:00,21603.9,19.23,10.95,0.0,78.64
2022-08-10 03:00:00+00:00,21176.8,19.06,11.38,0.0,76.76
2022-08-10 04:00:00+00:00,21743.4,18.84,11.37,0.0,69.18
2022-08-10 05:00:00+00:00,23544.5,19.81,11.0,0.0,100.08
2022-08-10 06:00:00+00:00,26401.1,20.57,9.41,0.0,117.51
2022-08-10 07:00:00+00:00,29391.7,20.44,8.08,78.9,135.09
2022-08-10 08:00:00+00:00,31254.7,20.4,7.75,165.6,155.96
2022-08-10 09:00:00+00:00,30997.9,21.36,6.56,249.8,127.03
2022-08-10 10:00:00+00:00,30585.4,21.9,6.32,510.1,100.75
2022-08-10 11:00:00+00:00,29743.0,22.5,6.91,416.4,123.11
2022-08-10 12:00:00+00:00,30147.2,23.65,6.46,590.2,108.93
2022-08-10 13:00:00+00:00,29802.3,24.46,6.55,424.6,109.03
2022-08-10 14:00:00+00:00,29622.7,25.42,5.74,512.5,119.1
2022-08-10 15:00:00+00:00,30427.9,24.2,6.03,447.3,128.94
2022-08-10 16:00:00+00:00,32288.1,24.14,6.48,225.5,158.83
2022-08-10 17:00:00+00:00,35012.5,24.14,5.39,173.2,165.0
2022-08-10 18:00:00+00:00,35818.0,22.62,4.89,0.0,191.99
2022-08-10 19:00:00+00:00,34358.1,21.51,4.0,0.0,195.1
2022-08-10 20:00:00+00:00,31495.9,20.2,4.55,0.0,183.07
2022-08-10 21:00:00+00:00,29693.8,19.37,4.8,0.0,168.93
2022-08-10 22:00:00+00:00,27306.7,19.51,4.87,0.0,140.2
2022-08-10 23:00:00+00:00,25120.0,19.91,4.88,0.0,137.18
2022-08-11 00:00:00+00:00,24102.7,18.62,5.23,0.0,118.75
2022-08-11 01:00:00+00:00,23319.4,18.35,5.59,0.0,113.21
2022-08-11 02:00:00+00:00,22430.0,18.28,5.27,0.0,110.6
2022-08-11 03:00:00+00:00,21605.4,18.29,4.86,0.0,104.58
2022-08-11 04:00:00+00:00,21506.4,18.51,4.92,0.0,117.44
2022-08-11 05:00:00+00:00,22075.9,18.87,4.88,0.0,123.06
2022-08-11 06:00:00+00:00,24523.5,20.23,6.6,0.0,115.17
2022-08-11 07:00:00+00:00,27903.1,21.36,6.32,151.6,131.79
2022-08-11 08:00:00+00:00,30521.3,21.28,6.58,169.2,139.26
2022-08-11 09:00:00+00:00,30679.9,22.39,6.96,415.1,114.9
2022-08-11 10:00:00+00:00,30952.5,23.55,8.06,523.8,101.26
2022-08-11 11:00:00+00:00,30697.6,24.3,7.37,279.5,149.43
2022-08-11 12:00:00+00:00,30484.0,25.43,8.4,440.9,106.05
2022-08-11 13:00:00+00:00,29208.6,25.84,8.22,333.7,120.92
2022-08-11 14:00:00+00:00,28591.6,26.08,10.11,276.1,108.69
2022-08-11 15:00:00+00:00,29886.0,26.07,10.24,418.0,89.75
2022-08-11 16:00:00+00:00,31940.8,24.59,9.12,193.0,140.5
2022-08-11 17:00:00+00:00,34302.9,24.11,8.86,136.4,158.87
2022-08-11 18:00:00+00:00,35178.6,23.1,9.81,0.0,165.62
2022-08-11 19:00:00+00:00,33750.4,21.65,9.73,0.0,153.36
2022-08-11 20:00:00+00:00,31277.2,21.7,9.55,0.0,143.85
2022-08-11 21:00:00+00:00,28897.2,21.12,9.98,0.0,131.98
2022-08-11 22:00:00+00:00,26179.2,20.21,9.56,0.0,104.6
2022-08-11 23:00:00+00:00,24477.9,19.04,9.27,0.0,118.97
2022-08-12 00:00:00+00:00,22763.2,18.43,8.42,0.0,105.79
2022-08-12 01:00:00+00:00,21370.3,18.45,9.7,0.0,59.6
2022-08-12 02:00:00+00:00,21142.5,17.54,8.61,0.0,85.95
2022-08-12 03:00:00+00:00,20753.8,17.34,8.66,0.0,106.88
2022-08-12 04:00:00+00:00,20353.8,17.87,8.95,0.0,85.19
2022-08-12 05:00:00+00:00,21611.0,16.9,8.85,0.0,82.5
2022-08-12 06:00:00+00:00,24472.8,17.27,7.77,0.0,119.12
2022-08-12 07:00:00+00:00,27649.0,17.57,6.95,150.3,104.21
2022-08-12 08:00:00+00:00,28777.3,18.15,7.36,157.4,132.13
2022-08-12 09:00:00+00:00,30064.9,18.58,6.74,224.0,130.75
2022-08-12 10:00:00+00:00,30039.6,19.39,5.13,367.2,134.42
2022-08-12 11:00:00+00:00,29982.8,21.23,5.52,407.4,115.33
2022-08-12 12:00:00+00:00,30194.9,21.58,4.92,317.4,135.37
2022-08-12 13:00:00+00:00,29498.4,22.16,5.51,288.4,108.25
2022-08-12 14:00:00+00:00,28473.2,23.59,5.43,258.4,124.64
2022-08-12 15:00:00+00:00,29665.2,23.26,5.31,203.0,143.82
2022-08-12 16:00:00+00:00,30534.8,24.15,5.44,139.7,162.86
2022-08-12 17:00:00+00:00,32898.1,23.73,4.63,152.3,194.02
2022-08-12 18:00:00+00:00,34598.5,24.21,4.1,0.0,185.22
2022-08-12 19:00:00+00:00,32758.3,23.89,4.04,0.0,187.74
2022-08-12 20:00:00+00:00,30359.9,23.19,3.29,0.0,168.98
2022-08-12 21:00:00+00:00,28160.8,22.22,4.04,0.0,152.14
2022-08-12 22:00:00+00:00,25764.6,20.92,3.95,0.0,142.15
2022-08-12 23:00:00+00:00,23683.1,20.11,2.97,0.0,132.49
2022-08-13 00:00:00+00:00,20158.8,19.83,2.73,0.0,132.89
2022-08-13 01:00:00+00:00,19629.1,19.2,3.02,0.0,106.48
2022-08-13 02:00:00+00:00,18842.7,18.57,2.87,0.0,94.13
2022-08-13 03:00:00+00:00,18858.8,18.19,3.39,0.0,104.7
2022-08-13 04:00:00+00:00,18774.7,18.76,4.02,0.0,88.23
2022-08-13 05:00:00+00:00,20701.2,19.66,6.05,0.0,95.9
2022-08-13 06:00:00+00:00,23481.4,19.58,7.0,0.0,121.76
2022-08-13 07:00:00+00:00,26323.2,19.67,5.72,76.8,127.12
2022-08-13 08:00:00+00:00,28325.6,20.5,5.5,274.6,133.76
2022-08-13 09:00:00+00:00,29491.7,22.07,5.36,402.8,124.96
2022-08-13 10:00:00+00:00,28960.5,23.38,5.9,291.9,131.59
2022-08-13 11:00:00+00:00,28061.8,23.19,5.22,549.3,101.75
2022-08-13 12:00:00+00:00,27983.9,23.52,4.89,382.1,130.17
2022-08-13 13:00:00+00:00,26755.0,23.31,4.03,373.1,106.84
2022-08-13 14:00:00+00:00,25859.1,23.34,3.7,270.8,115.75
2022-08-13 15:00:00+00:00,25772.3,24.3,3.43,250.3,127.04
2022-08-13 16:00:00+00:00,27828.6,23.22,3.36,139.8,155.13
2022-08-13 17:00:00+00:00,29407.9,21.86,2.62,137.3,162.69
2022-08-13 18:00:00+00:00,30503.2,20.82,3.6,0.0,176.83
2022-08-13 19:00:00+00:00,27797.3,20.32,4.14,0.0,140.38
2022-08-13 20:00:00+00:00,26473.3,19.92,3.15,0.0,146.82
2022-08-13 21:00:00+00:00,25024.2,19.35,3.36,0.0,142.53
2022-08-13 22:00:00+00:00,22822.2,19.21,2.32,0.0,133.13
2022-08-13 23:00:00+00:00,21807.9,17.34,3.61,0.0,108.74
2022-08-14 00:00:00+00:00,21062.7,17.32,5.04,0.0,98.93
2022-08-14 01:00:00+00:00,19512.4,16.58,5.09,0.0,96.46
2022-08-14 02:00:00+00:00,18593.4,16.66,4.52,0.0,102.82
2022-08-14 03:00:00+00:00,18830.8,15.69,4.13,0.0,119.92
2022-08-14 04:00:00+00:00,19471.1,15.74,3.91,0.0,93.01
2022-08-14 05:00:00+00:00,20514.2,16.14,3.99,0.0,110.3
2022-08-14 06:00:00+00:00,22117.9,17.26,5.21,0.0,102.63
2022-08-14 07:00:00+00:00,25690.9,16.86,6.04,132.1,120.0
2022-08-14 08:00:00+00:00,27561.1,17.56,6.85,238.4,115.6
2022-08-14 09:00:00+00:00,28161.1,17.65,6.99,350.1,118.34
2022-08-14 10:00:00+00:00,26909.6,18.71,6.09,273.8,97.24
2022-08-14 11:00:00+00:00,27125.8,19.88,5.53,269.4,118.42
2022-08-14 12:00:00+00:00,26971.5,21.23,5.65,485.0,105.74
2022-08-14 13:00:00+00:00,26272.5,21.32,4.78,284.1,121.69
2022-08-14 14:00:00+00:00,25775.6,22.13,5.13,543.7,99.37
2022-08-14 15:00:00+00:00,26434.2,22.98,5.85,408.8,107.44
2022-08-14 16:00:00+00:00,28481.8,21.81,6.34,166.5,145.56
2022-08-14 17:00:00+00:00,30791.8,21.82,6.77,128.7,160.56
2022-08-14 18:00:00+00:00,32043.4,21.85,5.32,0.0,169.77
2022-08-14 19:00:00+00:00,30054.5,21.0,6.45,0.0,148.65
2022-08-14 20:00:00+00:00,27788.4,19.48,5.25,0.0,148.74
2022-08-14 21:00:00+00:00,26157.8,19.22,5.22,0.0,145.21
2022-08-14 22:00:00+00:00,23642.5,17.65,5.79,0.0,119.37
2022-08-14 23:00:00+00:00,22704.9,16.78,6.13,0.0,100.61
2022-08-15 00:00:00+00:00,23746.8,16.04,5.17,0.0,132.51
2022-08-15 01:00:00+00:00,21930.1,15.95,4.41,0.0,120.12
2022-08-15 02:00:00+00:00,20656.3,15.23,4.76,0.0,124.21
2022-08-15 03:00:00+00:00,20996.2,14.68,5.27,0.0,98.43
2022-08-15 04:00:00+00:00,21032.4,14.83,4.49,0.0,112.71
2022-08-15 05:00:00+00:00,22683.7,15.71,4.92,0.0,122.24
2022-08-15 06:00:00+00:00,24842.1,17.52,3.84,0.0,134.48
2022-08-15 07:00:00+00:00,28000.8,17.16,4.49,73.4,137.42
2022-08-15 08:00:00+00:00,29668.0,18.02,3.92,295.0,146.82
2022-08-15 09:00:00+00:00,30427.6,18.09,4.14,364.2,138.12
2022-08-15 10:00:00+00:00,30768.5,19.44,4.22,454.8,137.82
2022-08-15 11:00:00+00:00,30421.7,19.55,5.26,555.4,122.99
2022-08-15 12:00:00+00:00,30373.0,19.74,5.54,465.6,116.69
2022-08-15 13:00:00+00:00,28912.3,19.84,5.14,490.4,114.52
2022-08-15 14:00:00+00:00,28875.1,20.09,5.52,529.5,109.72
2022-08-15 15:00:00+00:00,29208.7,20.38,7.27,218.5,129.43
2022-08-15 16:00:00+00:00,30907.2,20.56,7.83,141.0,146.24
2022-08-15 17:00:00+00:00,32268.0,20.23,7.74,166.6,151.5
2022-08-15 18:00:00+00:00,32661.7,18.94,7.06,0.0,175.09
2022-08-15 19:00:00+00:00,31609.9,18.76,6.57,0.0,164.25
2022-08-15 20:00:00+00:00,29925.2,18.0,7.12,0.0,169.58
2022-08-15 21:00:00+00:00,28182.6,17.91,6.42,0.0,146.83
2022-08-15 22:00:00+00:00,25881.0,16.68,6.46,0.0,115.62
2022-08-15 23:00:00+00:00,23629.3,14.99,7.61,0.0,105.36
2022-08-16 00:00:00+00:00,22403.8,14.29,7.69,0.0,133.36
2022-08-16 01:00:00+00:00,20365.8,14.61,6.82,0.0,80.54
2022-08-16 02:00:00+00:00,20277.0,14.4,8.53,0.0,88.95
2022-08-16 03:00:00+00:00,21211.7,14.16,9.83,0.0,105.35
2022-08-16 04:00:00+00:00,21692.0,13.74,10.08,0.0,72.03
2022-08-16 05:00:00+00:00,22125.6,15.1,10.92,0.0,98.23
2022-08-16 06:00:00+00:00,24674.5,14.94,10.52,0.0,115.7
2022-08-16 07:00:00+00:00,27677.2,15.12,10.91,93.8,106.35
2022-08-16 08:00:00+00:00,28778.6,16.19,10.38,242.3,89.1
2022-08-16 09:00:00+00:00,29715.4,15.85,9.15,368.9,117.2
2022-08-16 10:00:00+00:00,29821.6,17.43,11.07,424.0,96.55
2022-08-16 11:00:00+00:00,29578.7,18.53,9.77,297.0,110.3
2022-08-16 12:00:00+00:00,30295.8,19.69,9.86,573.3,102.79
2022-08-16 13:00:00+00:00,29569.2,20.49,9.94,360.7,106.72
2022-08-16 14:00:00+00:00,30033.7,20.66,10.2,356.7,92.45
2022-08-16 15:00:00+00:00,29752.9,20.1,9.97,333.4,108.39
2022-08-16 16:00:00+00:00,30780.9,19.91,9.76,318.4,121.56
2022-08-16 17:00:00+00:00,32878.4,19.02,9.73,98.2,151.48
2022-08-16 18:00:00+00:00,34428.8,18.85,9.97,0.0,174.41
2022-08-16 19:00:00+00:00,32579.8,18.72,9.82,0.0,131.95
2022-08-16 20:00:00+00:00,29900.2,18.87,9.62,0.0,146.43
2022-08-16 21:00:00+00:00,28131.4,18.29,8.46,0.0,128.18
2022-08-16 22:00:00+00:00,25670.7,18.02,9.96,0.0,111.0
2022-08-16 23:00:00+00:00,24253.1,17.07,10.23,0.0,107.86
2022-08-17 00:00:00+00:00,22798.4,16.04,10.23,0.0,82.84
2022-08-17 01:00:00+00:00,21281.3,15.81,9.58,0.0,81.01
2022-08-17 02:00:00+00:00,21589.9,15.23,8.67,0.0,97.28
2022-08-17 03:00:00+00:00,20895.3,15.25,9.26,0.0,78.38
2022-08-17 04:00:00+00:00,21002.2,14.67,9.02,0.0,89.54
2022-08-17 05:00:00+00:00,22627.5,14.42,9.41,0.0,83.14
2022-08-17 06:00:00+00:00,23610.9,15.28,8.23,0.0,118.28
2022-08-17 07:00:00+00:00,27236.5,16.41,9.38,69.8,124.23
2022-08-17 08:00:00+00:00,30012.1,16.51,9.96,273.5,107.89
2022-08-17 09:00:00+00:00,30977.1,17.68,9.75,213.4,137.7
2022-08-17 10:00:00+00:00,30411.3,18.11,9.98,248.1,123.89
2022-08-17 11:00:00+00:00,29801.6,18.83,10.41,589.1,79.6
2022-08-17 12:00:00+00:00,29608.3,20.29,9.19,610.8,99.85
2022-08-17 13:00:00+00:00,29229.0,21.21,10.4,522.5,97.71
2022-08-17 14:00:00+00:00,29667.5,21.94,10.6,518.0,76.56
2022-08-17 15:00:00+00:00,30672.3,23.12,9.87,185.7,102.01
2022-08-17 16:00:00+00:00,32051.2,22.5,8.87,226.4,133.02
2022-08-17 17:00:00+00:00,33972.2,21.52,9.55,153.0,142.84
2022-08-17 18:00:00+00:00,34424.1,20.55,9.59,0.0,170.1
2022-08-17 19:00:00+00:00,33207.3,19.73,9.84,0.0,148.45
2022-08-17 20:00:00+00:00,31529.8,17.55,9.72,0.0,139.68
2022-08-17 21:00:00+00:00,29312.6,16.65,8.8,0.0,155.5
2022-08-17 22:00:00+00:00,26787.5,15.56,9.1,0.0,133.17
2022-08-17 23:00:00+00:00,25838.9,15.32,8.84,0.0,101.06
2022-08-18 00:00:00+00:00,24736.0,14.84,8.73,0.0,123.79
2022-08-18 01:00:00+00:00,22655.2,14.0,10.51,0.0,103.93
2022-08-18 02:00:00+00:00,21980.1,14.06,11.01,0.0,80.1
2022-08-18 03:00:00+00:00,21620.1,14.38,11.53,0.0,72.61
2022-08-18 04:00:00+00:00,21902.8,14.01,13.44,0.0,49.06
2022-08-18 05:00:00+00:00,23663.2,14.01,13.41,0.0,65.21
2022-08-18 06:00:00+00:00,26119.6,13.16,13.19,0.0,93.52
2022-08-18 07:00:00+00:00,28606.1,13.17,12.35,105.4,101.79
2022-08-18 08:00:00+00:00,29992.6,13.51,11.73,181.6,109.27
2022-08-18 09:00:00+00:00,30648.4,14.41,9.89,405.7,114.0
2022-08-18 10:00:00+00:00,29945.4,14.69,10.36,232.6,133.88
2022-08-18 11:00:00+00:00,29437.1,15.19,9.2,348.9,105.06
2022-08-18 12:00:00+00:00,29668.9,15.17,9.8,517.2,91.14
2022-08-18 13:00:00+00:00,28500.9,15.86,9.63,315.0,104.19
2022-08-18 14:00:00+00:00,27891.9,16.52,9.59,513.9,85.1
2022-08-18 15:00:00+00:00,27648.7,16.96,9.43,309.6,118.8
2022-08-18 16:00:00+00:00,29373.9,16.95,10.39,173.9,114.83
2022-08-18 17:00:00+00:00,31881.9,15.81,11.17,102.4,141.91
2022-08-18 18:00:00+00:00,32996.7,15.07,10.94,0.0,174.0
2022-08-18 19:00:00+00:00,31622.9,14.32,10.04,0.0,162.11
2022-08-18 20:00:00+00:00,29977.9,13.47,10.61,0.0,129.98
2022-08-18 21:00:00+00:00,28828.6,12.86,9.67,0.0,125.33
2022-08-18 22:00:00+00:00,26638.9,13.06,8.32,0.0,114.59
2022-08-18 23:00:00+00:00,25933.2,12.91,8.64,0.0,119.22
2022-08-19 00:00:00+00:00,24762.6,11.69,9.51,0.0,90.68
2022-08-19 01:00:00+00:00,23310.5,11.71,9.07,0.0,122.54
2022-08-19 02:00:00+00:00,22726.1,11.87,9.28,0.0,90.04
2022-08-19 03:00:00+00:00,22385.7,11.34,8.84,0.0,96.22
2022-08-19 04:00:00+00:00,22453.1,12.02,9.32,0.0,96.41
2022-08-19 05:00:00+00:00,22725.9,12.28,10.06,0.0,79.34
2022-08-19 06:00:00+00:00,25277.8,11.97,9.7,0.0,118.6
2022-08-19 07:00:00+00:00,28495.7,12.94,8.76,65.5,133.0
2022-08-19 08:00:00+00:00,30877.3,13.86,7.53,238.7,133.98
2022-08-19 09:00:00+00:00,31751.3,14.56,8.23,263.8,140.21
2022-08-19 10:00:00+00:00,31423.1,15.38,7.28,500.4,121.71
2022-08-19 11:00:00+00:00,31152.9,15.74,7.56,278.7,135.26
2022-08-19 12:00:00+00:00,30808.9,16.8,8.14,274.9,123.79
2022-08-19 13:00:00+00:00,29775.5,17.31,7.69,391.2,119.54
2022-08-19 14:00:00+00:00,28946.6,17.77,7.52,438.8,115.04
2022-08-19 15:00:00+00:00,29366.9,18.14,8.28,179.9,119.67
2022-08-19 16:00:00+00:00,31101.8,17.4,7.58,279.3,137.81
2022-08-19 17:00:00+00:00,33876.9,16.63,6.84,98.1,149.36
2022-08-19 18:00:00+00:00,33664.7,14.9,6.67,0.0,187.8
2022-08-19 19:00:00+00:00,32301.3,14.74,7.68,0.0,149.48
2022-08-19 20:00:00+00:00,31394.5,13.39,8.91,0.0,132.43
2022-08-19 21:00:00+00:00,29773.0,12.82,8.74,0.0,135.87
2022-08-19 22:00:00+00:00,27045.6,12.38,8.09,0.0,130.3
2022-08-19 23:00:00+00:00,24801.3,12.13,8.87,0.0,107.41
2022-08-20 00:00:00+00:00,22040.6,10.8,7.47,0.0,109.51
2022-08-20 01:00:00+00:00,21476.4,10.4,7.64,0.0,94.72
2022-08-20 02:00:00+00:00,20832.7,11.21,7.57,0.0,91.62
2022-08-20 03:00:00+00:00,20183.2,12.21,8.56,0.0,83.13
2022-08-20 04:00:00+00:00,20465.0,12.95,9.57,0.0,97.82
2022-08-20 05:00:00+00:00,21501.7,13.47,8.7,0.0,87.54
2022-08-20 06:00:00+00:00,24126.4,13.36,8.75,0.0,132.36
2022-08-20 07:00:00+00:00,27011.9,14.45,8.22,105.8,139.69
2022-08-20 08:00:00+00:00,28220.4,15.1,7.93,193.3,110.53
2022-08-20 09:00:00+00:00,28315.5,16.24,8.36,373.0,116.97
2022-08-20 10:00:00+00:00,28638.2,16.65,8.03,281.5,111.86
2022-08-20 11:00:00+00:00,28038.4,17.29,8.13,578.2,94.01
2022-08-20 12:00:00+00:00,26852.6,18.03,8.82,560.7,66.96
2022-08-20 13:00:00+00:00,27062.2,18.68,9.92,553.3,78.01
2022-08-20 14:00:00+00:00,26881.8,19.29,10.0,513.1,108.17
2022-08-20 15:00:00+00:00,27257.4,19.06,9.94,292.2,90.98
2022-08-20 16:00:00+00:00,28940.5,18.16,8.93,292.1,122.02
2022-08-20 17:00:00+00:00,31706.9,18.88,10.07,107.8,139.56
2022-08-20 18:00:00+00:00,31945.8,19.91,10.31,0.0,140.95
2022-08-20 19:00:00+00:00,30496.0,19.52,10.25,0.0,150.06
2022-08-20 20:00:00+00:00,28561.5,17.96,10.15,0.0,122.24
2022-08-20 21:00:00+00:00,26714.9,16.71,10.28,0.0,114.71
2022-08-20 22:00:00+00:00,23500.8,16.23,10.72,0.0,95.82
2022-08-20 23:00:00+00:00,22085.6,16.3,11.23,0.0,94.38
2022-08-21 00:00:00+00:00,20798.2,14.84,12.28,0.0,64.91
2022-08-21 01:00:00+00:00,19589.2,14.28,12.2,0.0,84.56
2022-08-21 02:00:00+00:00,18474.1,14.09,13.32,0.0,31.33
2022-08-21 03:00:00+00:00,19257.6,14.49,13.83,0.0,45.2
2022-08-21 04:00:00+00:00,19534.9,14.36,13.44,0.0,67.34
2022-08-21 05:00:00+00:00,21095.5,13.7,11.81,0.0,67.43
2022-08-21 06:00:00+00:00,22673.8,14.56,11.64,0.0,85.25
2022-08-21 07:00:00+00:00,24893.7,15.85,12.63,110.2,73.95
2022-08-21 08:00:00+00:00,27259.2,16.5,11.74,187.6,82.8
2022-08-21 09:00:00+00:00,27337.5,17.5,11.57,249.9,88.75
2022-08-21 10:00:00+00:00,28114.3,17.96,11.47,358.3,98.86
2022-08-21 11:00:00+00:00,28659.4,18.16,11.98,411.9,81.91
2022-08-21 12:00:00+00:00,27876.2,19.39,11.43,614.1,70.78
2022-08-21 13:00:00+00:00,27031.1,20.08,10.53,334.3,86.61
2022-08-21 14:00:00+00:00,25598.1,20.65,10.8,507.9,75.89
2022-08-21 15:00:00+00:00,25351.8,21.62,10.02,219.0,76.54
2022-08-21 16:00:00+00:00,27783.4,20.82,8.44,247.4,112.56
2022-08-21 17:00:00+00:00,30968.9,20.15,9.81,93.5,133.02
2022-08-21 18:00:00+00:00,31581.0,19.74,10.39,0.0,134.65
2022-08-21 19:00:00+00:00,29918.7,18.74,11.69,0.0,138.92
2022-08-21 20:00:00+00:00,27261.0,18.47,12.14,0.0,91.04
2022-08-21 21:00:00+00:00,24917.9,17.55,12.42,0.0,96.47
2022-08-21 22:00:00+00:00,23429.8,16.15,12.44,0.0,88.37
2022-08-21 23:00:00+00:00,21901.0,15.45,12.02,0.0,72.98
2022-08-22 00:00:00+00:00,22231.1,14.84,12.17,0.0,97.55
2022-08-22 01:00:00+00:00,21483.0,14.91,11.48,0.0,81.65
2022-08-22 02:00:00+00:00,22113.8,14.82,10.42,0.0,79.67
2022-08-22 03:00:00+00:00,21473.0,14.95,9.99,0.0,91.48
2022-08-22 04:00:00+00:00,21402.0,15.2,10.85,0.0,75.55
2022-08-22 05:00:00+00:00,22881.0,15.34,9.69,0.0,91.33
2022-08-22 06:00:00+00:00,25695.3,15.35,8.6,0.0,129.41
2022-08-22 07:00:00+00:00,28943.5,16.11,8.99,104.9,133.44
2022-08-22 08:00:00+00:00,30429.7,16.6,8.56,213.8,142.14
2022-08-22 09:00:00+00:00,30732.1,18.36,8.86,267.1,102.91
2022-08-22 10:00:00+00:00,29907.3,19.89,9.55,346.5,117.0
2022-08-22 11:00:00+00:00,29170.0,20.91,9.78,408.9,118.47
2022-08-22 12:00:00+00:00,29235.9,21.67,9.15,449.6,92.98
2022-08-22 13:00:00+00:00,28526.5,22.01,10.04,461.7,95.96
2022-08-22 14:00:00+00:00,28489.0,21.46,10.47,279.7,102.59
2022-08-22 15:00:00+00:00,28781.4,21.37,10.32,408.5,105.34
2022-08-22 16:00:00+00:00,30710.5,21.27,10.13,275.3,114.87
2022-08-22 17:00:00+00:00,33194.7,21.05,10.27,138.6,152.3
2022-08-22 18:00:00+00:00,34489.0,20.8,9.86,0.0,161.42
2022-08-22 19:00:00+00:00,33350.7,20.67,8.44,0.0,192.33
2022-08-22 20:00:00+00:00,31150.3,19.45,8.96,0.0,152.82
2022-08-22 21:00:00+00:00,28885.9,18.2,9.4,0.0,156.12
2022-08-22 22:00:00+00:00,26430.1,18.24,7.48,0.0,135.35
2022-08-22 23:00:00+00:00,24248.8,17.9,7.86,0.0,109.97
2022-08-23 00:00:00+00:00,23585.4,16.88,9.19,0.0,103.02
2022-08-23 01:00:00+00:00,22072.9,16.26,8.2,0.0,102.77
2022-08-23 02:00:00+00:00,21403.9,15.82,8.08,0.0,72.56
2022-08-23 03:00:00+00:00,21199.9,15.67,7.88,0.0,104.97
2022-08-23 04:00:00+00:00,21636.9,15.99,9.14,0.0,92.9
2022-08-23 05:00:00+00:00,22928.1,17.73,9.91,0.0,100.26
2022-08-23 06:00:00+00:00,25218.4,18.21,9.07,0.0,119.23
2022-08-23 07:00:00+00:00,28932.4,19.11,9.24,143.2,111.19
2022-08-23 08:00:00+00:00,30597.3,18.69,10.93,270.0,116.75
2022-08-23 09:00:00+00:00,30942.2,19.09,10.24,197.1,126.97
2022-08-23 10:00:00+00:00,31660.2,20.52,10.07,486.2,98.86
2022-08-23 11:00:00+00:00,30775.6,21.38,10.32,292.4,133.13
2022-08-23 12:00:00+00:00,31165.7,19.27,9.68,540.5,125.29
2022-08-23 13:00:00+00:00,29412.1,20.13,10.92,501.6,88.26
2022-08-23 14:00:00+00:00,28906.4,21.54,10.36,443.9,101.4
2022-08-23 15:00:00+00:00,28471.2,20.38,9.1,409.8,102.3
2022-08-23 16:00:00+00:00,29821.4,21.16,8.59,231.3,123.01
2022-08-23 17:00:00+00:00,32678.4,19.14,9.02,95.0,146.76
2022-08-23 18:00:00+00:00,33868.6,19.22,8.29,0.0,156.5
2022-08-23 19:00:00+00:00,32198.6,18.58,8.46,0.0,161.8
2022-08-23 20:00:00+00:00,30971.5,16.42,8.83,0.0,142.43
2022-08-23 21:00:00+00:00,29345.1,15.94,7.79,0.0,150.63
2022-08-23 22:00:00+00:00,26790.3,15.86,7.31,0.0,127.39
2022-08-23 23:00:00+00:00,24075.8,15.35,7.57,0.0,102.39
2022-08-24 00:00:00+00:00,23395.2,14.99,8.09,0.0,100.36
2022-08-24 01:00:00+00:00,22241.5,14.24,7.62,0.0,106.4
2022-08-24 02:00:00+00:00,22344.3,12.81,7.7,0.0,99.49
2022-08-24 03:00:00+00:00,22272.6,13.14,7.45,0.0,94.64
2022-08-24 04:00:00+00:00,21876.7,14.29,7.99,0.0,114.63
2022-08-24 05:00:00+00:00,23359.7,15.25,8.35,0.0,91.93
2022-08-24 06:00:00+00:00,25650.5,14.48,7.99,0.0,134.23
2022-08-24 07:00:00+00:00,28932.0,14.19,8.31,155.9,139.18
2022-08-24 08:00:00+00:00,30875.3,14.42,7.93,293.1,253.47
2022-08-24 09:00:00+00:00,31787.4,14.28,8.24,275.5,144.49
2022-08-24 10:00:00+00:00,32092.4,15.14,8.54,470.1,115.31
2022-08-24 11:00:00+00:00,31101.3,16.16,10.32,550.9,96.14
2022-08-24 12:00:00+00:00,30108.7,15.97,9.89,332.3,133.01
2022-08-24 13:00:00+00:00,29319.7,16.99,9.64,413.9,115.12
2022-08-24 14:00:00+00:00,30382.7,17.71,9.0,446.1,117.09
2022-08-24 15:00:00+00:00,31011.3,17.53,8.09,190.2,133.51
2022-08-24 16:00:00+00:00,32218.9,17.37,7.68,266.3,134.34
2022-08-24 17:00:00+00:00,34236.0,15.96,8.17,82.2,154.34
2022-08-24 18:00:00+00:00,34979.3,15.37,8.68,0.0,166.61
2022-08-24 19:00:00+00:00,33541.5,14.85,8.83,0.0,161.47
2022-08-24 20:00:00+00:00,31813.2,14.31,8.51,0.0,157.21
2022-08-24 21:00:00+00:00,30044.3,13.85,8.05,0.0,159.46
2022-08-24 22:00:00+00:00,28209.9,13.29,7.28,0.0,161.97
2022-08-24 23:00:00+00:00,27365.9,12.48,6.83,0.0,153.02
2022-08-25 00:00:00+00:00,25898.1,12.01,5.82,0.0,121.96
2022-08-25 01:00:00+00:00,24235.4,12.2,6.95,0.0,110.99
2022-08-25 02:00:00+00:00,23373.7,11.89,8.38,0.0,96.09
2022-08-25 03:00:00+00:00,22758.2,12.02,6.8,0.0,121.51
2022-08-25 04:00:00+00:00,23126.2,12.05,7.04,0.0,119.41
2022-08-25 05:00:00+00:00,24527.6,12.0,7.25,0.0,113.98
2022-08-25 06:00:00+00:00,27245.4,12.84,7.4,0.0,133.34
2022-08-25 07:00:00+00:00,29535.0,13.16,6.92,114.3,144.83
2022-08-25 08:00:00+00:00,30965.4,14.16,7.72,249.2,142.7
2022-08-25 09:00:00+00:00,30718.6,15.0,8.0,180.6,151.56
2022-08-25 10:00:00+00:00,30853.4,15.63,8.76,269.2,131.57
2022-08-25 11:00:00+00:00,31682.7,16.2,8.1,366.2,129.01
2022-08-25 12:00:00+00:00,31021.9,16.56,6.96,554.3,123.84
2022-08-25 13:00:00+00:00,31298.4,16.1,7.3,268.8,138.01
2022-08-25 14:00:00+00:00,30219.4,16.71,6.54,437.9,129.62
2022-08-25 15:00:00+00:00,30065.6,17.03,7.38,410.7,120.22
2022-08-25 16:00:00+00:00,31555.6,17.5,5.7,133.4,171.99
2022-08-25 17:00:00+00:00,33940.4,16.93,5.4,92.7,191.72
2022-08-25 18:00:00+00:00,34680.2,17.65,5.0,0.0,190.25
2022-08-25 19:00:00+00:00,33465.2,16.82,4.84,0.0,206.58
2022-08-25 20:00:00+00:00,30013.0,15.6,5.15,0.0,165.43
2022-08-25 21:00:00+00:00,27904.4,14.27,5.55,0.0,152.78
2022-08-25 22:00:00+00:00,27236.8,12.51,6.13,0.0,155.86
2022-08-25 23:00:00+00:00,24694.3,12.8,6.76,0.0,143.03
2022-08-26 00:00:00+00:00,23394.2,12.97,6.64,0.0,127.44
2022-08-26 01:00:00+00:00,22634.8,12.88,8.3,0.0,105.39
2022-08-26 02:00:00+00:00,22376.1,12.07,9.32,0.0,91.26
2022-08-26 03:00:00+00:00,21351.0,13.09,8.96,0.0,94.0
2022-08-26 04:00:00+00:00,22004.4,12.98,8.76,0.0,101.87
2022-08-26 05:00:00+00:00,23574.8,13.13,8.41,0.0,111.35
2022-08-26 06:00:00+00:00,25157.2,14.48,8.62,0.0,113.24
2022-08-26 07:00:00+00:00,28167.4,15.48,7.78,110.1,122.62
2022-08-26 08:00:00+00:00,30338.5,17.5,7.13,127.4,147.51
2022-08-26 09:00:00+00:00,31334.2,18.36,5.43,324.8,139.78
2022-08-26 10:00:00+00:00,31331.1,18.83,5.19,369.5,127.52
2022-08-26 11:00:00+00:00,31631.3,19.13,6.12,516.6,121.61
2022-08-26 12:00:00+00:00,31063.5,18.6,6.04,520.0,122.69
2022-08-26 13:00:00+00:00,29785.6,18.9,6.01,377.0,122.03
2022-08-26 14:00:00+00:00,29287.4,19.88,6.28,407.7,125.39
2022-08-26 15:00:00+00:00,30072.5,20.32,5.53,243.6,131.1
2022-08-26 16:00:00+00:00,31313.1,20.19,5.63,187.2,143.15
2022-08-26 17:00:00+00:00,32658.8,19.26,6.39,68.4,179.7
2022-08-26 18:00:00+00:00,33931.1,18.91,6.66,0.0,187.52
2022-08-26 19:00:00+00:00,32322.3,18.87,7.44,0.0,167.36
2022-08-26 20:00:00+00:00,31346.6,18.37,8.41,0.0,167.21
2022-08-26 21:00:00+00:00,29254.4,17.65,8.86,0.0,131.08
2022-08-26 22:00:00+00:00,27297.4,16.35,8.21,0.0,137.34
2022-08-26 23:00:00+00:00,25074.3,16.12,7.88,0.0,116.46
2022-08-27 00:00:00+00:00,22399.3,13.49,9.34,0.0,109.25
2022-08-27 01:00:00+00:00,21307.6,13.25,9.47,0.0,89.43
2022-08-27 02:00:00+00:00,20702.3,14.5,9.49,0.0,74.56
2022-08-27 03:00:00+00:00,20641.0,13.45,8.69,0.0,100.94
2022-08-27 04:00:00+00:00,20512.6,13.4,8.54,0.0,83.4
2022-08-27 05:00:00+00:00,21946.9,13.69,9.02,0.0,81.58
2022-08-27 06:00:00+00:00,23759.9,13.88,8.93,0.0,119.94
2022-08-27 07:00:00+00:00,25876.5,15.12,8.43,65.2,121.81
2022-08-27 08:00:00+00:00,27658.5,16.11,8.13,237.1,106.69
2022-08-27 09:00:00+00:00,28117.1,16.96,9.01,364.7,103.13
2022-08-27 10:00:00+00:00,28158.3,18.18,9.43,209.8,111.97
2022-08-27 11:00:00+00:00,27583.2,18.88,9.73,246.5,96.67
2022-08-27 12:00:00+00:00,27867.6,21.37,9.93,418.1,85.25
2022-08-27 13:00:00+00:00,27728.7,21.84,8.86,556.5,87.83
2022-08-27 14:00:00+00:00,27693.1,22.16,8.98,499.5,101.9
2022-08-27 15:00:00+00:00,28125.4,21.14,9.72,193.1,121.1
2022-08-27 16:00:00+00:00,28885.8,20.65,9.38,251.1,109.48
2022-08-27 17:00:00+00:00,31338.0,20.99,10.02,132.9,143.04
2022-08-27 18:00:00+00:00,32613.5,19.64,10.3,0.0,165.36
2022-08-27 19:00:00+00:00,31631.2,17.68,10.78,0.0,133.38
2022-08-27 20:00:00+00:00,29250.3,16.97,10.63,0.0,135.83
2022-08-27 21:00:00+00:00,27603.8,17.01,11.14,0.0,115.99
2022-08-27 22:00:00+00:00,25118.4,16.23,9.79,0.0,105.51
2022-08-27 23:00:00+00:00,21949.4,15.28,9.68,0.0,90.0
2022-08-28 00:00:00+00:00,21368.0,13.43,10.1,0.0,92.18
2022-08-28 01:00:00+00:00,19925.9,13.24,10.18,0.0,62.38
2022-08-28 02:00:00+00:00,19137.8,13.34,10.88,0.0,66.52
2022-08-28 03:00:00+00:00,19915.0,12.16,10.56,0.0,69.22
2022-08-28 04:00:00+00:00,20072.0,12.97,9.95,0.0,77.31
2022-08-28 05:00:00+00:00,20746.2,13.73,8.52,0.0,87.02
2022-08-28 06:00:00+00:00,22450.8,14.87,8.23,0.0,93.15
2022-08-28 07:00:00+00:00,25696.7,15.82,8.58,140.9,127.01
2022-08-28 08:00:00+00:00,27451.4,16.89,9.09,119.3,91.27
2022-08-28 09:00:00+00:00,28411.6,17.93,7.89,223.1,127.91
2022-08-28 10:00:00+00:00,28014.5,19.17,8.77,442.4,105.11
2022-08-28 11:00:00+00:00,27597.3,18.73,7.92,448.1,101.79
2022-08-28 12:00:00+00:00,26871.0,18.41,7.78,309.8,110.14
2022-08-28 13:00:00+00:00,26184.7,18.44,7.29,487.2,99.45
2022-08-28 14:00:00+00:00,27044.8,18.66,7.61,296.6,105.03
2022-08-28 15:00:00+00:00,26961.4,19.0,7.65,312.5,104.76
2022-08-28 16:00:00+00:00,28573.0,19.09,8.15,278.9,114.67
2022-08-28 17:00:00+00:00,30664.6,19.46,9.53,81.7,141.88
2022-08-28 18:00:00+00:00,31606.2,19.64,9.72,0.0,152.79
2022-08-28 19:00:00+00:00,30189.3,18.45,9.13,0.0,131.83
2022-08-28 20:00:00+00:00,28736.7,17.84,9.38,0.0,131.65
2022-08-28 21:00:00+00:00,26423.7,16.52,10.78,0.0,104.71
2022-08-28 22:00:00+00:00,24087.3,15.62,11.11,0.0,85.72
2022-08-28 23:00:00+00:00,21443.5,15.07,11.64,0.0,71.63
2022-08-29 00:00:00+00:00,23249.8,12.3,10.16,0.0,84.0
2022-08-29 01:00:00+00:00,22365.6,13.31,10.31,0.0,71.08
2022-08-29 02:00:00+00:00,21437.8,13.35,9.93,0.0,86.42
2022-08-29 03:00:00+00:00,21797.0,12.88,9.26,0.0,100.81
2022-08-29 04:00:00+00:00,21240.9,14.14,9.12,0.0,85.69
2022-08-29 05:00:00+00:00,22456.0,14.19,9.1,0.0,105.41
2022-08-29 06:00:00+00:00,25533.7,14.72,8.51,0.0,125.56
2022-08-29 07:00:00+00:00,28694.8,15.02,8.58,132.5,118.2
2022-08-29 08:00:00+00:00,29494.3,16.72,8.37,258.4,115.53
2022-08-29 09:00:00+00:00,31622.0,17.38,8.85,226.0,121.94
2022-08-29 10:00:00+00:00,30927.1,18.2,8.93,453.1,117.66
2022-08-29 11:00:00+00:00,31378.4,19.6,9.13,412.2,124.97
2022-08-29 12:00:00+00:00,30638.8,20.51,9.79,475.5,107.26
2022-08-29 13:00:00+00:00,29335.0,20.88,10.08,515.4,87.28
2022-08-29 14:00:00+00:00,28821.9,21.77,9.93,291.2,108.12
2022-08-29 15:00:00+00:00,29017.1,23.31,8.15,324.1,124.25
2022-08-29 16:00:00+00:00,30649.9,23.26,8.49,168.2,142.39
2022-08-29 17:00:00+00:00,33150.2,22.9,7.7,140.1,162.89
2022-08-29 18:00:00+00:00,34292.9,22.39,7.6,0.0,178.38
2022-08-29 19:00:00+00:00,33463.7,22.42,7.86,0.0,180.3
2022-08-29 20:00:00+00:00,31303.7,21.19,8.86,0.0,140.71
2022-08-29 21:00:00+00:00,29134.7,20.11,10.21,0.0,124.13
2022-08-29 22:00:00+00:00,26319.4,18.28,9.33,0.0,108.69
2022-08-29 23:00:00+00:00,24386.3,16.75,8.18,0.0,108.56
2022-08-30 00:00:00+00:00,22979.0,15.66,8.38,0.0,117.76
2022-08-30 01:00:00+00:00,21222.1,15.09,8.5,0.0,84.33
2022-08-30 02:00:00+00:00,21942.4,15.79,7.48,0.0,94.31
2022-08-30 03:00:00+00:00,21659.9,15.92,7.45,0.0,83.18
2022-08-30 04:00:00+00:00,21979.5,15.38,7.89,0.0,106.09
2022-08-30 05:00:00+00:00,23628.4,15.17,6.89,0.0,114.67
2022-08-30 06:00:00+00:00,24677.8,16.41,6.11,0.0,139.36
2022-08-30 07:00:00+00:00,28766.5,17.63,5.65,145.6,155.96
2022-08-30 08:00:00+00:00,30043.5,18.27,5.56,207.0,134.58
2022-08-30 09:00:00+00:00,30214.1,18.68,6.17,178.5,144.77
2022-08-30 10:00:00+00:00,30023.8,20.05,5.96,436.5,139.6
2022-08-30 11:00:00+00:00,30258.8,20.07,6.05,237.4,134.78
2022-08-30 12:00:00+00:00,30908.8,20.84,7.86,513.5,126.24
2022-08-30 13:00:00+00:00,30912.8,22.59,7.06,353.6,107.35
2022-08-30 14:00:00+00:00,30120.0,22.89,6.55,215.4,139.59
2022-08-30 15:00:00+00:00,29346.2,22.4,7.1,396.9,113.22
2022-08-30 16:00:00+00:00,30961.1,22.44,7.87,198.4,149.96
2022-08-30 17:00:00+00:00,33056.1,21.74,8.15,134.5,151.2
2022-08-30 18:00:00+00:00,33301.5,20.33,9.51,0.0,167.01
2022-08-30 19:00:00+00:00,32280.2,20.05,9.63,0.0,157.26
2022-08-30 20:00:00+00:00,30302.9,19.92,7.95,0.0,141.67
2022-08-30 21:00:00+00:00,28524.4,18.85,7.98,0.0,147.29
2022-08-30 22:00:00+00:00,26485.5,17.76,7.49,0.0,134.29
2022-08-30 23:00:00+00:00,24953.3,16.38,8.55,0.0,98.85
2022-08-31 00:00:00+00:00,23630.4,15.51,9.22,0.0,107.59
2022-08-31 01:00:00+00:00,23238.5,14.63,7.87,0.0,-15.85
2022-08-31 02:00:00+00:00,22577.0,13.68,8.88,0.0,102.55
2022-08-31 03:00:00+00:00,21488.9,14.69,9.52,0.0,90.44
2022-08-31 04:00:00+00:00,21528.3,15.01,9.14,0.0,100.31
2022-08-31 05:00:00+00:00,22961.4,15.58,8.97,0.0,109.2
2022-08-31 06:00:00+00:00,25612.9,16.52,9.96,0.0,102.44
2022-08-31 07:00:00+00:00,28353.9,17.51,8.27,141.1,120.54
2022-08-31 08:00:00+00:00,29956.1,17.89,8.56,153.7,130.34
2022-08-31 09:00:00+00:00,31128.7,18.74,9.33,274.7,137.66
2022-08-31 10:00:00+00:00,30411.3,19.26,9.15,297.2,118.04
2022-08-31 11:00:00+00:00,31361.9,20.16,9.55,415.5,120.32
2022-08-31 12:00:00+00:00,30690.9,20.9,9.5,349.2,127.15
2022-08-31 13:00:00+00:00,29837.4,21.06,8.76,249.3,124.63
2022-08-31 14:00:00+00:00,29593.1,20.47,8.04,374.9,134.85
2022-08-31 15:00:00+00:00,30010.5,20.61,8.55,167.8,126.8
2022-08-31 16:00:00+00:00,31370.4,20.33,7.97,119.9,152.32
2022-08-31 17:00:00+00:00,33865.3,18.84,6.73,135.7,171.41
2022-08-31 18:00:00+00:00,34268.8,18.65,6.84,0.0,180.32
2022-08-31 19:00:00+00:00,32522.2,18.58,6.45,0.0,149.36
2022-08-31 20:00:00+00:00,29772.3,19.33,5.54,0.0,156.36
2022-08-31 21:00:00+00:00,27937.8,18.24,5.67,0.0,129.98
2022-08-31 22:00:00+00:00,25607.6,17.06,6.33,0.0,124.86
2022-08-31 23:00:00+00:00,23036.5,15.61,6.38,0.0,113.37
2022-09-01 00:00:00+00:00,21830.7,14.97,5.58,0.0,134.25
2022-09-01 01:00:00+00:00,21062.7,14.57,6.03,0.0,111.75
2022-09-01 02:00:00+00:00,21403.1,13.74,6.89,0.0,91.3
2022-09-01 03:00:00+00:00,20729.0,13.5,8.62,0.0,90.18
2022-09-01 04:00:00+00:00,21521.3,12.39,9.67,0.0,91.5
2022-09-01 05:00:00+00:00,22088.8,13.25,8.75,0.0,96.66
2022-09-01 06:00:00+00:00,25064.5,13.26,9.33,0.0,110.55
2022-09-01 07:00:00+00:00,27669.5,13.86,9.42,118.9,111.43
2022-09-01 08:00:00+00:00,29919.9,13.74,8.39,137.6,138.26
2022-09-01 09:00:00+00:00,30272.7,14.2,8.55,367.1,122.04
2022-09-01 10:00:00+00:00,29362.0,14.85,9.97,431.9,108.41
2022-09-01 11:00:00+00:00,29208.1,15.61,10.76,403.7,106.87
2022-09-01 12:00:00+00:00,28570.1,16.56,9.78,251.8,118.95
2022-09-01 13:00:00+00:00,28736.4,17.94,9.65,269.4,112.38
2022-09-01 14:00:00+00:00,29363.9,18.68,9.9,219.8,115.66
2022-09-01 15:00:00+00:00,29874.7,19.36,8.4,267.3,132.43
2022-09-01 16:00:00+00:00,31268.1,20.1,7.01,155.9,140.72
2022-09-01 17:00:00+00:00,33641.1,20.09,7.13,129.6,139.69
2022-09-01 18:00:00+00:00,34640.0,19.54,7.25,0.0,161.7
2022-09-01 19:00:00+00:00,33576.7,19.47,5.8,0.0,161.78
2022-09-01 20:00:00+00:00,31253.2,19.32,6.16,0.0,170.25
2022-09-01 21:00:00+00:00,29242.8,18.84,7.06,0.0,149.08
2022-09-01 22:00:00+00:00,25975.2,17.09,6.88,0.0,136.96
2022-09-01 23:00:00+00:00,24345.5,15.8,6.94,0.0,124.2
2022-09-02 00:00:00+00:00,22839.4,14.86,7.39,0.0,117.94
2022-09-02 01:00:00+00:00,21778.5,14.81,7.71,0.0,110.75
2022-09-02 02:00:00+00:00,20927.6,14.44,6.37,0.0,111.03
2022-09-02 03:00:00+00:00,20767.4,14.96,5.69,0.0,113.94
2022-09-02 04:00:00+00:00,21425.3,15.78,5.45,0.0,125.92
2022-09-02 05:00:00+00:00,22531.9,16.7,4.85,0.0,140.22
2022-09-02 06:00:00+00:00,24572.4,17.79,6.11,0.0,125.62
2022-09-02 07:00:00+00:00,27932.7,17.65,6.65,137.8,147.56
2022-09-02 08:00:00+00:00,30463.4,18.56,5.8,195.0,142.02
2022-09-02 09:00:00+00:00,31812.0,18.85,5.69,349.3,140.13
2022-09-02 10:00:00+00:00,31724.3,18.54,6.64,193.6,167.55
2022-09-02 11:00:00+00:00,31301.1,19.02,6.15,378.6,138.77
2022-09-02 12:00:00+00:00,30185.6,20.38,6.86,530.2,99.66
2022-09-02 13:00:00+00:00,30116.2,21.05,7.95,433.1,105.03
2022-09-02 14:00:00+00:00,28660.4,22.47,8.85,223.8,110.74
2022-09-02 15:00:00+00:00,29582.6,22.55,8.9,322.1,104.92
2022-09-02 16:00:00+00:00,31497.2,23.8,9.78,112.8,143.81
2022-09-02 17:00:00+00:00,32720.4,23.44,9.24,88.7,141.86
2022-09-02 18:00:00+00:00,33884.0,22.82,11.07,0.0,151.17
2022-09-02 19:00:00+00:00,32334.7,21.27,11.05,0.0,138.68
2022-09-02 20:00:00+00:00,30142.3,21.09,11.75,0.0,114.2
2022-09-02 21:00:00+00:00,28048.9,19.87,11.23,0.0,104.94
2022-09-02 22:00:00+00:00,25767.0,18.57,11.41,0.0,112.56
2022-09-02 23:00:00+00:00,24060.2,18.5,11.61,0.0,95.37
2022-09-03 00:00:00+00:00,20080.6,18.34,10.65,0.0,41.42
2022-09-03 01:00:00+00:00,19262.2,18.39,9.72,0.0,67.17
2022-09-03 02:00:00+00:00,18615.4,17.7,9.43,0.0,80.17
2022-09-03 03:00:00+00:00,19162.9,17.41,10.17,0.0,76.16
2022-09-03 04:00:00+00:00,19813.8,17.33,8.58,0.0,104.26
2022-09-03 05:00:00+00:00,21345.1,17.95,8.22,0.0,91.58
2022-09-03 06:00:00+00:00,24410.3,19.21,9.18,0.0,111.1
2022-09-03 07:00:00+00:00,27435.8,19.87,8.11,62.5,117.96
2022-09-03 08:00:00+00:00,28859.3,21.6,9.03,249.6,101.41
2022-09-03 09:00:00+00:00,28157.0,22.7,8.05,330.5,115.79
2022-09-03 10:00:00+00:00,28357.3,23.12,7.28,269.0,118.0
2022-09-03 11:00:00+00:00,28969.4,24.13,7.15,296.0,151.01
2022-09-03 12:00:00+00:00,29097.0,25.56,8.61,389.9,104.61
2022-09-03 13:00:00+00:00,28243.1,26.99,8.03,300.3,110.75
2022-09-03 14:00:00+00:00,27946.7,27.74,6.62,464.2,109.78
2022-09-03 15:00:00+00:00,27881.4,27.57,5.54,199.1,142.89
2022-09-03 16:00:00+00:00,29731.8,27.06,6.34,134.2,153.49
2022-09-03 17:00:00+00:00,31827.6,26.84,5.32,60.2,151.78
2022-09-03 18:00:00+00:00,33413.8,27.11,6.33,0.0,189.84
2022-09-03 19:00:00+00:00,31766.3,26.46,6.42,0.0,164.77
2022-09-03 20:00:00+00:00,29583.7,25.72,6.42,0.0,311.25
2022-09-03 21:00:00+00:00,26876.0,24.69,6.68,0.0,135.66
2022-09-03 22:00:00+00:00,24123.5,23.43,6.07,0.0,112.24
2022-09-03 23:00:00+00:00,21699.3,22.35,6.23,0.0,118.88
2022-09-04 00:00:00+00:00,21220.0,21.45,5.33,0.0,112.45
2022-09-04 01:00:00+00:00,19761.4,21.76,6.47,0.0,104.86
2022-09-04 02:00:00+00:00,19257.3,21.04,5.69,0.0,107.21
2022-09-04 03:00:00+00:00,18265.2,20.71,6.1,0.0,82.55
2022-09-04 04:00:00+00:00,18154.1,20.04,5.34,0.0,93.08
2022-09-04 05:00:00+00:00,19467.0,20.54,5.01,0.0,111.63
2022-09-04 06:00:00+00:00,21929.8,21.6,4.81,0.0,118.3
2022-09-04 07:00:00+00:00,25343.9,22.95,7.25,84.1,109.1
2022-09-04 08:00:00+00:00,28247.6,23.52,7.23,149.9,144.59
2022-09-04 09:00:00+00:00,27965.1,24.37,6.58,310.1,120.7
2022-09-04 10:00:00+00:00,28575.0,24.78,6.25,359.0,114.48
2022-09-04 11:00:00+00:00,28600.7,25.56,5.11,519.1,136.29
2022-09-04 12:00:00+00:00,28049.7,26.1,5.08,348.8,107.21
2022-09-04 13:00:00+00:00,27309.5,26.36,6.62,265.8,112.79
2022-09-04 14:00:00+00:00,27587.8,26.48,6.9,459.8,99.91
2022-09-04 15:00:00+00:00,27821.1,26.61,7.61,263.0,126.15
2022-09-04 16:00:00+00:00,29375.5,26.08,6.87,215.0,130.66
2022-09-04 17:00:00+00:00,31220.8,25.4,6.72,59.4,150.41
2022-09-04 18:00:00+00:00,31876.9,25.72,6.89,0.0,174.98
2022-09-04 19:00:00+00:00,30070.4,26.47,6.33,0.0,164.56
2022-09-04 20:00:00+00:00,28389.6,24.74,6.68,0.0,141.91
2022-09-04 21:00:00+00:00,25825.7,22.95,7.17,0.0,129.05
2022-09-04 22:00:00+00:00,22928.8,21.36,7.59,0.0,95.82
2022-09-04 23:00:00+00:00,21437.9,20.37,7.44,0.0,96.65
2022-09-05 00:00:00+00:00,22239.3,19.99,8.27,0.0,98.57
2022-09-05 01:00:00+00:00,21943.7,19.66,8.01,0.0,85.98
2022-09-05 02:00:00+00:00,21389.7,19.25,7.69,0.0,80.81
2022-09-05 03:00:00+00:00,21200.3,19.26,8.78,0.0,86.32
2022-09-05 04:00:00+00:00,21590.0,18.73,7.82,0.0,108.36
2022-09-05 05:00:00+00:00,23025.2,18.69,6.45,0.0,119.63
2022-09-05 06:00:00+00:00,25676.1,18.97,5.8,0.0,127.26
2022-09-05 07:00:00+00:00,28570.3,18.46,6.16,122.4,165.79
2022-09-05 08:00:00+00:00,29815.3,18.35,7.21,262.8,120.84
2022-09-05 09:00:00+00:00,30359.3,18.33,6.68,246.9,144.32
2022-09-05 10:00:00+00:00,30410.4,19.47,8.12,200.3,129.44
2022-09-05 11:00:00+00:00,29390.1,20.24,8.08,484.8,120.45
2022-09-05 12:00:00+00:00,28301.2,21.12,7.94,434.3,105.06
2022-09-05 13:00:00+00:00,27471.4,20.38,7.23,413.9,104.14
2022-09-05 14:00:00+00:00,26655.4,19.71,8.74,446.8,100.72
2022-09-05 15:00:00+00:00,27201.6,20.16,8.54,302.8,104.18
2022-09-05 16:00:00+00:00,29069.7,18.33,7.42,205.6,137.47
2022-09-05 17:00:00+00:00,31911.9,18.76,9.32,114.1,142.36
2022-09-05 18:00:00+00:00,33444.9,17.16,9.51,0.0,133.57
2022-09-05 19:00:00+00:00,32262.3,17.05,10.01,0.0,171.61
2022-09-05 20:00:00+00:00,30481.5,15.78,11.17,0.0,138.26
2022-09-05 21:00:00+00:00,28867.1,15.64,11.45,0.0,118.83
2022-09-05 22:00:00+00:00,26283.1,16.77,11.99,0.0,117.14
2022-09-05 23:00:00+00:00,23456.0,14.61,11.78,0.0,77.99
2022-09-06 00:00:00+00:00,21833.6,14.28,12.11,0.0,67.0
2022-09-06 01:00:00+00:00,21810.8,12.68,11.83,0.0,63.35
2022-09-06 02:00:00+00:00,21548.6,12.63,11.57,0.0,75.32
2022-09-06 03:00:00+00:00,21819.4,12.39,11.44,0.0,73.06
2022-09-06 04:00:00+00:00,23404.6,12.56,10.91,0.0,89.16
2022-09-06 05:00:00+00:00,24602.6,12.3,11.11,0.0,83.48
2022-09-06 06:00:00+00:00,26419.4,13.25,11.29,0.0,101.2
2022-09-06 07:00:00+00:00,29538.0,12.99,11.72,87.6,122.72
2022-09-06 08:00:00+00:00,30098.9,14.48,11.98,241.4,122.69
2022-09-06 09:00:00+00:00,30836.3,15.0,13.3,298.9,102.66
2022-09-06 10:00:00+00:00,30710.7,14.94,13.81,396.0,86.75
2022-09-06 11:00:00+00:00,31103.8,16.65,13.3,437.4,100.13
2022-09-06 12:00:00+00:00,29898.9,17.23,13.34,420.7,99.36
2022-09-06 13:00:00+00:00,29297.3,18.85,14.13,323.6,97.94
2022-09-06 14:00:00+00:00,28711.6,19.84,13.03,292.3,96.5
2022-09-06 15:00:00+00:00,28585.5,19.41,14.3,160.7,85.69
2022-09-06 16:00:00+00:00,30804.7,19.22,13.33,136.4,112.99
2022-09-06 17:00:00+00:00,33117.0,18.95,13.72,100.4,130.34
2022-09-06 18:00:00+00:00,34688.4,19.35,13.39,0.0,121.82
2022-09-06 19:00:00+00:00,32887.9,18.93,13.03,0.0,137.77
2022-09-06 20:00:00+00:00,30609.8,18.24,11.71,0.0,148.21
2022-09-06 21:00:00+00:00,29450.5,17.27,12.18,0.0,115.05
2022-09-06 22:00:00+00:00,26288.6,16.4,10.92,0.0,91.16
2022-09-06 23:00:00+00:00,24134.3,16.4,9.59,0.0,96.88
2022-09-07 00:00:00+00:00,21613.1,15.59,10.37,0.0,77.2
2022-09-07 01:00:00+00:00,20625.1,14.79,11.6,0.0,82.66
2022-09-07 02:00:00+00:00,20913.1,14.08,10.85,0.0,103.76
2022-09-07 03:00:00+00:00,21168.9,13.58,11.44,0.0,77.32
2022-09-07 04:00:00+00:00,21942.9,12.8,11.84,0.0,69.72
2022-09-07 05:00:00+00:00,22889.0,12.62,11.53,0.0,73.51
2022-09-07 06:00:00+00:00,24822.2,13.99,12.35,0.0,103.11
2022-09-07 07:00:00+00:00,27595.5,14.46,11.95,104.0,111.32
2022-09-07 08:00:00+00:00,29324.6,15.57,12.11,126.3,123.73
2022-09-07 09:00:00+00:00,30182.5,14.82,10.87,213.1,112.29
2022-09-07 10:00:00+00:00,30029.5,15.94,9.73,326.4,130.98
2022-09-07 11:00:00+00:00,29830.3,16.56,10.51,222.5,118.49
2022-09-07 12:00:00+00:00,29556.3,16.89,10.77,465.9,89.07
2022-09-07 13:00:00+00:00,28717.3,17.48,10.47,215.1,90.32
2022-09-07 14:00:00+00:00,28565.7,17.49,11.78,281.7,92.88
2022-09-07 15:00:00+00:00,28373.9,16.33,13.03,248.1,87.31
2022-09-07 16:00:00+00:00,30436.7,16.83,13.07,210.9,96.69
2022-09-07 17:00:00+00:00,32465.5,16.7,11.63,66.6,142.22
2022-09-07 18:00:00+00:00,33557.0,16.07,11.31,0.0,143.88
2022-09-07 19:00:00+00:00,32470.8,14.9,10.44,0.0,139.45
2022-09-07 20:00:00+00:00,30636.1,13.34,10.34,0.0,129.34
2022-09-07 21:00:00+00:00,29372.7,12.77,9.44,0.0,121.6
2022-09-07 22:00:00+00:00,27710.7,13.02,8.38,0.0,125.82
2022-09-07 23:00:00+00:00,25697.5,12.46,6.55,0.0,123.92
2022-09-08 00:00:00+00:00,24963.2,10.93,6.7,0.0,121.69
2022-09-08 01:00:00+00:00,24390.5,10.64,4.92,0.0,134.15
2022-09-08 02:00:00+00:00,22958.1,10.36,4.77,0.0,137.84
2022-09-08 03:00:00+00:00,22553.9,10.82,5.43,0.0,126.67
2022-09-08 04:00:00+00:00,22571.7,11.32,4.94,0.0,103.66
2022-09-08 05:00:00+00:00,24797.8,9.85,4.19,0.0,145.62
2022-09-08 06:00:00+00:00,26722.5,10.72,4.28,0.0,158.59
2022-09-08 07:00:00+00:00,29892.1,10.8,3.77,81.6,171.24
2022-09-08 08:00:00+00:00,31298.3,10.75,4.08,147.5,161.19
2022-09-08 09:00:00+00:00,32075.7,11.51,3.41,227.5,182.82
2022-09-08 10:00:00+00:00,31089.9,12.64,3.51,426.5,138.43
2022-09-08 11:00:00+00:00,31304.3,12.47,3.42,373.7,163.69
2022-09-08 12:00:00+00:00,30565.1,13.63,3.59,257.6,166.39
2022-09-08 13:00:00+00:00,28479.5,14.66,5.04,388.3,131.27
2022-09-08 14:00:00+00:00,28265.1,15.07,5.29,286.2,112.98
2022-09-08 15:00:00+00:00,29081.5,14.74,5.77,149.7,145.12
2022-09-08 16:00:00+00:00,30614.6,14.14,5.34,253.2,155.47
2022-09-08 17:00:00+00:00,32630.6,14.56,5.6,62.6,172.06
2022-09-08 18:00:00+00:00,34266.2,13.27,5.46,0.0,185.86
2022-09-08 19:00:00+00:00,32641.5,13.4,5.56,0.0,172.65
2022-09-08 20:00:00+00:00,31138.1,12.66,6.14,0.0,158.97
2022-09-08 21:00:00+00:00,29332.9,11.92,5.79,0.0,154.33
2022-09-08 22:00:00+00:00,27093.6,10.2,5.54,0.0,155.19
2022-09-08 23:00:00+00:00,26807.2,9.51,5.23,0.0,136.11
2022-09-09 00:00:00+00:00,25500.2,9.26,4.92,0.0,140.88
2022-09-09 01:00:00+00:00,24795.6,8.08,5.16,0.0,104.54
2022-09-09 02:00:00+00:00,24929.4,8.21,4.97,0.0,128.03
2022-09-09 03:00:00+00:00,24821.1,8.27,6.24,0.0,132.89
2022-09-09 04:00:00+00:00,25219.2,8.09,8.38,0.0,126.68
2022-09-09 05:00:00+00:00,26321.0,9.01,7.86,0.0,114.88
2022-09-09 06:00:00+00:00,28981.1,8.26,8.05,0.0,143.79
2022-09-09 07:00:00+00:00,31596.1,9.22,8.81,65.2,155.64
2022-09-09 08:00:00+00:00,32697.1,11.04,8.51,248.4,134.78
2022-09-09 09:00:00+00:00,32301.9,12.77,7.66,285.6,125.67
2022-09-09 10:00:00+00:00,32184.3,13.84,8.98,408.8,112.16
2022-09-09 11:00:00+00:00,31709.9,14.43,9.42,361.3,107.89
2022-09-09 12:00:00+00:00,30000.4,14.72,9.55,448.7,113.69
2022-09-09 13:00:00+00:00,29674.9,15.08,10.56,293.7,111.37
2022-09-09 14:00:00+00:00,28938.7,15.78,10.98,211.8,105.22
2022-09-09 15:00:00+00:00,29356.1,15.45,10.74,220.6,103.75
2022-09-09 16:00:00+00:00,30388.2,15.87,9.79,239.0,133.68
2022-09-09 17:00:00+00:00,32663.9,16.91,9.27,108.0,146.45
2022-09-09 18:00:00+00:00,33563.0,16.4,10.1,0.0,160.45
2022-09-09 19:00:00+00:00,32471.3,14.99,10.47,0.0,139.57
2022-09-09 20:00:00+00:00,30756.3,13.5,10.16,0.0,128.3
2022-09-09 21:00:00+00:00,27895.3,13.25,11.38,0.0,126.46
2022-09-09 22:00:00+00:00,25856.1,12.48,11.04,0.0,106.76
2022-09-09 23:00:00+00:00,24218.9,12.33,11.61,0.0,94.73
2022-09-10 00:00:00+00:00,21748.5,11.3,11.55,0.0,81.77
2022-09-10 01:00:00+00:00,20740.2,11.36,12.83,0.0,75.41
2022-09-10 02:00:00+00:00,20041.8,10.99,13.13,0.0,71.39
2022-09-10 03:00:00+00:00,20216.2,10.47,12.86,0.0,51.07
2022-09-10 04:00:00+00:00,21477.6,10.36,12.43,0.0,69.55
2022-09-10 05:00:00+00:00,23260.2,9.99,12.14,0.0,74.07
2022-09-10 06:00:00+00:00,23967.6,11.72,11.32,0.0,94.85
2022-09-10 07:00:00+00:00,27889.8,12.31,10.03,73.7,114.35
2022-09-10 08:00:00+00:00,29593.7,13.44,10.12,181.2,117.12
2022-09-10 09:00:00+00:00,30465.2,13.91,9.55,228.1,122.94
2022-09-10 10:00:00+00:00,29363.4,14.08,9.0,391.0,107.03
2022-09-10 11:00:00+00:00,28493.5,14.7,8.83,421.9,128.5
2022-09-10 12:00:00+00:00,28263.7,16.02,8.78,406.2,83.96
2022-09-10 13:00:00+00:00,27042.0,16.21,8.7,277.0,104.2
2022-09-10 14:00:00+00:00,26986.9,16.02,9.97,180.0,90.53
2022-09-10 15:00:00+00:00,27980.2,16.26,10.34,209.5,108.99
2022-09-10 16:00:00+00:00,29449.9,16.5,11.82,191.5,95.3
2022-09-10 17:00:00+00:00,32502.2,17.21,11.24,60.1,139.75
2022-09-10 18:00:00+00:00,33473.6,16.95,11.64,0.0,141.07
2022-09-10 19:00:00+00:00,30878.2,16.71,11.11,0.0,146.45
2022-09-10 20:00:00+00:00,28347.3,16.4,10.46,0.0,109.11
2022-09-10 21:00:00+00:00,26829.1,14.9,11.97,0.0,93.18
2022-09-10 22:00:00+00:00,24419.6,13.54,11.12,0.0,85.41
2022-09-10 23:00:00+00:00,23666.3,12.18,9.17,0.0,106.62
2022-09-11 00:00:00+00:00,23250.3,10.67,8.51,0.0,106.02
2022-09-11 01:00:00+00:00,22065.6,10.72,6.86,0.0,102.74
2022-09-11 02:00:00+00:00,21127.4,10.63,6.12,0.0,110.44
2022-09-11 03:00:00+00:00,20934.3,10.61,5.5,0.0,83.61
2022-09-11 04:00:00+00:00,22475.8,9.18,5.6,0.0,112.52
2022-09-11 05:00:00+00:00,22692.4,10.79,4.07,0.0,124.34
2022-09-11 06:00:00+00:00,25253.9,10.76,5.15,0.0,135.83
2022-09-11 07:00:00+00:00,28281.0,12.67,3.77,85.0,154.17
2022-09-11 08:00:00+00:00,29947.3,12.53,3.84,115.3,163.52
2022-09-11 09:00:00+00:00,29936.7,12.86,3.74,179.7,161.3
2022-09-11 10:00:00+00:00,29730.4,12.36,4.55,403.7,154.56
2022-09-11 11:00:00+00:00,28011.9,13.39,4.95,210.5,143.7
2022-09-11 12:00:00+00:00,27267.3,13.43,5.98,385.5,98.86
2022-09-11 13:00:00+00:00,27047.9,13.36,5.75,209.6,134.91
2022-09-11 14:00:00+00:00,27471.3,12.95,5.44,357.9,118.51
2022-09-11 15:00:00+00:00,27329.8,13.65,5.85,347.1,112.06
2022-09-11 16:00:00+00:00,29445.1,14.09,6.71,163.6,124.54
2022-09-11 17:00:00+00:00,31865.9,14.98,7.37,126.3,149.72
2022-09-11 18:00:00+00:00,32616.1,14.16,7.6,0.0,166.98
2022-09-11 19:00:00+00:00,30982.5,13.74,7.75,0.0,161.87
2022-09-11 20:00:00+00:00,28854.5,12.31,7.69,0.0,130.95
2022-09-11 21:00:00+00:00,27575.7,11.42,7.97,0.0,128.58
2022-09-11 22:00:00+00:00,25607.7,10.43,9.52,0.0,107.65
2022-09-11 23:00:00+00:00,24379.8,10.08,9.2,0.0,101.24
2022-09-12 00:00:00+00:00,25320.3,10.05,8.81,0.0,99.49
2022-09-12 01:00:00+00:00,23594.7,10.23,8.37,0.0,96.09
2022-09-12 02:00:00+00:00,23692.7,9.47,8.61,0.0,103.01
2022-09-12 03:00:00+00:00,22266.1,10.03,6.87,0.0,113.14
2022-09-12 04:00:00+00:00,22529.8,10.15,6.77,0.0,106.66
2022-09-12 05:00:00+00:00,23484.3,10.29,7.47,0.0,98.95
2022-09-12 06:00:00+00:00,26730.2,10.39,7.03,0.0,130.13
2022-09-12 07:00:00+00:00,30407.3,10.73,7.18,71.9,136.43
2022-09-12 08:00:00+00:00,31559.1,12.57,8.82,183.4,146.3
2022-09-12 09:00:00+00:00,31369.9,13.56,8.99,334.4,342.5
2022-09-12 10:00:00+00:00,31730.8,14.47,7.14,372.0,136.34
2022-09-12 11:00:00+00:00,30704.1,15.06,6.03,436.9,137.3
2022-09-12 12:00:00+00:00,29676.0,17.17,5.88,420.9,119.19
2022-09-12 13:00:00+00:00,28222.1,18.41,5.31,333.2,129.31
2022-09-12 14:00:00+00:00,28179.3,18.24,5.47,206.3,134.37
2022-09-12 15:00:00+00:00,27867.2,18.15,5.32,309.6,136.16
2022-09-12 16:00:00+00:00,30587.8,17.89,6.31,194.2,139.49
2022-09-12 17:00:00+00:00,32824.6,17.66,5.49,109.8,168.52
2022-09-12 18:00:00+00:00,33276.3,16.75,5.41,0.0,169.38
2022-09-12 19:00:00+00:00,32498.6,16.38,5.66,0.0,180.78
2022-09-12 20:00:00+00:00,30868.6,16.51,5.99,0.0,156.4
2022-09-12 21:00:00+00:00,29532.9,14.91,6.16,0.0,150.64
2022-09-12 22:00:00+00:00,26761.8,13.44,4.31,0.0,138.21
2022-09-12 23:00:00+00:00,24506.8,12.43,4.51,0.0,130.61
2022-09-13 00:00:00+00:00,24572.4,11.45,4.52,0.0,140.02
2022-09-13 01:00:00+00:00,21837.7,12.19,5.32,0.0,115.69
2022-09-13 02:00:00+00:00,20843.1,12.48,5.97,0.0,115.42
2022-09-13 03:00:00+00:00,20722.3,12.91,6.21,0.0,94.08
2022-09-13 04:00:00+00:00,20713.6,12.81,6.49,0.0,99.11
2022-09-13 05:00:00+00:00,22295.6,12.89,7.58,0.0,114.17
2022-09-13 06:00:00+00:00,24578.7,12.46,8.45,0.0,102.3
2022-09-13 07:00:00+00:00,28040.8,13.54,8.59,123.7,134.8
2022-09-13 08:00:00+00:00,29903.4,14.54,10.19,208.2,134.54
2022-09-13 09:00:00+00:00,30482.1,16.06,9.54,313.3,107.69
2022-09-13 10:00:00+00:00,30321.4,16.65,8.48,370.4,143.71
2022-09-13 11:00:00+00:00,29587.5,17.25,8.4,193.9,125.36
2022-09-13 12:00:00+00:00,29344.8,17.93,8.04,340.7,101.15
2022-09-13 13:00:00+00:00,28297.0,18.89,6.06,217.2,120.35
2022-09-13 14:00:00+00:00,29055.7,18.25,5.6,337.9,128.13
2022-09-13 15:00:00+00:00,29483.7,18.76,5.93,149.5,139.88
2022-09-13 16:00:00+00:00,30850.8,18.6,5.94,101.9,147.69
2022-09-13 17:00:00+00:00,34000.7,17.63,5.39,118.5,163.87
2022-09-13 18:00:00+00:00,34775.2,15.88,5.5,0.0,174.78
2022-09-13 19:00:00+00:00,33825.1,15.19,5.67,0.0,198.74
2022-09-13 20:00:00+00:00,32151.3,15.35,6.3,0.0,172.35
2022-09-13 21:00:00+00:00,29972.9,15.57,5.83,0.0,168.27
2022-09-13 22:00:00+00:00,26753.6,14.97,6.57,0.0,125.56
2022-09-13 23:00:00+00:00,24588.2,15.38,5.74,0.0,122.48
2022-09-14 00:00:00+00:00,25156.1,14.54,5.41,0.0,121.48
2022-09-14 01:00:00+00:00,23359.4,14.56,6.82,0.0,108.27
2022-09-14 02:00:00+00:00,22671.3,13.9,6.03,0.0,124.05
2022-09-14 03:00:00+00:00,22189.7,13.41,5.56,0.0,242.53
2022-09-14 04:00:00+00:00,22126.2,13.04,4.65,0.0,116.54
2022-09-14 05:00:00+00:00,24038.1,12.05,4.12,0.0,125.21
2022-09-14 06:00:00+00:00,25318.3,13.28,4.38,0.0,145.95
2022-09-14 07:00:00+00:00,27950.7,13.48,5.06,103.8,137.21
2022-09-14 08:00:00+00:00,29947.0,13.7,5.14,182.3,161.45
2022-09-14 09:00:00+00:00,30496.2,13.76,4.98,324.3,139.22
2022-09-14 10:00:00+00:00,30406.6,14.43,4.11,285.7,174.29
2022-09-14 11:00:00+00:00,29933.0,16.23,3.69,438.4,150.49
2022-09-14 12:00:00+00:00,29154.2,18.09,2.64,244.5,152.91
2022-09-14 13:00:00+00:00,29357.8,17.51,3.44,241.7,151.25
2022-09-14 14:00:00+00:00,29556.0,17.58,4.24,402.1,149.54
2022-09-14 15:00:00+00:00,29310.1,17.05,4.35,155.7,154.79
2022-09-14 16:00:00+00:00,31318.0,17.54,4.83,129.8,168.86
2022-09-14 17:00:00+00:00,33448.9,17.4,5.62,60.1,197.52
2022-09-14 18:00:00+00:00,34842.0,16.52,5.77,0.0,190.32
2022-09-14 19:00:00+00:00,33635.5,15.94,6.92,0.0,153.79
2022-09-14 20:00:00+00:00,31979.9,14.92,6.13,0.0,170.89
2022-09-14 21:00:00+00:00,29188.2,15.11,5.9,0.0,165.38
2022-09-14 22:00:00+00:00,26214.8,14.64,5.59,0.0,140.63
2022-09-14 23:00:00+00:00,23754.8,14.28,6.16,0.0,108.03
2022-09-15 00:00:00+00:00,24865.2,11.89,5.08,0.0,131.25
2022-09-15 01:00:00+00:00,24187.5,11.37,6.31,0.0,136.24
2022-09-15 02:00:00+00:00,23639.0,12.33,6.78,0.0,101.36
2022-09-15 03:00:00+00:00,22214.3,12.99,8.16,0.0,82.34
2022-09-15 04:00:00+00:00,23150.0,11.92,8.07,0.0,97.27
2022-09-15 05:00:00+00:00,23440.8,12.01,7.59,0.0,121.47
2022-09-15 06:00:00+00:00,26219.0,11.75,8.07,0.0,103.58
2022-09-15 07:00:00+00:00,28618.3,13.4,8.83,94.7,128.77
2022-09-15 08:00:00+00:00,29976.0,14.25,8.18,161.3,139.39
2022-09-15 09:00:00+00:00,30260.3,14.53,6.56,139.0,146.5
2022-09-15 10:00:00+00:00,30691.3,15.32,5.15,332.6,127.91
2022-09-15 11:00:00+00:00,30317.3,14.46,5.45,381.1,136.69
2022-09-15 12:00:00+00:00,30637.7,14.47,6.73,240.3,129.62
2022-09-15 13:00:00+00:00,29701.7,15.02,5.73,360.7,133.11
2022-09-15 14:00:00+00:00,29484.7,15.87,5.58,379.4,120.89
2022-09-15 15:00:00+00:00,29990.7,14.84,5.37,254.7,146.22
2022-09-15 16:00:00+00:00,31967.1,14.58,6.96,189.4,150.41
2022-09-15 17:00:00+00:00,34180.4,14.96,8.73,100.4,148.41
2022-09-15 18:00:00+00:00,36404.4,13.66,8.97,0.0,185.82
2022-09-15 19:00:00+00:00,35263.7,13.25,9.58,0.0,168.72
2022-09-15 20:00:00+00:00,31902.3,12.64,10.13,0.0,150.21
2022-09-15 21:00:00+00:00,29542.1,12.95,8.97,0.0,141.08
2022-09-15 22:00:00+00:00,28128.1,12.07,9.42,0.0,138.23
2022-09-15 23:00:00+00:00,26114.5,11.28,8.5,0.0,126.84
2022-09-16 00:00:00+00:00,24943.4,11.09,8.29,0.0,119.23
2022-09-16 01:00:00+00:00,24217.8,9.84,9.12,0.0,87.34
2022-09-16 02:00:00+00:00,24445.1,9.46,9.07,0.0,103.58
2022-09-16 03:00:00+00:00,23626.3,9.13,9.83,0.0,72.56
2022-09-16 04:00:00+00:00,23448.3,9.2,10.71,0.0,78.14
2022-09-16 05:00:00+00:00,24593.7,10.06,9.15,0.0,118.89
2022-09-16 06:00:00+00:00,26818.3,10.91,7.34,0.0,125.72
2022-09-16 07:00:00+00:00,29939.7,11.11,8.23,89.3,149.25
2022-09-16 08:00:00+00:00,31486.3,11.96,9.11,191.4,127.12
2022-09-16 09:00:00+00:00,31293.5,13.66,9.2,325.6,122.26
2022-09-16 10:00:00+00:00,31375.0,13.95,9.4,324.9,124.6
2022-09-16 11:00:00+00:00,30750.7,14.78,9.98,415.8,125.17
2022-09-16 12:00:00+00:00,30157.7,15.31,10.51,254.0,124.93
2022-09-16 13:00:00+00:00,29472.8,15.77,10.1,242.4,108.91
2022-09-16 14:00:00+00:00,28890.6,15.11,10.69,268.7,100.39
2022-09-16 15:00:00+00:00,28889.0,16.11,10.24,306.5,106.94
2022-09-16 16:00:00+00:00,31017.3,15.57,10.27,98.8,156.52
2022-09-16 17:00:00+00:00,32840.9,15.93,10.26,80.3,145.8
2022-09-16 18:00:00+00:00,34177.9,15.1,9.42,0.0,155.15
2022-09-16 19:00:00+00:00,32930.2,14.13,8.72,0.0,151.94
2022-09-16 20:00:00+00:00,30822.6,14.17,10.38,0.0,136.25
2022-09-16 21:00:00+00:00,28758.6,14.01,9.52,0.0,133.58
2022-09-16 22:00:00+00:00,26892.2,13.35,9.68,0.0,109.26
2022-09-16 23:00:00+00:00,25863.6,13.08,10.0,0.0,119.92
2022-09-17 00:00:00+00:00,23498.3,12.15,9.81,0.0,90.72
2022-09-17 01:00:00+00:00,22690.2,11.65,10.19,0.0,103.33
2022-09-17 02:00:00+00:00,22086.6,10.94,10.29,0.0,88.8
2022-09-17 03:00:00+00:00,21725.4,11.38,9.44,0.0,85.27
2022-09-17 04:00:00+00:00,20966.2,11.05,9.74,0.0,54.31
2022-09-17 05:00:00+00:00,21950.6,12.24,9.18,0.0,87.85
2022-09-17 06:00:00+00:00,24343.3,12.5,10.43,0.0,99.18
2022-09-17 07:00:00+00:00,26313.2,13.11,10.59,112.6,102.45
2022-09-17 08:00:00+00:00,27469.2,14.26,9.87,213.1,111.49
2022-09-17 09:00:00+00:00,28010.5,15.01,9.99,142.7,109.38
2022-09-17 10:00:00+00:00,28235.2,15.58,9.12,325.2,112.19
2022-09-17 11:00:00+00:00,28374.0,16.25,9.21,322.8,97.59
2022-09-17 12:00:00+00:00,28745.6,17.38,8.93,282.2,123.45
2022-09-17 13:00:00+00:00,27864.5,17.42,8.18,309.4,120.35
2022-09-17 14:00:00+00:00,26894.5,17.61,7.47,370.0,107.21
2022-09-17 15:00:00+00:00,27540.6,17.69,9.35,281.3,111.74
2022-09-17 16:00:00+00:00,29827.0,18.08,9.3,170.6,123.03
2022-09-17 17:00:00+00:00,32607.1,17.68,8.85,60.2,151.34
2022-09-17 18:00:00+00:00,33452.5,18.25,8.29,0.0,163.21
2022-09-17 19:00:00+00:00,32597.0,17.47,8.59,0.0,171.82
2022-09-17 20:00:00+00:00,29989.4,16.54,8.01,0.0,148.3
2022-09-17 21:00:00+00:00,28326.2,15.6,7.1,0.0,379.06
2022-09-17 22:00:00+00:00,25421.1,13.98,7.07,0.0,123.36
2022-09-17 23:00:00+00:00,22931.6,12.61,7.04,0.0,104.45
2022-09-18 00:00:00+00:00,21659.1,11.54,6.71,0.0,105.13
2022-09-18 01:00:00+00:00,20268.6,11.74,6.03,0.0,97.04
2022-09-18 02:00:00+00:00,19966.5,11.4,5.77,0.0,84.72
2022-09-18 03:00:00+00:00,19538.0,10.99,5.46,0.0,86.61
2022-09-18 04:00:00+00:00,19772.3,11.82,5.07,0.0,97.18
2022-09-18 05:00:00+00:00,20949.4,13.02,5.38,0.0,120.06
2022-09-18 06:00:00+00:00,23118.1,14.19,7.2,0.0,91.14
2022-09-18 07:00:00+00:00,26056.9,14.23,8.23,106.0,117.87
2022-09-18 08:00:00+00:00,28281.6,14.59,9.69,135.6,133.32
2022-09-18 09:00:00+00:00,28275.9,16.41,9.11,276.2,120.35
2022-09-18 10:00:00+00:00,28167.1,17.25,10.31,305.5,101.18
2022-09-18 11:00:00+00:00,27641.2,17.73,10.33,250.2,99.92
2022-09-18 12:00:00+00:00,27701.7,18.7,10.93,413.6,93.93
2022-09-18 13:00:00+00:00,26904.8,19.7,11.09,398.0,98.07
2022-09-18 14:00:00+00:00,26818.9,19.55,10.62,197.9,106.61
2022-09-18 15:00:00+00:00,27477.4,19.7,11.0,152.0,106.48
2022-09-18 16:00:00+00:00,28968.8,20.06,11.18,172.7,123.21
2022-09-18 17:00:00+00:00,30630.8,18.96,9.59,63.5,139.32
2022-09-18 18:00:00+00:00,31558.2,18.41,9.36,0.0,149.81
2022-09-18 19:00:00+00:00,29823.5,17.04,9.93,0.0,141.78
2022-09-18 20:00:00+00:00,27604.7,15.67,10.0,0.0,115.35
2022-09-18 21:00:00+00:00,24767.3,14.52,10.21,0.0,133.44
2022-09-18 22:00:00+00:00,22211.4,14.01,9.47,0.0,93.82
2022-09-18 23:00:00+00:00,21580.1,13.06,9.54,0.0,86.18
2022-09-19 00:00:00+00:00,22884.9,11.9,9.34,0.0,105.39
2022-09-19 01:00:00+00:00,22693.0,11.44,9.06,0.0,108.25
2022-09-19 02:00:00+00:00,22298.4,10.44,8.43,0.0,91.49
2022-09-19 03:00:00+00:00,22337.4,10.6,9.07,0.0,78.0
2022-09-19 04:00:00+00:00,22328.6,11.38,9.24,0.0,90.83
2022-09-19 05:00:00+00:00,23837.2,11.61,9.32,0.0,105.6
2022-09-19 06:00:00+00:00,26020.3,11.95,10.81,0.0,100.4
2022-09-19 07:00:00+00:00,28843.3,12.78,10.99,81.6,117.65
2022-09-19 08:00:00+00:00,31407.7,12.27,11.73,201.0,119.42
2022-09-19 09:00:00+00:00,31697.3,13.38,11.7,244.8,103.04
2022-09-19 10:00:00+00:00,30650.6,16.02,11.19,384.6,112.43
2022-09-19 11:00:00+00:00,29472.5,16.62,10.15,327.9,117.41
2022-09-19 12:00:00+00:00,29263.8,17.13,10.19,437.4,101.09
2022-09-19 13:00:00+00:00,28979.6,18.01,7.94,198.8,130.58
2022-09-19 14:00:00+00:00,28807.8,19.24,8.11,165.2,120.66
2022-09-19 15:00:00+00:00,28746.1,19.84,8.3,194.5,122.48
2022-09-19 16:00:00+00:00,30720.0,18.35,8.07,202.7,142.92
2022-09-19 17:00:00+00:00,33487.8,18.33,7.94,49.9,150.81
2022-09-19 18:00:00+00:00,35012.2,19.33,6.91,0.0,172.53
2022-09-19 19:00:00+00:00,33282.9,18.98,8.0,0.0,152.24
2022-09-19 20:00:00+00:00,32206.8,17.44,7.69,0.0,178.57
2022-09-19 21:00:00+00:00,30474.2,16.74,6.89,0.0,152.85
2022-09-19 22:00:00+00:00,27790.0,15.1,7.33,0.0,151.55
2022-09-19 23:00:00+00:00,25804.5,15.05,7.4,0.0,124.15
2022-09-20 00:00:00+00:00,25479.4,13.64,7.1,0.0,142.49
2022-09-20 01:00:00+00:00,23698.6,13.14,6.73,0.0,128.17
2022-09-20 02:00:00+00:00,22889.5,12.26,6.74,0.0,104.09
2022-09-20 03:00:00+00:00,22118.1,11.78,7.8,0.0,101.69
2022-09-20 04:00:00+00:00,21996.9,12.73,8.13,0.0,88.02
2022-09-20 05:00:00+00:00,22765.1,13.03,8.05,0.0,109.73
2022-09-20 06:00:00+00:00,25108.2,13.1,8.66,0.0,124.63
2022-09-20 07:00:00+00:00,28275.1,12.98,8.6,100.8,144.72
2022-09-20 08:00:00+00:00,29731.3,12.55,8.83,143.2,144.11
2022-09-20 09:00:00+00:00,31149.4,12.58,8.86,129.7,144.0
2022-09-20 10:00:00+00:00,31403.9,13.45,9.23,327.5,128.5
2022-09-20 11:00:00+00:00,30321.2,14.79,8.77,333.0,118.08
2022-09-20 12:00:00+00:00,30594.1,15.08,7.79,214.3,154.25
2022-09-20 13:00:00+00:00,30024.9,16.51,8.46,364.6,109.52
2022-09-20 14:00:00+00:00,30069.3,16.37,9.56,187.4,114.84
2022-09-20 15:00:00+00:00,29539.8,16.33,8.58,263.7,110.87
2022-09-20 16:00:00+00:00,31135.2,15.58,8.64,183.0,147.64
2022-09-20 17:00:00+00:00,33805.6,15.9,8.21,46.3,174.73
2022-09-20 18:00:00+00:00,34565.5,16.68,8.84,0.0,174.03
2022-09-20 19:00:00+00:00,32958.5,14.97,8.94,0.0,162.52
2022-09-20 20:00:00+00:00,31147.9,14.04,11.45,0.0,123.16
2022-09-20 21:00:00+00:00,29218.6,14.03,10.99,0.0,128.6
2022-09-20 22:00:00+00:00,27465.1,12.37,11.99,0.0,122.28
2022-09-20 23:00:00+00:00,26470.3,11.99,13.02,0.0,87.6
2022-09-21 00:00:00+00:00,24659.8,11.98,13.14,0.0,74.72
2022-09-21 01:00:00+00:00,23626.9,11.53,12.86,0.0,85.34
2022-09-21 02:00:00+00:00,23294.6,11.53,12.64,0.0,89.07
2022-09-21 03:00:00+00:00,21984.2,12.45,12.36,0.0,83.18
2022-09-21 04:00:00+00:00,21702.2,13.66,12.98,0.0,82.09
2022-09-21 05:00:00+00:00,22973.5,13.83,12.0,0.0,84.51
2022-09-21 06:00:00+00:00,26054.6,13.89,11.63,0.0,86.85
2022-09-21 07:00:00+00:00,29008.3,13.88,11.17,106.1,121.11
2022-09-21 08:00:00+00:00,30621.8,15.13,9.61,123.2,144.69
2022-09-21 09:00:00+00:00,31442.7,15.0,10.16,231.0,120.82
2022-09-21 10:00:00+00:00,30008.7,15.58,10.83,236.6,113.02
2022-09-21 11:00:00+00:00,29837.9,16.32,10.14,207.7,97.39
2022-09-21 12:00:00+00:00,29408.9,16.59,10.79,186.1,111.84
2022-09-21 13:00:00+00:00,29578.2,17.2,9.36,376.2,125.65
2022-09-21 14:00:00+00:00,29531.7,19.0,9.26,216.4,116.98
2022-09-21 15:00:00+00:00,30113.6,18.95,9.05,218.5,115.34
2022-09-21 16:00:00+00:00,31979.4,18.51,9.02,205.1,157.84
2022-09-21 17:00:00+00:00,34245.4,18.75,8.98,46.5,169.6
2022-09-21 18:00:00+00:00,35367.0,18.33,8.82,0.0,179.15
2022-09-21 19:00:00+00:00,33658.6,18.49,8.43,0.0,167.82
2022-09-21 20:00:00+00:00,31979.5,17.75,8.27,0.0,150.28
2022-09-21 21:00:00+00:00,29157.2,16.72,9.27,0.0,132.04
2022-09-21 22:00:00+00:00,27215.1,14.77,8.71,0.0,142.69
2022-09-21 23:00:00+00:00,25750.5,13.01,10.39,0.0,101.35
2022-09-22 00:00:00+00:00,25468.1,11.12,9.72,0.0,123.77
2022-09-22 01:00:00+00:00,23511.6,10.87,9.77,0.0,101.59
2022-09-22 02:00:00+00:00,23486.5,9.75,10.08,0.0,99.82
2022-09-22 03:00:00+00:00,22861.2,10.42,9.7,0.0,77.88
2022-09-22 04:00:00+00:00,23108.3,10.53,10.64,0.0,95.2
2022-09-22 05:00:00+00:00,23469.9,10.68,10.89,0.0,91.15
2022-09-22 06:00:00+00:00,26066.0,10.64,10.53,0.0,93.15
2022-09-22 07:00:00+00:00,28873.9,11.65,11.43,50.3,118.08
2022-09-22 08:00:00+00:00,29874.3,11.89,10.41,163.4,116.76
2022-09-22 09:00:00+00:00,30115.8,12.1,9.8,296.9,118.8
2022-09-22 10:00:00+00:00,29900.3,13.62,10.1,294.0,104.91
2022-09-22 11:00:00+00:00,29643.1,14.57,10.57,186.3,106.95
2022-09-22 12:00:00+00:00,29294.2,15.05,10.65,406.0,99.74
2022-09-22 13:00:00+00:00,28830.2,15.92,10.36,198.1,108.54
2022-09-22 14:00:00+00:00,28630.8,16.22,10.0,231.1,107.5
2022-09-22 15:00:00+00:00,28754.0,16.55,10.73,154.6,100.95
2022-09-22 16:00:00+00:00,30577.6,15.95,10.74,178.9,121.76
2022-09-22 17:00:00+00:00,32445.9,16.89,9.87,62.1,153.05
2022-09-22 18:00:00+00:00,33288.2,16.04,9.0,0.0,163.61
2022-09-22 19:00:00+00:00,31986.1,16.33,10.08,0.0,143.51
2022-09-22 20:00:00+00:00,30619.6,15.44,9.36,0.0,126.44
2022-09-22 21:00:00+00:00,28495.5,15.11,9.46,0.0,121.08
2022-09-22 22:00:00+00:00,27167.7,14.71,10.39,0.0,109.14
2022-09-22 23:00:00+00:00,26118.6,14.61,10.65,0.0,117.3
2022-09-23 00:00:00+00:00,25159.5,13.27,9.87,0.0,115.36
2022-09-23 01:00:00+00:00,23489.8,13.37,8.93,0.0,105.49
2022-09-23 02:00:00+00:00,23476.0,14.09,10.3,0.0,91.45
2022-09-23 03:00:00+00:00,23322.6,13.72,9.32,0.0,112.31
2022-09-23 04:00:00+00:00,23482.4,13.73,8.77,0.0,109.48
2022-09-23 05:00:00+00:00,24098.3,13.61,8.97,0.0,85.03
2022-09-23 06:00:00+00:00,26060.1,13.78,8.7,0.0,134.83
2022-09-23 07:00:00+00:00,28042.4,15.35,9.07,47.8,123.87
2022-09-23 08:00:00+00:00,30518.0,15.35,7.82,109.1,152.09
2022-09-23 09:00:00+00:00,31214.6,15.47,7.61,206.0,145.7
2022-09-23 10:00:00+00:00,30926.6,17.14,8.11,188.0,124.96
2022-09-23 11:00:00+00:00,30323.2,18.14,8.59,312.0,118.06
2022-09-23 12:00:00+00:00,29547.0,19.93,8.06,247.6,106.29
2022-09-23 13:00:00+00:00,28980.7,20.0,7.21,249.4,118.88
2022-09-23 14:00:00+00:00,28815.8,20.24,7.37,319.7,121.14
2022-09-23 15:00:00+00:00,28123.2,19.82,6.32,213.9,129.5
2022-09-23 16:00:00+00:00,29719.1,19.69,7.36,99.0,134.35
2022-09-23 17:00:00+00:00,32085.3,18.21,7.46,68.3,154.36
2022-09-23 18:00:00+00:00,33751.2,18.07,6.9,0.0,175.97
2022-09-23 19:00:00+00:00,32126.2,17.56,6.08,0.0,176.25
2022-09-23 20:00:00+00:00,29368.0,16.71,5.63,0.0,149.14
2022-09-23 21:00:00+00:00,27053.4,15.61,4.47,0.0,146.23
2022-09-23 22:00:00+00:00,26047.5,14.23,4.99,0.0,126.39
2022-09-23 23:00:00+00:00,24314.6,13.88,4.46,0.0,119.18
2022-09-24 00:00:00+00:00,21141.7,12.36,4.9,0.0,121.26
2022-09-24 01:00:00+00:00,19457.3,12.14,5.43,0.0,112.3
2022-09-24 02:00:00+00:00,18829.6,13.04,6.26,0.0,90.79
2022-09-24 03:00:00+00:00,18560.0,13.74,6.49,0.0,82.59
2022-09-24 04:00:00+00:00,19584.5,12.82,7.4,0.0,82.39
2022-09-24 05:00:00+00:00,22154.8,12.72,8.46,0.0,108.98
2022-09-24 06:00:00+00:00,23585.3,13.37,8.59,0.0,65.77
2022-09-24 07:00:00+00:00,26209.1,13.88,8.76,95.2,135.36
2022-09-24 08:00:00+00:00,28230.4,13.69,8.24,179.3,122.33
2022-09-24 09:00:00+00:00,28256.0,14.65,7.4,184.9,100.33
2022-09-24 10:00:00+00:00,27223.2,15.37,8.39,345.2,127.33
2022-09-24 11:00:00+00:00,27363.1,17.19,8.79,377.8,74.99
2022-09-24 12:00:00+00:00,26900.7,17.58,9.24,329.8,74.71
2022-09-24 13:00:00+00:00,25976.2,18.68,8.66,309.3,87.34
2022-09-24 14:00:00+00:00,25493.3,18.13,9.85,217.6,92.02
2022-09-24 15:00:00+00:00,26747.0,17.54,9.53,248.2,112.66
2022-09-24 16:00:00+00:00,29196.6,17.83,8.78,200.9,119.36
2022-09-24 17:00:00+00:00,31040.6,18.12,8.24,63.7,138.6
2022-09-24 18:00:00+00:00,31207.6,16.99,9.4,0.0,142.85
2022-09-24 19:00:00+00:00,30304.7,16.32,8.42,0.0,142.72
2022-09-24 20:00:00+00:00,29312.2,14.72,7.76,0.0,157.84
2022-09-24 21:00:00+00:00,28483.1,13.8,9.99,0.0,136.98
2022-09-24 22:00:00+00:00,25248.7,13.5,10.57,0.0,97.81
2022-09-24 23:00:00+00:00,24327.6,12.48,9.82,0.0,98.93
2022-09-25 00:00:00+00:00,23259.1,11.55,8.83,0.0,82.7
2022-09-25 01:00:00+00:00,21464.1,10.37,7.43,0.0,104.39
2022-09-25 02:00:00+00:00,20774.3,9.67,7.49,0.0,93.12
2022-09-25 03:00:00+00:00,19860.2,10.63,8.03,0.0,89.08
2022-09-25 04:00:00+00:00,20482.1,10.76,9.17,0.0,89.12
2022-09-25 05:00:00+00:00,21271.6,10.43,7.58,0.0,111.67
2022-09-25 06:00:00+00:00,24176.8,10.71,6.51,0.0,115.39
2022-09-25 07:00:00+00:00,27584.0,10.37,6.45,71.6,135.49
2022-09-25 08:00:00+00:00,29797.7,10.52,8.65,190.2,143.43
2022-09-25 09:00:00+00:00,29393.6,12.15,9.26,147.7,123.36
2022-09-25 10:00:00+00:00,29293.7,12.87,9.44,339.4,108.82
2022-09-25 11:00:00+00:00,27771.0,14.75,8.36,287.1,136.58
2022-09-25 12:00:00+00:00,27738.2,15.3,6.64,319.5,116.52
2022-09-25 13:00:00+00:00,27018.1,15.74,6.68,183.6,139.52
2022-09-25 14:00:00+00:00,26666.1,16.42,6.62,173.4,115.53
2022-09-25 15:00:00+00:00,27012.9,14.89,6.43,244.0,114.6
2022-09-25 16:00:00+00:00,28030.7,14.94,6.16,193.3,110.28
2022-09-25 17:00:00+00:00,31254.9,14.64,5.62,75.7,167.2
2022-09-25 18:00:00+00:00,32084.9,15.07,4.92,0.0,182.44
2022-09-25 19:00:00+00:00,31139.4,15.03,6.11,0.0,164.05
2022-09-25 20:00:00+00:00,29980.7,13.6,5.47,0.0,164.29
2022-09-25 21:00:00+00:00,27351.0,13.57,5.33,0.0,153.42
2022-09-25 22:00:00+00:00,25125.6,12.62,5.38,0.0,116.21
2022-09-25 23:00:00+00:00,23085.8,11.33,6.01,0.0,116.06
2022-09-26 00:00:00+00:00,24993.8,10.7,5.4,0.0,146.72
2022-09-26 01:00:00+00:00,24151.1,10.1,6.24,0.0,117.68
2022-09-26 02:00:00+00:00,23361.4,10.72,5.83,0.0,104.25
2022-09-26 03:00:00+00:00,22856.2,10.79,5.76,0.0,126.16
2022-09-26 04:00:00+00:00,22629.3,10.99,7.1,0.0,108.18
2022-09-26 05:00:00+00:00,24174.2,11.79,6.34,0.0,119.81
2022-09-26 06:00:00+00:00,27009.0,12.87,6.94,0.0,129.79
2022-09-26 07:00:00+00:00,29989.3,13.9,7.73,100.8,149.43
2022-09-26 08:00:00+00:00,30994.4,15.39,7.93,184.8,133.59
2022-09-26 09:00:00+00:00,31545.3,16.43,7.79,115.6,162.58
2022-09-26 10:00:00+00:00,31812.0,17.19,9.42,324.7,126.74
2022-09-26 11:00:00+00:00,31286.1,18.55,9.29,303.5,135.1
2022-09-26 12:00:00+00:00,31638.2,18.98,9.33,226.8,141.32
2022-09-26 13:00:00+00:00,31246.5,19.35,8.95,178.3,123.73
2022-09-26 14:00:00+00:00,31804.9,20.57,8.97,344.5,131.58
2022-09-26 15:00:00+00:00,31625.5,21.49,9.63,119.5,135.71
2022-09-26 16:00:00+00:00,31867.9,21.21,9.28,103.4,361.1
2022-09-26 17:00:00+00:00,34140.9,20.47,7.52,84.1,166.8
2022-09-26 18:00:00+00:00,34736.0,20.72,7.89,0.0,156.17
2022-09-26 19:00:00+00:00,33240.7,20.4,7.01,0.0,178.72
2022-09-26 20:00:00+00:00,31869.1,19.68,7.59,0.0,137.13
2022-09-26 21:00:00+00:00,29305.7,18.52,7.55,0.0,145.64
2022-09-26 22:00:00+00:00,26404.5,17.77,8.26,0.0,141.93
2022-09-26 23:00:00+00:00,24286.7,16.86,7.46,0.0,128.63
2022-09-27 00:00:00+00:00,24092.9,15.54,7.02,0.0,119.85
2022-09-27 01:00:00+00:00,22527.1,14.98,6.75,0.0,102.76
2022-09-27 02:00:00+00:00,22064.4,14.69,5.6,0.0,110.65
2022-09-27 03:00:00+00:00,22681.7,14.21,6.54,0.0,120.42
2022-09-27 04:00:00+00:00,22846.0,14.72,5.3,0.0,109.74
2022-09-27 05:00:00+00:00,22671.1,15.64,6.24,0.0,115.66
2022-09-27 06:00:00+00:00,24853.6,16.53,6.61,0.0,114.06
2022-09-27 07:00:00+00:00,27603.3,16.8,6.47,75.2,131.57
2022-09-27 08:00:00+00:00,28712.5,17.81,6.77,102.4,132.76
2022-09-27 09:00:00+00:00,29329.8,18.45,7.03,229.1,134.79
2022-09-27 10:00:00+00:00,28333.0,18.31,6.71,156.5,137.07
2022-09-27 11:00:00+00:00,28606.8,19.29,6.96,292.8,143.61
2022-09-27 12:00:00+00:00,28622.9,19.84,7.54,313.5,116.05
2022-09-27 13:00:00+00:00,27953.7,21.72,6.77,245.4,125.82
2022-09-27 14:00:00+00:00,27186.1,22.69,7.05,328.1,122.25
2022-09-27 15:00:00+00:00,28524.5,23.01,5.0,201.8,138.47
2022-09-27 16:00:00+00:00,30221.0,22.83,3.59,169.5,159.8
2022-09-27 17:00:00+00:00,33254.0,22.41,4.2,68.8,187.06
2022-09-27 18:00:00+00:00,34101.6,21.11,4.01,0.0,185.24
2022-09-27 19:00:00+00:00,33312.1,19.25,3.49,0.0,192.07
2022-09-27 20:00:00+00:00,31386.7,17.85,3.63,0.0,169.67
2022-09-27 21:00:00+00:00,29213.6,16.91,3.49,0.0,162.31
2022-09-27 22:00:00+00:00,26426.3,14.74,2.89,0.0,173.46
2022-09-27 23:00:00+00:00,25632.2,13.6,1.81,0.0,151.59
2022-09-28 00:00:00+00:00,24585.0,12.62,0.53,0.0,155.87
2022-09-28 01:00:00+00:00,23192.6,11.95,1.43,0.0,113.96
2022-09-28 02:00:00+00:00,22818.2,11.19,1.38,0.0,142.86
2022-09-28 03:00:00+00:00,22653.2,10.83,2.42,0.0,151.61
2022-09-28 04:00:00+00:00,22950.9,11.93,2.31,0.0,125.73
2022-09-28 05:00:00+00:00,23003.9,12.55,2.82,0.0,142.61
2022-09-28 06:00:00+00:00,26573.3,12.61,2.94,0.0,146.38
2022-09-28 07:00:00+00:00,29468.6,13.12,3.17,54.8,148.15
2022-09-28 08:00:00+00:00,30881.0,13.76,3.44,191.9,157.51
2022-09-28 09:00:00+00:00,31476.8,14.01,3.27,253.1,155.13
2022-09-28 10:00:00+00:00,30559.6,14.28,2.49,281.9,159.72
2022-09-28 11:00:00+00:00,30079.1,15.58,3.32,234.8,151.59
2022-09-28 12:00:00+00:00,30090.0,15.9,4.75,271.0,134.36
2022-09-28 13:00:00+00:00,29313.4,15.68,6.16,228.6,140.45
2022-09-28 14:00:00+00:00,29240.4,15.93,5.77,309.2,142.71
2022-09-28 15:00:00+00:00,29843.2,16.09,5.25,162.5,154.41
2022-09-28 16:00:00+00:00,31283.5,14.78,4.91,106.6,164.23
2022-09-28 17:00:00+00:00,34336.3,14.47,4.88,53.7,183.97
2022-09-28 18:00:00+00:00,35052.8,14.54,4.94,0.0,198.4
2022-09-28 19:00:00+00:00,34442.5,14.18,4.26,0.0,187.03
2022-09-28 20:00:00+00:00,32448.7,14.79,3.24,0.0,194.49
2022-09-28 21:00:00+00:00,30239.5,14.72,3.47,0.0,158.78
2022-09-28 22:00:00+00:00,27172.5,14.74,0.89,0.0,149.69
2022-09-28 23:00:00+00:00,25063.5,15.61,1.11,0.0,159.39
2022-09-29 00:00:00+00:00,24198.3,15.17,0.67,0.0,139.72
2022-09-29 01:00:00+00:00,22697.8,14.64,1.59,0.0,128.88
2022-09-29 02:00:00+00:00,22142.8,14.78,2.68,0.0,116.84
2022-09-29 03:00:00+00:00,22198.8,14.18,3.74,0.0,127.83
2022-09-29 04:00:00+00:00,22297.2,14.2,3.63,0.0,115.05
2022-09-29 05:00:00+00:00,23111.4,13.96,2.91,0.0,145.69
2022-09-29 06:00:00+00:00,25997.4,14.55,2.48,0.0,159.11
2022-09-29 07:00:00+00:00,29022.1,14.65,2.93,64.5,165.14
2022-09-29 08:00:00+00:00,30447.9,14.85,1.85,105.5,189.94
2022-09-29 09:00:00+00:00,30530.1,15.77,3.19,127.8,156.2
2022-09-29 10:00:00+00:00,30922.3,16.36,3.13,155.6,167.56
2022-09-29 11:00:00+00:00,30500.6,15.83,3.71,300.2,127.26
2022-09-29 12:00:00+00:00,30574.2,15.52,2.48,321.6,150.41
2022-09-29 13:00:00+00:00,29418.3,15.27,1.98,231.2,144.77
2022-09-29 14:00:00+00:00,29224.7,15.03,0.74,255.5,170.81
2022-09-29 15:00:00+00:00,29257.8,15.39,1.86,134.9,177.2
2022-09-29 16:00:00+00:00,31843.8,15.41,1.99,79.7,180.64
2022-09-29 17:00:00+00:00,34254.6,15.75,2.68,46.0,219.33
2022-09-29 18:00:00+00:00,34549.5,15.7,2.95,0.0,191.67
2022-09-29 19:00:00+00:00,33434.2,15.68,3.52,0.0,178.47
2022-09-29 20:00:00+00:00,31776.9,15.26,3.43,0.0,175.48
2022-09-29 21:00:00+00:00,29495.6,14.55,3.45,0.0,170.91
2022-09-29 22:00:00+00:00,26670.4,14.36,3.55,0.0,159.02
2022-09-29 23:00:00+00:00,23945.0,14.11,4.04,0.0,138.48
2022-09-30 00:00:00+00:00,23651.4,13.48,4.53,0.0,122.77
2022-09-30 01:00:00+00:00,21632.2,13.66,6.85,0.0,112.73
2022-09-30 02:00:00+00:00,21895.0,11.83,8.17,0.0,90.74
2022-09-30 03:00:00+00:00,21108.6,11.48,6.72,0.0,128.12
2022-09-30 04:00:00+00:00,22556.0,11.33,6.63,0.0,118.98
2022-09-30 05:00:00+00:00,24065.1,12.26,6.33,0.0,98.75
2022-09-30 06:00:00+00:00,26020.6,13.6,7.36,0.0,120.17
2022-09-30 07:00:00+00:00,29543.5,13.24,7.1,86.2,133.84
2022-09-30 08:00:00+00:00,30555.5,14.73,7.46,78.2,167.29
2022-09-30 09:00:00+00:00,30677.5,14.71,5.6,177.0,140.38
2022-09-30 10:00:00+00:00,29897.8,14.72,4.49,156.9,129.97
2022-09-30 11:00:00+00:00,29984.2,15.25,6.25,153.1,153.93
2022-09-30 12:00:00+00:00,29266.9,15.64,6.33,277.8,101.31
2022-09-30 13:00:00+00:00,29924.3,15.14,5.58,181.2,141.49
2022-09-30 14:00:00+00:00,28992.7,15.81,5.84,145.3,148.7
2022-09-30 15:00:00+00:00,29743.4,16.3,5.08,184.8,142.57
2022-09-30 16:00:00+00:00,32022.7,16.8,4.95,172.3,175.94
2022-09-30 17:00:00+00:00,33629.1,16.19,3.92,68.0,188.37
2022-09-30 18:00:00+00:00,34294.7,15.64,3.46,0.0,186.69
2022-09-30 19:00:00+00:00,32720.1,14.96,3.31,0.0,189.35
2022-09-30 20:00:00+00:00,32205.9,15.21,4.37,0.0,195.8
2022-09-30 21:00:00+00:00,30594.1,12.67,4.86,0.0,168.46
2022-09-30 22:00:00+00:00,27993.1,11.3,5.47,0.0,152.39
2022-09-30 23:00:00+00:00,26623.2,10.58,5.53,0.0,143.25
2022-10-01 00:00:00+00:00,23189.7,9.18,6.24,0.0,106.9
2022-10-01 01:00:00+00:00,22211.7,8.57,5.6,0.0,95.11
2022-10-01 02:00:00+00:00,21559.7,8.22,5.09,0.0,114.39
2022-10-01 03:00:00+00:00,21728.1,7.75,5.51,0.0,123.83
2022-10-01 04:00:00+00:00,21706.3,7.93,5.36,0.0,115.9
2022-10-01 05:00:00+00:00,22371.9,8.65,5.44,0.0,100.09
2022-10-01 06:00:00+00:00,25223.5,9.0,5.39,0.0,135.16
2022-10-01 07:00:00+00:00,28195.2,9.38,6.45,78.2,146.82
2022-10-01 08:00:00+00:00,29719.4,10.04,7.5,115.5,150.12
2022-10-01 09:00:00+00:00,29112.8,10.85,6.98,219.1,136.06
2022-10-01 10:00:00+00:00,29627.6,10.62,5.61,239.6,141.47
2022-10-01 11:00:00+00:00,28772.1,11.68,5.12,278.7,127.2
2022-10-01 12:00:00+00:00,28534.5,12.09,4.51,272.5,134.03
2022-10-01 13:00:00+00:00,26660.3,13.38,5.29,156.7,138.77
2022-10-01 14:00:00+00:00,26426.7,14.08,6.09,221.8,109.88
2022-10-01 15:00:00+00:00,26636.9,14.91,5.33,114.0,122.63
2022-10-01 16:00:00+00:00,28695.0,14.2,4.82,93.8,155.15
2022-10-01 17:00:00+00:00,30982.0,13.7,3.78,66.4,173.12
2022-10-01 18:00:00+00:00,33016.7,12.51,4.04,0.0,199.51
2022-10-01 19:00:00+00:00,31578.8,11.51,4.16,0.0,184.73
2022-10-01 20:00:00+00:00,29937.9,11.6,4.91,0.0,156.15
2022-10-01 21:00:00+00:00,28235.8,11.75,5.41,0.0,164.27
2022-10-01 22:00:00+00:00,25908.4,10.29,5.96,0.0,134.87
2022-10-01 23:00:00+00:00,24803.1,9.32,4.81,0.0,138.48
2022-10-02 00:00:00+00:00,23624.5,8.56,4.43,0.0,122.89
2022-10-02 01:00:00+00:00,22723.8,8.47,5.3,0.0,121.43
2022-10-02 02:00:00+00:00,22133.3,7.14,4.96,0.0,-15.85
2022-10-02 03:00:00+00:00,22188.9,6.13,3.79,0.0,100.0
2022-10-02 04:00:00+00:00,22371.4,6.61,4.59,0.0,136.24
2022-10-02 05:00:00+00:00,23878.3,5.81,4.26,0.0,120.23
2022-10-02 06:00:00+00:00,26346.9,6.13,5.22,0.0,132.89
2022-10-02 07:00:00+00:00,28646.9,6.96,5.3,59.2,141.38
2022-10-02 08:00:00+00:00,29845.0,8.03,5.17,150.1,167.16
2022-10-02 09:00:00+00:00,30562.5,8.82,6.32,219.2,146.91
2022-10-02 10:00:00+00:00,30141.3,9.47,5.34,243.9,149.42
2022-10-02 11:00:00+00:00,29159.4,10.79,6.54,214.4,142.48
2022-10-02 12:00:00+00:00,28231.3,11.66,6.07,356.0,127.18
2022-10-02 13:00:00+00:00,27504.8,11.82,6.24,217.4,126.51
2022-10-02 14:00:00+00:00,26743.8,12.22,6.41,183.4,123.13
2022-10-02 15:00:00+00:00,27432.2,12.63,6.11,235.8,138.22
2022-10-02 16:00:00+00:00,28758.4,13.63,5.56,176.9,126.29
2022-10-02 17:00:00+00:00,30718.1,13.84,5.34,92.8,148.54
2022-10-02 18:00:00+00:00,31621.7,14.11,4.63,0.0,179.8
2022-10-02 19:00:00+00:00,30046.6,13.12,6.28,0.0,158.23
2022-10-02 20:00:00+00:00,28220.0,12.09,5.94,0.0,142.33
2022-10-02 21:00:00+00:00,27362.3,11.19,6.9,0.0,159.23
2022-10-02 22:00:00+00:00,24903.1,10.35,7.71,0.0,104.46
2022-10-02 23:00:00+00:00,23721.0,9.04,7.96,0.0,108.35
2022-10-03 00:00:00+00:00,25858.9,9.09,7.8,0.0,124.32
2022-10-03 01:00:00+00:00,24675.6,9.16,7.91,0.0,109.72
2022-10-03 02:00:00+00:00,23951.7,8.68,8.32,0.0,100.58
2022-10-03 03:00:00+00:00,22631.5,8.96,8.33,0.0,96.18
2022-10-03 04:00:00+00:00,23085.2,9.19,7.04,0.0,124.83
2022-10-03 05:00:00+00:00,23783.3,9.92,5.61,0.0,116.96
2022-10-03 06:00:00+00:00,26731.5,9.56,6.86,0.0,135.63
2022-10-03 07:00:00+00:00,29303.8,10.1,4.81,77.5,146.57
2022-10-03 08:00:00+00:00,31090.1,10.79,5.07,154.5,163.5
2022-10-03 09:00:00+00:00,31976.8,11.95,4.98,165.3,172.15
2022-10-03 10:00:00+00:00,32059.2,12.34,5.21,143.2,160.32
2022-10-03 11:00:00+00:00,31342.3,11.57,4.41,294.2,158.24
2022-10-03 12:00:00+00:00,31099.1,11.6,4.81,208.8,152.57
2022-10-03 13:00:00+00:00,30751.7,12.11,5.08,167.7,153.55
2022-10-03 14:00:00+00:00,29536.8,12.51,7.34,133.4,140.61
2022-10-03 15:00:00+00:00,30224.1,13.69,7.42,152.7,141.52
2022-10-03 16:00:00+00:00,31889.6,13.97,8.46,127.8,146.93
2022-10-03 17:00:00+00:00,34550.4,13.74,7.21,39.6,158.84
2022-10-03 18:00:00+00:00,35356.5,13.26,8.0,0.0,164.65
2022-10-03 19:00:00+00:00,33788.9,13.32,8.13,0.0,149.61
2022-10-03 20:00:00+00:00,31639.9,12.24,8.28,0.0,139.15
2022-10-03 21:00:00+00:00,30594.9,11.39,8.44,0.0,150.63
2022-10-03 22:00:00+00:00,29429.8,9.97,9.7,0.0,128.68
2022-10-03 23:00:00+00:00,28285.4,10.13,9.76,0.0,118.67
2022-10-04 00:00:00+00:00,26093.5,9.61,9.01,0.0,133.92
2022-10-04 01:00:00+00:00,25229.7,8.71,8.43,0.0,125.87
2022-10-04 02:00:00+00:00,24806.1,8.35,9.0,0.0,92.33
2022-10-04 03:00:00+00:00,23944.5,8.57,9.25,0.0,93.02
2022-10-04 04:00:00+00:00,24363.5,8.52,7.94,0.0,101.79
2022-10-04 05:00:00+00:00,24835.9,8.5,8.29,0.0,112.81
2022-10-04 06:00:00+00:00,27920.0,8.6,7.38,0.0,122.69
2022-10-04 07:00:00+00:00,29821.9,9.46,7.71,89.8,131.98
2022-10-04 08:00:00+00:00,31604.0,9.99,7.04,177.5,150.93
2022-10-04 09:00:00+00:00,32391.4,10.52,6.82,138.8,154.12
2022-10-04 10:00:00+00:00,32074.5,10.52,6.4,278.2,132.67
2022-10-04 11:00:00+00:00,32096.7,11.35,7.62,148.2,149.69
2022-10-04 12:00:00+00:00,30651.9,11.92,7.9,145.6,139.95
2022-10-04 13:00:00+00:00,29986.7,12.26,8.84,276.6,122.29
2022-10-04 14:00:00+00:00,28810.7,12.73,11.02,145.5,96.71
2022-10-04 15:00:00+00:00,28736.4,13.34,10.85,159.4,120.03
2022-10-04 16:00:00+00:00,30410.8,13.7,11.83,72.5,116.24
2022-10-04 17:00:00+00:00,32769.8,13.75,11.05,41.7,130.33
2022-10-04 18:00:00+00:00,34706.6,13.15,11.82,0.0,152.94
2022-10-04 19:00:00+00:00,33110.5,12.2,10.95,0.0,154.0
2022-10-04 20:00:00+00:00,30977.3,10.88,10.74,0.0,141.67
2022-10-04 21:00:00+00:00,29367.2,9.79,10.97,0.0,137.65
2022-10-04 22:00:00+00:00,27543.5,9.08,11.32,0.0,105.62
2022-10-04 23:00:00+00:00,26598.2,7.94,10.11,0.0,96.64
2022-10-05 00:00:00+00:00,26268.1,7.31,9.27,0.0,112.07
2022-10-05 01:00:00+00:00,24462.6,6.32,9.64,0.0,74.26
2022-10-05 02:00:00+00:00,25266.5,5.1,9.22,0.0,101.28
2022-10-05 03:00:00+00:00,24403.1,5.59,8.01,0.0,107.58
2022-10-05 04:00:00+00:00,24681.8,5.5,7.91,0.0,108.23
2022-10-05 05:00:00+00:00,26013.2,5.39,7.77,0.0,126.98
2022-10-05 06:00:00+00:00,27526.1,5.31,7.87,0.0,130.21
2022-10-05 07:00:00+00:00,30197.0,6.31,8.24,45.6,145.63
2022-10-05 08:00:00+00:00,32047.5,7.97,8.54,168.4,144.58
2022-10-05 09:00:00+00:00,32795.4,8.59,7.86,102.5,139.82
2022-10-05 10:00:00+00:00,32312.9,9.32,7.5,221.5,151.17
2022-10-05 11:00:00+00:00,31618.2,10.77,8.2,228.8,131.27
2022-10-05 12:00:00+00:00,31708.1,10.38,7.72,307.4,136.31
2022-10-05 13:00:00+00:00,30308.2,12.13,7.37,286.4,133.75
2022-10-05 14:00:00+00:00,29546.0,13.96,6.18,181.3,130.61
2022-10-05 15:00:00+00:00,30022.5,12.45,6.19,123.3,138.58
2022-10-05 16:00:00+00:00,31477.7,12.35,6.5,153.4,150.71
2022-10-05 17:00:00+00:00,34117.8,11.68,4.98,89.4,174.2
2022-10-05 18:00:00+00:00,34267.6,11.12,4.25,0.0,207.52
2022-10-05 19:00:00+00:00,33697.6,10.32,3.27,0.0,192.25
2022-10-05 20:00:00+00:00,31883.9,10.16,4.08,0.0,165.3
2022-10-05 21:00:00+00:00,30124.8,9.38,2.73,0.0,194.5
2022-10-05 22:00:00+00:00,28697.3,8.12,2.88,0.0,167.77
2022-10-05 23:00:00+00:00,27392.7,7.37,3.65,0.0,151.9
2022-10-06 00:00:00+00:00,26806.1,7.0,3.96,0.0,162.23
2022-10-06 01:00:00+00:00,26642.4,5.88,3.77,0.0,150.18
2022-10-06 02:00:00+00:00,26425.2,4.68,4.2,0.0,142.63
2022-10-06 03:00:00+00:00,25135.1,5.89,5.15,0.0,114.57
2022-10-06 04:00:00+00:00,25739.4,5.68,5.16,0.0,111.23
2022-10-06 05:00:00+00:00,26356.4,5.98,3.5,0.0,158.99
2022-10-06 06:00:00+00:00,28238.6,6.3,4.57,0.0,155.28
2022-10-06 07:00:00+00:00,30738.9,7.34,5.01,53.9,159.04
2022-10-06 08:00:00+00:00,32399.8,9.2,5.08,121.3,164.34
2022-10-06 09:00:00+00:00,32828.2,10.37,3.63,182.8,174.8
2022-10-06 10:00:00+00:00,33146.2,10.26,3.57,222.8,177.45
2022-10-06 11:00:00+00:00,32744.6,10.21,3.05,148.8,169.01
2022-10-06 12:00:00+00:00,32373.6,10.68,2.3,144.6,180.85
2022-10-06 13:00:00+00:00,31719.2,11.08,2.43,180.2,176.99
2022-10-06 14:00:00+00:00,31163.0,10.43,2.24,125.9,168.31
2022-10-06 15:00:00+00:00,31366.5,11.14,2.11,129.5,152.72
2022-10-06 16:00:00+00:00,33288.0,10.48,2.93,74.9,178.28
2022-10-06 17:00:00+00:00,35135.2,11.19,3.33,63.8,182.64
2022-10-06 18:00:00+00:00,35564.9,11.89,3.13,0.0,215.79
2022-10-06 19:00:00+00:00,34087.5,11.17,2.84,0.0,419.6
2022-10-06 20:00:00+00:00,32063.8,10.76,2.69,0.0,175.33
2022-10-06 21:00:00+00:00,30583.3,9.28,2.71,0.0,169.8
2022-10-06 22:00:00+00:00,28662.8,8.94,3.38,0.0,169.48
2022-10-06 23:00:00+00:00,27892.8,7.97,2.75,0.0,168.72
2022-10-07 00:00:00+00:00,27311.6,6.62,4.1,0.0,141.07
2022-10-07 01:00:00+00:00,26211.2,6.04,4.7,0.0,134.75
2022-10-07 02:00:00+00:00,24753.6,5.54,2.68,0.0,139.69
2022-10-07 03:00:00+00:00,25684.8,5.33,2.96,0.0,159.41
2022-10-07 04:00:00+00:00,25209.3,6.08,3.98,0.0,116.63
2022-10-07 05:00:00+00:00,26073.7,5.98,4.43,0.0,125.67
2022-10-07 06:00:00+00:00,28439.6,7.58,4.24,0.0,179.41
2022-10-07 07:00:00+00:00,30882.0,7.45,4.33,49.1,177.51
2022-10-07 08:00:00+00:00,32190.7,9.21,4.6,82.7,154.77
2022-10-07 09:00:00+00:00,32480.0,9.41,5.32,106.9,197.12
2022-10-07 10:00:00+00:00,32072.5,10.24,4.3,119.0,174.34
2022-10-07 11:00:00+00:00,31651.7,10.73,3.96,312.4,154.46
2022-10-07 12:00:00+00:00,30661.7,11.2,5.39,226.9,160.57
2022-10-07 13:00:00+00:00,29747.3,12.22,5.5,314.6,124.67
2022-10-07 14:00:00+00:00,29549.6,13.47,6.77,268.9,123.8
2022-10-07 15:00:00+00:00,29497.7,14.31,9.12,202.3,121.22
2022-10-07 16:00:00+00:00,33010.4,13.96,8.63,160.7,152.22
2022-10-07 17:00:00+00:00,35211.7,13.78,7.61,48.9,177.29
2022-10-07 18:00:00+00:00,35676.1,12.83,7.37,0.0,183.55
2022-10-07 19:00:00+00:00,34300.4,11.63,8.21,0.0,164.73
2022-10-07 20:00:00+00:00,31822.9,10.25,9.12,0.0,152.44
2022-10-07 21:00:00+00:00,30732.1,9.27,10.79,0.0,136.03
2022-10-07 22:00:00+00:00,29292.9,8.7,10.57,0.0,125.77
2022-10-07 23:00:00+00:00,28436.6,6.88,10.77,0.0,116.98
2022-10-08 00:00:00+00:00,24747.5,6.18,10.03,0.0,96.32
2022-10-08 01:00:00+00:00,22892.6,6.7,7.92,0.0,87.14
2022-10-08 02:00:00+00:00,22487.4,7.12,7.84,0.0,113.99
2022-10-08 03:00:00+00:00,22067.3,6.7,6.9,0.0,109.82
2022-10-08 04:00:00+00:00,22254.2,6.01,7.4,0.0,110.76
2022-10-08 05:00:00+00:00,22858.6,6.65,5.91,0.0,100.77
2022-10-08 06:00:00+00:00,26582.0,5.79,5.39,0.0,132.52
2022-10-08 07:00:00+00:00,28804.3,7.17,5.68,81.4,142.71
2022-10-08 08:00:00+00:00,30731.8,7.84,6.04,148.1,151.81
2022-10-08 09:00:00+00:00,30769.2,9.79,6.05,165.5,139.45
2022-10-08 10:00:00+00:00,30366.4,9.57,7.56,180.8,152.82
2022-10-08 11:00:00+00:00,29566.7,10.91,8.76,289.0,125.2
2022-10-08 12:00:00+00:00,28574.2,11.52,8.13,181.6,123.35
2022-10-08 13:00:00+00:00,28583.3,11.85,9.33,232.9,114.42
2022-10-08 14:00:00+00:00,27986.5,11.39,10.6,275.9,95.69
2022-10-08 15:00:00+00:00,28277.0,11.92,10.32,179.0,101.28
2022-10-08 16:00:00+00:00,29706.1,12.29,10.19,159.1,94.69
2022-10-08 17:00:00+00:00,31415.1,13.11,9.99,57.2,146.22
2022-10-08 18:00:00+00:00,32858.0,13.26,9.34,0.0,154.34
2022-10-08 19:00:00+00:00,31489.3,12.28,8.79,0.0,160.3
2022-10-08 20:00:00+00:00,29108.2,10.96,9.73,0.0,134.9
2022-10-08 21:00:00+00:00,27994.1,9.39,9.94,0.0,121.0
2022-10-08 22:00:00+00:00,25335.8,9.55,9.36,0.0,109.36
2022-10-08 23:00:00+00:00,24210.4,8.38,8.52,0.0,98.89
2022-10-09 00:00:00+00:00,23446.2,8.55,7.85,0.0,93.31
2022-10-09 01:00:00+00:00,22478.8,8.4,7.68,0.0,90.47
2022-10-09 02:00:00+00:00,22297.0,8.29,8.36,0.0,85.99
2022-10-09 03:00:00+00:00,21427.7,8.0,7.62,0.0,92.43
2022-10-09 04:00:00+00:00,22117.5,8.5,8.29,0.0,102.69
2022-10-09 05:00:00+00:00,23002.0,8.77,8.38,0.0,106.52
2022-10-09 06:00:00+00:00,24633.5,9.02,8.42,0.0,94.04
2022-10-09 07:00:00+00:00,26237.2,10.05,9.15,55.9,119.46
2022-10-09 08:00:00+00:00,27964.8,10.67,9.71,122.8,114.84
2022-10-09 09:00:00+00:00,28372.7,10.95,8.47,228.8,121.9
2022-10-09 10:00:00+00:00,27880.1,12.09,7.55,205.4,123.73
2022-10-09 11:00:00+00:00,27772.5,12.76,7.34,162.8,105.37
2022-10-09 12:00:00+00:00,28111.1,13.67,7.61,229.2,119.93
2022-10-09 13:00:00+00:00,27046.4,13.86,8.64,159.3,125.7
2022-10-09 14:00:00+00:00,27043.7,13.42,8.61,229.7,94.19
2022-10-09 15:00:00+00:00,26713.2,14.58,9.86,217.1,88.97
2022-10-09 16:00:00+00:00,28010.6,15.38,9.17,131.4,96.02
2022-10-09 17:00:00+00:00,30124.2,15.57,8.64,78.2,130.76
2022-10-09 18:00:00+00:00,32068.1,14.8,8.32,0.0,139.57
2022-10-09 19:00:00+00:00,30933.0,13.94,7.61,0.0,142.67
2022-10-09 20:00:00+00:00,28750.7,14.01,8.49,0.0,135.9
2022-10-09 21:00:00+00:00,26782.4,12.95,6.25,0.0,141.88
2022-10-09 22:00:00+00:00,24967.0,11.73,5.89,0.0,105.34
2022-10-09 23:00:00+00:00,22813.5,12.09,6.85,0.0,102.06
2022-10-10 00:00:00+00:00,25122.7,11.22,6.61,0.0,119.46
2022-10-10 01:00:00+00:00,23758.4,11.73,7.47,0.0,107.65
2022-10-10 02:00:00+00:00,23603.7,10.48,9.16,0.0,106.86
2022-10-10 03:00:00+00:00,23221.6,10.62,9.12,0.0,104.82
2022-10-10 04:00:00+00:00,23552.7,11.88,9.93,0.0,103.27
2022-10-10 05:00:00+00:00,24486.9,12.08,11.67,0.0,93.01
2022-10-10 06:00:00+00:00,26453.2,12.28,11.75,0.0,99.43
2022-10-10 07:00:00+00:00,29525.8,12.09,11.48,54.0,112.86
2022-10-10 08:00:00+00:00,31120.6,13.38,11.96,85.4,128.69
2022-10-10 09:00:00+00:00,32043.3,13.6,12.64,94.2,115.46
2022-10-10 10:00:00+00:00,31689.3,14.23,12.32,125.7,112.82
2022-10-10 11:00:00+00:00,31342.5,14.14,11.68,201.2,122.12
2022-10-10 12:00:00+00:00,30990.8,15.64,12.79,205.1,116.21
2022-10-10 13:00:00+00:00,28935.1,16.72,12.29,240.1,96.6
2022-10-10 14:00:00+00:00,28740.6,16.91,12.96,121.3,106.69
2022-10-10 15:00:00+00:00,28822.4,16.22,12.86,129.2,98.08
2022-10-10 16:00:00+00:00,30736.9,16.97,14.0,66.3,109.14
2022-10-10 17:00:00+00:00,33362.4,16.35,12.99,76.6,134.78
2022-10-10 18:00:00+00:00,34843.0,15.12,12.02,0.0,142.86
2022-10-10 19:00:00+00:00,33240.4,13.38,12.44,0.0,146.01
2022-10-10 20:00:00+00:00,31299.0,12.24,11.28,0.0,130.99
2022-10-10 21:00:00+00:00,29536.0,10.57,11.16,0.0,121.71
2022-10-10 22:00:00+00:00,27459.6,9.42,12.16,0.0,106.48
2022-10-10 23:00:00+00:00,25325.9,9.17,10.51,0.0,110.03
2022-10-11 00:00:00+00:00,25730.8,8.19,10.65,0.0,81.33
2022-10-11 01:00:00+00:00,25043.0,7.93,11.41,0.0,82.45
2022-10-11 02:00:00+00:00,24312.4,7.21,11.17,0.0,102.29
2022-10-11 03:00:00+00:00,24059.5,7.16,10.24,0.0,100.43
2022-10-11 04:00:00+00:00,23697.9,8.43,9.87,0.0,90.94
2022-10-11 05:00:00+00:00,24993.7,8.5,9.07,0.0,108.11
2022-10-11 06:00:00+00:00,26812.2,9.2,9.02,0.0,124.57
2022-10-11 07:00:00+00:00,29346.4,8.86,8.7,34.3,148.57
2022-10-11 08:00:00+00:00,30474.0,10.5,8.22,81.0,134.86
2022-10-11 09:00:00+00:00,31735.9,10.98,8.52,92.8,157.3
2022-10-11 10:00:00+00:00,30587.9,12.37,9.68,248.6,125.44
2022-10-11 11:00:00+00:00,30720.0,13.0,9.8,207.5,113.6
2022-10-11 12:00:00+00:00,30346.8,13.96,10.71,168.9,112.38
2022-10-11 13:00:00+00:00,29228.5,14.8,11.76,193.6,116.38
2022-10-11 14:00:00+00:00,29294.7,14.79,11.07,126.3,127.43
2022-10-11 15:00:00+00:00,29557.5,15.51,11.08,103.3,115.95
2022-10-11 16:00:00+00:00,30376.8,14.9,10.54,152.3,131.72
2022-10-11 17:00:00+00:00,32700.2,15.02,9.21,66.6,151.58
2022-10-11 18:00:00+00:00,33865.5,14.26,9.37,0.0,282.35
2022-10-11 19:00:00+00:00,33344.7,13.8,8.43,0.0,162.75
2022-10-11 20:00:00+00:00,31457.9,12.75,8.74,0.0,133.92
2022-10-11 21:00:00+00:00,29593.3,11.97,7.44,0.0,140.99
2022-10-11 22:00:00+00:00,27269.9,10.51,7.55,0.0,123.89
2022-10-11 23:00:00+00:00,25806.9,9.92,6.29,0.0,137.16
2022-10-12 00:00:00+00:00,24476.2,9.16,6.85,0.0,118.6
2022-10-12 01:00:00+00:00,24278.9,8.34,6.55,0.0,114.17
2022-10-12 02:00:00+00:00,23683.8,7.99,6.19,0.0,126.04
2022-10-12 03:00:00+00:00,22948.4,7.96,7.11,0.0,90.39
2022-10-12 04:00:00+00:00,24084.3,7.68,6.86,0.0,104.17
2022-10-12 05:00:00+00:00,24644.5,7.9,6.95,0.0,129.19
2022-10-12 06:00:00+00:00,27350.3,7.78,6.8,0.0,140.01
2022-10-12 07:00:00+00:00,28994.3,9.83,7.2,64.0,120.81
2022-10-12 08:00:00+00:00,30625.7,11.16,8.01,133.5,139.25
2022-10-12 09:00:00+00:00,31504.0,12.06,8.61,151.7,125.09
2022-10-12 10:00:00+00:00,30682.7,13.49,8.17,255.7,123.48
2022-10-12 11:00:00+00:00,30123.6,12.96,9.05,275.5,122.74
2022-10-12 12:00:00+00:00,29826.9,12.02,8.24,146.9,129.72
2022-10-12 13:00:00+00:00,29338.1,12.28,7.59,144.8,130.04
2022-10-12 14:00:00+00:00,30288.1,11.78,7.46,120.7,130.62
2022-10-12 15:00:00+00:00,31044.7,11.79,8.26,202.0,144.77
2022-10-12 16:00:00+00:00,33231.2,11.86,7.28,113.4,162.97
2022-10-12 17:00:00+00:00,34840.7,12.16,7.96,77.1,158.53
2022-10-12 18:00:00+00:00,36604.1,11.03,7.87,0.0,184.41
2022-10-12 19:00:00+00:00,35528.1,10.7,7.49,0.0,175.69
2022-10-12 20:00:00+00:00,33615.6,10.02,8.32,0.0,157.32
2022-10-12 21:00:00+00:00,31240.2,9.5,7.63,0.0,153.73
2022-10-12 22:00:00+00:00,29582.3,8.44,9.39,0.0,149.57
2022-10-12 23:00:00+00:00,27256.6,8.58,9.13,0.0,111.6
2022-10-13 00:00:00+00:00,26587.9,7.78,9.14,0.0,121.82
2022-10-13 01:00:00+00:00,24871.5,8.38,10.24,0.0,108.5
2022-10-13 02:00:00+00:00,24070.1,7.59,10.21,0.0,100.14
2022-10-13 03:00:00+00:00,23500.0,7.93,10.98,0.0,96.8
2022-10-13 04:00:00+00:00,24736.2,7.98,9.26,0.0,103.72
2022-10-13 05:00:00+00:00,25256.6,8.07,8.8,0.0,114.91
2022-10-13 06:00:00+00:00,27788.5,8.92,9.02,0.0,125.22
2022-10-13 07:00:00+00:00,30923.1,9.34,9.76,52.7,122.13
2022-10-13 08:00:00+00:00,32835.2,8.45,10.23,103.6,129.85
2022-10-13 09:00:00+00:00,33479.7,7.43,10.59,175.8,147.48
2022-10-13 10:00:00+00:00,32271.0,9.06,11.24,227.9,117.82
2022-10-13 11:00:00+00:00,32061.3,10.58,11.4,262.5,114.55
2022-10-13 12:00:00+00:00,30500.5,12.38,9.51,203.4,130.57
2022-10-13 13:00:00+00:00,28538.8,12.85,10.51,195.1,105.09
2022-10-13 14:00:00+00:00,28864.9,12.38,9.68,179.5,120.98
2022-10-13 15:00:00+00:00,28822.4,12.25,9.79,210.3,109.72
2022-10-13 16:00:00+00:00,30893.0,12.19,9.79,145.1,117.58
2022-10-13 17:00:00+00:00,33266.4,11.32,9.69,60.7,158.91
2022-10-13 18:00:00+00:00,34009.8,11.88,8.69,0.0,154.72
2022-10-13 19:00:00+00:00,32566.5,12.63,7.09,0.0,175.55
2022-10-13 20:00:00+00:00,31002.5,12.17,6.3,0.0,163.52
2022-10-13 21:00:00+00:00,29981.0,11.36,6.98,0.0,142.76
2022-10-13 22:00:00+00:00,28196.1,9.77,5.85,0.0,149.31
2022-10-13 23:00:00+00:00,26378.9,9.97,5.22,0.0,131.21
2022-10-14 00:00:00+00:00,25352.9,9.23,5.64,0.0,119.8
2022-10-14 01:00:00+00:00,24848.7,8.55,4.9,0.0,130.49
2022-10-14 02:00:00+00:00,23687.2,8.51,4.58,0.0,130.91
2022-10-14 03:00:00+00:00,23424.1,8.02,4.77,0.0,123.31
2022-10-14 04:00:00+00:00,23738.0,8.19,5.1,0.0,113.25
2022-10-14 05:00:00+00:00,24817.1,7.6,4.38,0.0,117.51
2022-10-14 06:00:00+00:00,27547.0,8.73,4.62,0.0,144.29
2022-10-14 07:00:00+00:00,30464.4,9.27,5.05,36.2,147.67
2022-10-14 08:00:00+00:00,31134.5,10.67,4.15,60.3,164.75
2022-10-14 09:00:00+00:00,31757.0,11.29,4.46,209.3,156.71
2022-10-14 10:00:00+00:00,32117.0,11.96,4.03,197.9,169.49
2022-10-14 11:00:00+00:00,31405.3,11.93,4.27,188.8,163.87
2022-10-14 12:00:00+00:00,31295.5,13.0,4.97,225.5,160.14
2022-10-14 13:00:00+00:00,30702.0,12.93,4.94,230.4,146.41
2022-10-14 14:00:00+00:00,30359.8,12.94,5.76,179.6,139.75
2022-10-14 15:00:00+00:00,31034.7,13.05,6.44,167.1,149.42
2022-10-14 16:00:00+00:00,32729.0,13.02,7.17,122.7,158.63
2022-10-14 17:00:00+00:00,35622.7,11.71,7.48,39.1,179.9
2022-10-14 18:00:00+00:00,36603.1,11.12,8.32,0.0,199.38
2022-10-14 19:00:00+00:00,34200.6,11.02,8.55,0.0,171.23
2022-10-14 20:00:00+00:00,32673.4,10.09,7.17,0.0,174.7
2022-10-14 21:00:00+00:00,31013.2,9.21,6.54,0.0,-11.27
2022-10-14 22:00:00+00:00,28658.1,8.56,6.4,0.0,133.18
2022-10-14 23:00:00+00:00,26014.1,7.79,6.36,0.0,119.5
2022-10-15 00:00:00+00:00,23643.9,6.44,6.67,0.0,111.48
2022-10-15 01:00:00+00:00,22362.4,5.99,6.06,0.0,105.52
2022-10-15 02:00:00+00:00,21309.8,6.33,7.68,0.0,94.52
2022-10-15 03:00:00+00:00,20977.4,5.63,7.56,0.0,107.02
2022-10-15 04:00:00+00:00,20734.5,5.55,7.53,0.0,88.32
2022-10-15 05:00:00+00:00,22748.0,5.07,6.98,0.0,109.1
2022-10-15 06:00:00+00:00,26081.8,6.19,6.19,0.0,129.25
2022-10-15 07:00:00+00:00,28610.9,6.81,6.14,64.0,150.17
2022-10-15 08:00:00+00:00,30751.4,7.07,6.2,102.2,155.46
2022-10-15 09:00:00+00:00,30951.7,7.97,6.17,133.0,147.71
2022-10-15 10:00:00+00:00,31026.5,8.09,7.51,197.6,146.4
2022-10-15 11:00:00+00:00,30597.2,8.28,7.38,186.3,141.78
2022-10-15 12:00:00+00:00,30691.4,8.13,7.3,220.3,142.9
2022-10-15 13:00:00+00:00,29479.2,8.09,7.92,247.9,122.07
2022-10-15 14:00:00+00:00,28789.6,9.34,7.74,119.5,134.34
2022-10-15 15:00:00+00:00,29711.1,9.11,8.13,168.8,125.31
2022-10-15 16:00:00+00:00,31630.9,9.41,7.07,63.0,142.24
2022-10-15 17:00:00+00:00,34312.0,8.72,6.07,63.4,169.26
2022-10-15 18:00:00+00:00,35085.5,8.82,6.21,0.0,188.4
2022-10-15 19:00:00+00:00,33739.1,7.68,6.07,0.0,180.29
2022-10-15 20:00:00+00:00,31642.0,7.1,5.49,0.0,158.66
2022-10-15 21:00:00+00:00,29066.8,6.47,5.66,0.0,162.9
2022-10-15 22:00:00+00:00,26743.0,7.2,5.89,0.0,124.0
2022-10-15 23:00:00+00:00,25720.3,6.92,5.39,0.0,132.13
2022-10-16 00:00:00+00:00,24979.0,5.86,5.06,0.0,123.65
2022-10-16 01:00:00+00:00,23699.9,5.85,5.33,0.0,120.61
2022-10-16 02:00:00+00:00,22905.9,6.88,4.61,0.0,105.23
2022-10-16 03:00:00+00:00,21948.7,5.81,4.26,0.0,97.23
2022-10-16 04:00:00+00:00,22261.4,5.44,4.82,0.0,106.68
2022-10-16 05:00:00+00:00,23476.0,5.65,4.91,0.0,126.35
2022-10-16 06:00:00+00:00,25109.9,5.93,4.64,0.0,132.67
2022-10-16 07:00:00+00:00,28239.7,6.41,4.05,47.1,135.8
2022-10-16 08:00:00+00:00,29383.0,6.41,3.4,127.7,163.55
2022-10-16 09:00:00+00:00,29955.4,8.11,3.48,145.3,157.83
2022-10-16 10:00:00+00:00,30249.6,8.09,5.24,226.3,-17.19
2022-10-16 11:00:00+00:00,29731.3,8.78,5.77,121.2,140.24
2022-10-16 12:00:00+00:00,29387.5,10.11,4.79,163.7,125.85
2022-10-16 13:00:00+00:00,28683.2,10.62,5.45,203.0,148.01
2022-10-16 14:00:00+00:00,28692.3,10.4,4.94,117.2,140.42
2022-10-16 15:00:00+00:00,29323.9,9.76,5.04,139.4,153.67
2022-10-16 16:00:00+00:00,30736.8,9.62,4.68,58.7,156.17
2022-10-16 17:00:00+00:00,34125.5,8.96,6.37,52.0,172.58
2022-10-16 18:00:00+00:00,35565.0,8.72,5.52,0.0,172.37
2022-10-16 19:00:00+00:00,34571.5,7.36,5.84,0.0,172.66
2022-10-16 20:00:00+00:00,32380.3,7.25,5.36,0.0,185.18
2022-10-16 21:00:00+00:00,30671.9,6.65,6.02,0.0,165.27
2022-10-16 22:00:00+00:00,28845.4,6.08,6.3,0.0,155.91
2022-10-16 23:00:00+00:00,27533.7,6.32,7.31,0.0,135.56
2022-10-17 00:00:00+00:00,28258.7,5.36,7.86,0.0,134.6
2022-10-17 01:00:00+00:00,27581.9,4.52,7.27,0.0,140.72
2022-10-17 02:00:00+00:00,26842.5,3.97,9.54,0.0,123.64
2022-10-17 03:00:00+00:00,25628.8,3.85,9.85,0.0,108.56
2022-10-17 04:00:00+00:00,26207.7,3.98,9.28,0.0,113.05
2022-10-17 05:00:00+00:00,27997.5,3.87,9.32,0.0,132.14
2022-10-17 06:00:00+00:00,30855.1,3.24,9.7,0.0,127.3
2022-10-17 07:00:00+00:00,33354.6,3.66,10.03,68.5,142.94
2022-10-17 08:00:00+00:00,34721.7,4.74,10.26,89.2,137.42
2022-10-17 09:00:00+00:00,35068.3,5.73,10.86,185.1,133.81
2022-10-17 10:00:00+00:00,34493.8,7.35,11.34,144.9,142.24
2022-10-17 11:00:00+00:00,33764.2,9.34,10.46,259.5,140.0
2022-10-17 12:00:00+00:00,33165.7,10.48,11.94,163.6,145.84
2022-10-17 13:00:00+00:00,31474.4,11.83,13.23,146.4,110.56
2022-10-17 14:00:00+00:00,30688.6,12.61,13.55,202.2,97.21
2022-10-17 15:00:00+00:00,30167.3,13.74,13.25,189.0,99.92
2022-10-17 16:00:00+00:00,31581.2,14.72,12.98,120.7,117.92
2022-10-17 17:00:00+00:00,32976.6,14.94,12.43,61.3,149.14
2022-10-17 18:00:00+00:00,34894.5,14.81,12.0,0.0,149.4
2022-10-17 19:00:00+00:00,33266.7,13.98,10.04,0.0,139.18
2022-10-17 20:00:00+00:00,31246.5,13.15,11.09,0.0,136.21
2022-10-17 21:00:00+00:00,29627.9,12.1,11.81,0.0,119.6
2022-10-17 22:00:00+00:00,26814.2,11.63,10.25,0.0,109.86
2022-10-17 23:00:00+00:00,25477.3,10.39,10.79,0.0,96.65
2022-10-18 00:00:00+00:00,24855.1,9.46,10.59,0.0,117.35
2022-10-18 01:00:00+00:00,25238.7,7.51,10.26,0.0,95.69
2022-10-18 02:00:00+00:00,24361.6,8.24,10.48,0.0,78.91
2022-10-18 03:00:00+00:00,23918.2,7.96,8.94,0.0,93.89
2022-10-18 04:00:00+00:00,23566.8,8.3,8.84,0.0,93.44
2022-10-18 05:00:00+00:00,25387.9,9.43,8.81,0.0,96.76
2022-10-18 06:00:00+00:00,27477.2,10.01,8.78,0.0,120.2
2022-10-18 07:00:00+00:00,29872.0,11.43,7.62,66.9,154.02
2022-10-18 08:00:00+00:00,31008.7,11.31,7.94,128.1,266.33
2022-10-18 09:00:00+00:00,31080.9,13.46,8.72,150.3,119.31
2022-10-18 10:00:00+00:00,30309.3,14.77,8.95,151.9,134.62
2022-10-18 11:00:00+00:00,30632.5,15.49,8.68,247.7,121.67
2022-10-18 12:00:00+00:00,30447.0,16.84,10.7,190.5,111.96
2022-10-18 13:00:00+00:00,29786.0,16.47,9.79,136.6,131.38
2022-10-18 14:00:00+00:00,28785.6,16.47,10.25,144.6,105.93
2022-10-18 15:00:00+00:00,29076.4,17.32,10.28,120.1,99.16
2022-10-18 16:00:00+00:00,30817.0,15.96,11.69,102.8,126.89
2022-10-18 17:00:00+00:00,33321.0,15.9,11.76,45.6,137.05
2022-10-18 18:00:00+00:00,33362.3,15.63,11.99,0.0,138.78
2022-10-18 19:00:00+00:00,31652.6,16.08,12.14,0.0,109.37
2022-10-18 20:00:00+00:00,29852.6,14.26,11.05,0.0,113.9
2022-10-18 21:00:00+00:00,28186.5,14.34,10.17,0.0,116.67
2022-10-18 22:00:00+00:00,25538.4,13.08,9.8,0.0,94.13
2022-10-18 23:00:00+00:00,25074.2,11.97,10.4,0.0,108.25
2022-10-19 00:00:00+00:00,25150.4,10.36,10.42,0.0,98.43
2022-10-19 01:00:00+00:00,23939.5,9.15,10.08,0.0,91.19
2022-10-19 02:00:00+00:00,24566.1,9.02,11.0,0.0,102.12
2022-10-19 03:00:00+00:00,24525.5,8.18,9.25,0.0,95.74
2022-10-19 04:00:00+00:00,24432.0,8.68,8.13,0.0,110.94
2022-10-19 05:00:00+00:00,25845.2,8.52,6.12,0.0,126.4
2022-10-19 06:00:00+00:00,28401.4,8.23,7.11,0.0,144.78
2022-10-19 07:00:00+00:00,31193.6,8.51,7.03,61.0,153.55
2022-10-19 08:00:00+00:00,32025.4,9.42,7.78,93.6,153.99
2022-10-19 09:00:00+00:00,32194.8,10.01,7.66,79.1,145.35
2022-10-19 10:00:00+00:00,32089.7,10.8,8.42,214.0,130.35
2022-10-19 11:00:00+00:00,31729.9,11.93,8.25,195.5,135.13
2022-10-19 12:00:00+00:00,31524.2,13.17,8.51,263.5,134.7
2022-10-19 13:00:00+00:00,30430.9,13.42,8.64,148.0,133.35
2022-10-19 14:00:00+00:00,30191.0,13.05,8.82,151.1,134.67
2022-10-19 15:00:00+00:00,30046.0,13.18,10.05,152.0,110.91
2022-10-19 16:00:00+00:00,32257.5,13.35,8.63,127.8,128.7
2022-10-19 17:00:00+00:00,34860.4,12.14,8.49,61.0,158.36
2022-10-19 18:00:00+00:00,35816.7,11.13,8.57,0.0,166.32
2022-10-19 19:00:00+00:00,34740.7,10.1,8.53,0.0,157.16
2022-10-19 20:00:00+00:00,32195.4,9.28,8.14,0.0,151.3
2022-10-19 21:00:00+00:00,30942.9,8.08,7.67,0.0,135.66
2022-10-19 22:00:00+00:00,28589.7,7.77,8.83,0.0,122.45
2022-10-19 23:00:00+00:00,28747.7,6.12,8.68,0.0,120.08
2022-10-20 00:00:00+00:00,27713.2,4.47,10.51,0.0,102.01
2022-10-20 01:00:00+00:00,26527.5,3.88,10.74,0.0,92.97
2022-10-20 02:00:00+00:00,26457.2,3.56,10.33,0.0,97.27
2022-10-20 03:00:00+00:00,26715.6,2.67,10.6,0.0,112.33
2022-10-20 04:00:00+00:00,27363.8,2.53,10.5,0.0,108.74
2022-10-20 05:00:00+00:00,28136.9,2.71,11.38,0.0,112.58
2022-10-20 06:00:00+00:00,29721.1,3.07,10.24,0.0,125.02
2022-10-20 07:00:00+00:00,33577.0,3.91,8.67,32.6,162.69
2022-10-20 08:00:00+00:00,35178.6,4.36,8.87,108.0,164.44
2022-10-20 09:00:00+00:00,34944.1,6.15,9.43,94.6,161.25
2022-10-20 10:00:00+00:00,34638.5,7.32,9.53,159.4,147.03
2022-10-20 11:00:00+00:00,33376.1,7.64,9.93,242.8,132.78
2022-10-20 12:00:00+00:00,32491.2,8.42,10.2,226.2,115.79
2022-10-20 13:00:00+00:00,31150.2,9.07,8.88,191.4,122.12
2022-10-20 14:00:00+00:00,30573.4,10.18,9.01,171.7,133.76
2022-10-20 15:00:00+00:00,30369.9,9.99,9.94,81.9,121.1
2022-10-20 16:00:00+00:00,32467.7,10.42,9.92,86.6,136.37
2022-10-20 17:00:00+00:00,35549.0,10.21,8.75,39.9,173.05
2022-10-20 18:00:00+00:00,36731.6,10.68,8.4,0.0,181.28
2022-10-20 19:00:00+00:00,35215.5,10.86,8.77,0.0,167.89
2022-10-20 20:00:00+00:00,33274.6,10.26,10.08,0.0,146.61
2022-10-20 21:00:00+00:00,31199.3,9.32,8.4,0.0,153.78
2022-10-20 22:00:00+00:00,29103.0,8.85,8.61,0.0,125.31
2022-10-20 23:00:00+00:00,27470.3,8.01,7.8,0.0,129.68
2022-10-21 00:00:00+00:00,25263.6,8.26,8.16,0.0,108.51
2022-10-21 01:00:00+00:00,24072.9,7.8,8.56,0.0,107.36
2022-10-21 02:00:00+00:00,24192.7,7.22,8.3,0.0,110.34
2022-10-21 03:00:00+00:00,23583.4,6.82,8.73,0.0,99.21
2022-10-21 04:00:00+00:00,23748.3,6.18,9.54,0.0,105.23
2022-10-21 05:00:00+00:00,24827.6,6.82,9.28,0.0,109.5
2022-10-21 06:00:00+00:00,26446.6,6.8,8.12,0.0,115.65
2022-10-21 07:00:00+00:00,29629.6,8.09,9.18,29.0,131.98
2022-10-21 08:00:00+00:00,31952.1,8.03,9.72,101.9,138.16
2022-10-21 09:00:00+00:00,32759.5,8.9,10.02,175.1,143.0
2022-10-21 10:00:00+00:00,32300.7,10.38,9.33,188.1,118.96
2022-10-21 11:00:00+00:00,31818.9,9.8,9.99,111.9,143.31
2022-10-21 12:00:00+00:00,30320.7,11.66,11.43,112.3,100.2
2022-10-21 13:00:00+00:00,30048.3,11.88,11.12,151.7,117.4
2022-10-21 14:00:00+00:00,30003.3,12.26,10.98,121.7,119.92
2022-10-21 15:00:00+00:00,29631.4,12.71,9.95,76.2,120.17
2022-10-21 16:00:00+00:00,30846.2,13.03,9.24,54.8,140.66
2022-10-21 17:00:00+00:00,33490.9,12.87,8.29,40.6,145.0
2022-10-21 18:00:00+00:00,34572.7,12.96,8.33,0.0,158.11
2022-10-21 19:00:00+00:00,33740.8,12.61,7.99,0.0,152.29
2022-10-21 20:00:00+00:00,31838.5,12.88,8.24,0.0,143.52
2022-10-21 21:00:00+00:00,29855.3,12.34,7.48,0.0,152.65
2022-10-21 22:00:00+00:00,27766.1,12.65,7.32,0.0,142.87
2022-10-21 23:00:00+00:00,25802.5,12.34,6.56,0.0,121.99
2022-10-22 00:00:00+00:00,22948.5,10.36,6.73,0.0,106.71
2022-10-22 01:00:00+00:00,21728.3,11.35,5.47,0.0,123.44
2022-10-22 02:00:00+00:00,21761.7,10.57,5.66,0.0,99.34
2022-10-22 03:00:00+00:00,21487.6,11.23,5.51,0.0,95.92
2022-10-22 04:00:00+00:00,21500.2,11.2,5.73,0.0,110.67
2022-10-22 05:00:00+00:00,22273.4,11.99,4.5,0.0,107.56
2022-10-22 06:00:00+00:00,24187.1,11.89,5.14,0.0,111.17
2022-10-22 07:00:00+00:00,27239.3,12.74,4.99,57.2,144.47
2022-10-22 08:00:00+00:00,28509.4,13.16,5.26,54.5,155.69
2022-10-22 09:00:00+00:00,27580.0,14.74,3.89,110.8,134.99
2022-10-22 10:00:00+00:00,27438.3,15.61,3.07,161.4,139.49
2022-10-22 11:00:00+00:00,26917.2,16.73,2.96,130.8,148.35
2022-10-22 12:00:00+00:00,25607.4,15.87,4.24,162.6,114.83
2022-10-22 13:00:00+00:00,25159.5,16.16,4.79,190.3,124.12
2022-10-22 14:00:00+00:00,25591.4,16.57,5.0,160.4,132.82
2022-10-22 15:00:00+00:00,26311.0,16.67,4.38,164.2,113.4
2022-10-22 16:00:00+00:00,28445.8,17.01,3.65,70.6,135.83
2022-10-22 17:00:00+00:00,31569.9,16.34,4.03,62.5,150.36
2022-10-22 18:00:00+00:00,32147.1,15.76,4.73,0.0,165.49
2022-10-22 19:00:00+00:00,30134.0,15.71,5.0,0.0,144.51
2022-10-22 20:00:00+00:00,28942.4,13.47,6.44,0.0,153.02
2022-10-22 21:00:00+00:00,27243.4,12.94,5.94,0.0,125.06
2022-10-22 22:00:00+00:00,24687.2,11.85,6.13,0.0,114.24
2022-10-22 23:00:00+00:00,23443.9,10.48,4.85,0.0,121.34
2022-10-23 00:00:00+00:00,22836.2,9.84,5.12,0.0,104.36
2022-10-23 01:00:00+00:00,21731.4,10.01,6.36,0.0,99.33
2022-10-23 02:00:00+00:00,21383.2,10.22,5.58,0.0,107.84
2022-10-23 03:00:00+00:00,20834.9,9.92,6.31,0.0,125.11
2022-10-23 04:00:00+00:00,20313.3,10.43,7.47,0.0,88.51
2022-10-23 05:00:00+00:00,20975.8,11.12,6.91,0.0,75.91
2022-10-23 06:00:00+00:00,23848.2,11.41,7.28,0.0,113.85
2022-10-23 07:00:00+00:00,27362.6,11.48,8.5,53.1,120.68
2022-10-23 08:00:00+00:00,28969.1,11.7,8.61,95.1,128.64
2022-10-23 09:00:00+00:00,29791.6,12.88,9.14,84.9,125.43
2022-10-23 10:00:00+00:00,29331.8,13.51,7.65,98.9,139.48
2022-10-23 11:00:00+00:00,28705.4,13.5,8.08,183.2,116.0
2022-10-23 12:00:00+00:00,27917.2,13.02,8.43,117.3,119.68
2022-10-23 13:00:00+00:00,27032.4,13.94,7.32,185.7,114.39
2022-10-23 14:00:00+00:00,27332.6,13.84,6.55,214.7,117.27
2022-10-23 15:00:00+00:00,28084.3,14.08,7.05,83.1,124.25
2022-10-23 16:00:00+00:00,30009.5,14.66,6.81,84.9,151.39
2022-10-23 17:00:00+00:00,32873.1,13.5,7.69,61.3,168.12
2022-10-23 18:00:00+00:00,34495.7,12.94,7.9,0.0,186.69
2022-10-23 19:00:00+00:00,32544.4,12.16,7.9,0.0,156.94
2022-10-23 20:00:00+00:00,31023.2,11.61,7.72,0.0,149.75
2022-10-23 21:00:00+00:00,28847.2,11.53,7.91,0.0,136.25
2022-10-23 22:00:00+00:00,26954.7,9.88,8.49,0.0,110.95
2022-10-23 23:00:00+00:00,24487.7,9.45,8.84,0.0,111.04
2022-10-24 00:00:00+00:00,25692.0,9.25,8.41,0.0,109.03
2022-10-24 01:00:00+00:00,25213.3,8.59,9.31,0.0,109.88
2022-10-24 02:00:00+00:00,23682.9,8.14,9.71,0.0,81.08
2022-10-24 03:00:00+00:00,23785.3,8.22,9.88,0.0,97.99
2022-10-24 04:00:00+00:00,22955.7,8.46,9.8,0.0,100.58
2022-10-24 05:00:00+00:00,23496.7,9.04,10.05,0.0,83.14
2022-10-24 06:00:00+00:00,25861.8,9.77,8.47,0.0,108.06
2022-10-24 07:00:00+00:00,29832.8,9.71,8.58,51.4,127.27
2022-10-24 08:00:00+00:00,31147.8,10.96,9.79,61.3,127.95
2022-10-24 09:00:00+00:00,31479.8,12.35,9.82,171.4,139.98
2022-10-24 10:00:00+00:00,30769.3,13.13,9.74,146.9,125.72
2022-10-24 11:00:00+00:00,30566.5,12.86,9.14,104.4,120.06
2022-10-24 12:00:00+00:00,30141.0,13.34,9.42,185.9,111.6
2022-10-24 13:00:00+00:00,30145.0,13.86,9.15,138.6,104.21
2022-10-24 14:00:00+00:00,29591.9,13.4,10.06,121.2,109.99
2022-10-24 15:00:00+00:00,29651.5,13.24,9.23,101.4,111.37
2022-10-24 16:00:00+00:00,32366.6,12.25,8.77,81.4,132.04
2022-10-24 17:00:00+00:00,34583.3,12.3,8.21,36.0,159.5
2022-10-24 18:00:00+00:00,35666.7,11.9,9.58,0.0,154.53
2022-10-24 19:00:00+00:00,34957.7,10.27,9.31,0.0,160.97
2022-10-24 20:00:00+00:00,32704.4,9.76,8.76,0.0,155.57
2022-10-24 21:00:00+00:00,29998.9,8.94,7.04,0.0,147.97
2022-10-24 22:00:00+00:00,28452.6,8.48,6.33,0.0,141.69
2022-10-24 23:00:00+00:00,27130.0,7.51,6.77,0.0,103.8
2022-10-25 00:00:00+00:00,25862.2,6.26,7.19,0.0,114.23
2022-10-25 01:00:00+00:00,25508.0,5.34,6.67,0.0,132.41
2022-10-25 02:00:00+00:00,26083.6,4.74,6.22,0.0,146.85
2022-10-25 03:00:00+00:00,26196.7,4.68,7.72,0.0,126.18
2022-10-25 04:00:00+00:00,27124.6,4.9,9.79,0.0,113.05
2022-10-25 05:00:00+00:00,27324.6,5.12,10.55,0.0,101.22
2022-10-25 06:00:00+00:00,29557.9,5.37,11.59,0.0,129.81
2022-10-25 07:00:00+00:00,32378.8,5.82,12.75,28.5,124.38
2022-10-25 08:00:00+00:00,33096.4,8.09,14.19,111.3,113.97
2022-10-25 09:00:00+00:00,33308.0,8.4,13.6,135.3,130.69
2022-10-25 10:00:00+00:00,31735.6,8.86,12.58,143.4,83.83
2022-10-25 11:00:00+00:00,31374.8,11.58,13.73,166.8,103.86
2022-10-25 12:00:00+00:00,30046.9,12.41,12.64,208.6,84.71
2022-10-25 13:00:00+00:00,30163.4,12.01,11.56,105.4,118.98
2022-10-25 14:00:00+00:00,29615.6,12.8,10.54,197.6,125.16
2022-10-25 15:00:00+00:00,30119.2,12.32,10.26,78.6,127.01
2022-10-25 16:00:00+00:00,31695.9,12.75,8.55,80.2,160.36
2022-10-25 17:00:00+00:00,34403.4,12.29,7.35,33.7,168.8
2022-10-25 18:00:00+00:00,35900.7,11.52,6.85,0.0,195.27
2022-10-25 19:00:00+00:00,34661.3,11.84,5.92,0.0,162.49
2022-10-25 20:00:00+00:00,32547.5,11.41,6.8,0.0,163.02
2022-10-25 21:00:00+00:00,29914.2,11.16,6.82,0.0,131.78
2022-10-25 22:00:00+00:00,27219.7,10.58,7.28,0.0,130.19
2022-10-25 23:00:00+00:00,26436.8,9.51,7.63,0.0,116.55
2022-10-26 00:00:00+00:00,25310.0,9.05,7.44,0.0,112.04
2022-10-26 01:00:00+00:00,23625.0,9.22,8.19,0.0,97.7
2022-10-26 02:00:00+00:00,22936.3,8.91,8.48,0.0,104.6
2022-10-26 03:00:00+00:00,22425.5,9.79,8.16,0.0,94.7
2022-10-26 04:00:00+00:00,22104.9,10.28,6.78,0.0,100.14
2022-10-26 05:00:00+00:00,23409.8,10.57,7.2,0.0,103.98
2022-10-26 06:00:00+00:00,26373.2,11.06,6.21,0.0,134.15
2022-10-26 07:00:00+00:00,29140.5,11.63,6.54,52.9,135.73
2022-10-26 08:00:00+00:00,30246.4,11.46,6.63,67.3,132.01
2022-10-26 09:00:00+00:00,31194.4,12.08,5.58,123.3,159.95
2022-10-26 10:00:00+00:00,31462.4,12.88,5.86,177.7,142.14
2022-10-26 11:00:00+00:00,31505.1,13.25,6.06,93.8,154.51
2022-10-26 12:00:00+00:00,30817.3,13.98,6.26,140.0,150.8
2022-10-26 13:00:00+00:00,31002.5,14.38,6.41,130.8,133.42
2022-10-26 14:00:00+00:00,30494.7,15.04,5.93,168.0,132.8
2022-10-26 15:00:00+00:00,31832.4,15.44,6.45,131.5,134.51
2022-10-26 16:00:00+00:00,33725.5,15.32,5.94,104.2,161.4
2022-10-26 17:00:00+00:00,36477.4,14.09,5.15,43.9,200.56
2022-10-26 18:00:00+00:00,36367.9,14.6,5.77,0.0,188.87
2022-10-26 19:00:00+00:00,34381.8,13.78,6.56,0.0,187.04
2022-10-26 20:00:00+00:00,32456.7,12.9,7.06,0.0,161.92
2022-10-26 21:00:00+00:00,30502.9,11.81,6.9,0.0,142.12
2022-10-26 22:00:00+00:00,28176.9,10.64,5.38,0.0,135.19
2022-10-26 23:00:00+00:00,26220.1,10.76,6.62,0.0,139.38
2022-10-27 00:00:00+00:00,24913.3,10.73,5.11,0.0,293.64
2022-10-27 01:00:00+00:00,23548.0,10.39,5.67,0.0,110.87
2022-10-27 02:00:00+00:00,23485.6,9.89,7.38,0.0,104.37
2022-10-27 03:00:00+00:00,22776.7,10.03,7.48,0.0,93.77
2022-10-27 04:00:00+00:00,23107.1,10.04,7.68,0.0,73.84
2022-10-27 05:00:00+00:00,23787.7,10.09,7.95,0.0,102.61
2022-10-27 06:00:00+00:00,26169.2,10.64,8.05,0.0,102.99
2022-10-27 07:00:00+00:00,29281.5,10.87,9.84,41.8,117.83
2022-10-27 08:00:00+00:00,30429.3,11.63,9.04,104.3,115.54
2022-10-27 09:00:00+00:00,30905.5,12.41,8.18,135.5,131.52
2022-10-27 10:00:00+00:00,30580.5,13.43,7.86,140.9,122.77
2022-10-27 11:00:00+00:00,30081.1,13.66,9.18,91.9,126.82
2022-10-27 12:00:00+00:00,29338.7,14.6,8.62,224.4,122.09
2022-10-27 13:00:00+00:00,29145.3,14.41,8.88,215.2,116.39
2022-10-27 14:00:00+00:00,28979.6,14.27,9.62,140.1,98.91
2022-10-27 15:00:00+00:00,29876.1,13.97,10.1,97.6,102.84
2022-10-27 16:00:00+00:00,31475.9,13.15,10.74,53.1,115.99
2022-10-27 17:00:00+00:00,33750.9,13.4,11.66,25.5,149.71
2022-10-27 18:00:00+00:00,34865.4,12.27,11.67,0.0,169.81
2022-10-27 19:00:00+00:00,33912.3,11.18,11.08,0.0,138.66
2022-10-27 20:00:00+00:00,32014.5,11.18,10.99,0.0,124.23
2022-10-27 21:00:00+00:00,29868.4,10.0,10.53,0.0,137.95
2022-10-27 22:00:00+00:00,28227.9,9.07,12.32,0.0,100.35
2022-10-27 23:00:00+00:00,27978.8,7.7,11.64,0.0,105.92
2022-10-28 00:00:00+00:00,26811.7,7.42,11.78,0.0,100.53
2022-10-28 01:00:00+00:00,25087.9,7.41,10.37,0.0,89.33
2022-10-28 02:00:00+00:00,24291.0,7.51,10.31,0.0,83.98
2022-10-28 03:00:00+00:00,23787.3,7.67,9.92,0.0,90.02
2022-10-28 04:00:00+00:00,23788.9,7.74,10.3,0.0,84.62
2022-10-28 05:00:00+00:00,25430.8,7.66,10.68,0.0,78.69
2022-10-28 06:00:00+00:00,27039.6,7.59,11.61,0.0,92.16
2022-10-28 07:00:00+00:00,29813.9,8.94,12.42,30.2,109.82
2022-10-28 08:00:00+00:00,31877.8,10.06,12.1,89.5,115.5
2022-10-28 09:00:00+00:00,32891.6,10.35,11.11,134.4,134.21
2022-10-28 10:00:00+00:00,32937.5,11.09,10.25,160.6,124.43
2022-10-28 11:00:00+00:00,31957.1,11.57,10.33,95.2,148.76
2022-10-28 12:00:00+00:00,32253.8,11.47,10.29,220.5,124.13
2022-10-28 13:00:00+00:00,31397.3,12.02,10.32,156.3,123.63
2022-10-28 14:00:00+00:00,31528.9,12.04,9.74,147.5,122.3
2022-10-28 15:00:00+00:00,32213.3,11.55,10.73,67.2,129.33
2022-10-28 16:00:00+00:00,34204.0,10.55,9.39,45.3,133.82
2022-10-28 17:00:00+00:00,36664.8,9.33,8.81,27.4,171.9
2022-10-28 18:00:00+00:00,38664.9,8.68,7.87,0.0,210.58
2022-10-28 19:00:00+00:00,36217.3,8.06,7.67,0.0,186.28
2022-10-28 20:00:00+00:00,34348.1,6.87,8.61,0.0,144.69
2022-10-28 21:00:00+00:00,31636.1,6.55,8.3,0.0,149.27
2022-10-28 22:00:00+00:00,29624.2,5.79,8.32,0.0,138.66
2022-10-28 23:00:00+00:00,28134.1,5.47,8.77,0.0,137.98
2022-10-29 00:00:00+00:00,24746.7,4.64,8.42,0.0,96.47
2022-10-29 01:00:00+00:00,23684.3,3.74,8.65,0.0,119.59
2022-10-29 02:00:00+00:00,22646.7,3.56,8.76,0.0,91.01
2022-10-29 03:00:00+00:00,23047.9,2.75,7.79,0.0,89.24
2022-10-29 04:00:00+00:00,23060.3,3.25,7.39,0.0,83.45
2022-10-29 05:00:00+00:00,24658.3,3.05,7.64,0.0,106.75
2022-10-29 06:00:00+00:00,26470.2,4.16,8.62,0.0,115.62
2022-10-29 07:00:00+00:00,29501.4,4.63,9.54,39.9,112.46
2022-10-29 08:00:00+00:00,31151.8,6.06,11.05,49.7,131.14
2022-10-29 09:00:00+00:00,31892.6,6.2,11.23,99.8,130.03
2022-10-29 10:00:00+00:00,31765.0,6.63,10.69,170.4,121.88
2022-10-29 11:00:00+00:00,30963.8,7.66,10.46,122.4,113.11
2022-10-29 12:00:00+00:00,30308.5,9.04,10.19,182.7,115.02
2022-10-29 13:00:00+00:00,28783.5,10.56,9.72,116.1,131.46
2022-10-29 14:00:00+00:00,28261.3,10.89,9.88,112.6,100.01
2022-10-29 15:00:00+00:00,28268.0,12.1,10.07,92.7,92.11
2022-10-29 16:00:00+00:00,30852.5,11.8,9.0,52.4,130.14
2022-10-29 17:00:00+00:00,32692.1,12.14,9.75,34.4,134.02
2022-10-29 18:00:00+00:00,33535.0,11.06,8.18,0.0,139.61
2022-10-29 19:00:00+00:00,32335.6,10.66,7.94,0.0,156.27
2022-10-29 20:00:00+00:00,31591.9,8.51,8.8,0.0,129.93
2022-10-29 21:00:00+00:00,30288.4,7.07,9.18,0.0,118.97
2022-10-29 22:00:00+00:00,27909.6,6.61,8.79,0.0,129.21
2022-10-29 23:00:00+00:00,27092.5,5.12,10.24,0.0,122.28
2022-10-30 00:00:00+00:00,25032.5,4.67,9.74,0.0,124.5
2022-10-30 01:00:00+00:00,24236.7,4.78,8.03,0.0,87.46
2022-10-30 02:00:00+00:00,23615.9,4.2,8.34,0.0,101.59
2022-10-30 03:00:00+00:00,23796.5,3.55,6.88,0.0,92.58
2022-10-30 04:00:00+00:00,24504.0,3.41,6.23,0.0,115.02
2022-10-30 05:00:00+00:00,25708.3,3.18,6.76,0.0,117.12
2022-10-30 06:00:00+00:00,27802.9,3.67,6.41,0.0,111.7
2022-10-30 07:00:00+00:00,30212.8,4.42,6.89,22.7,148.6
2022-10-30 08:00:00+00:00,32476.6,5.02,5.99,87.3,157.09
2022-10-30 09:00:00+00:00,32322.6,6.87,6.72,128.5,155.34
2022-10-30 10:00:00+00:00,32081.8,7.26,5.41,110.5,143.59
2022-10-30 11:00:00+00:00,31673.8,8.86,6.52,114.0,168.63
2022-10-30 12:00:00+00:00,30863.4,8.88,6.17,106.2,147.69
2022-10-30 13:00:00+00:00,29761.5,9.44,7.41,116.4,134.33
2022-10-30 14:00:00+00:00,29366.8,10.49,6.73,174.8,141.88
2022-10-30 15:00:00+00:00,29983.4,11.28,8.25,64.1,131.39
2022-10-30 16:00:00+00:00,31637.1,10.92,7.44,71.7,136.32
2022-10-30 17:00:00+00:00,33951.1,10.96,6.01,30.8,180.68
2022-10-30 18:00:00+00:00,33992.5,10.73,6.1,0.0,170.27
2022-10-30 19:00:00+00:00,33392.0,9.76,7.11,0.0,172.37
2022-10-30 20:00:00+00:00,30791.5,9.4,7.72,0.0,142.62
2022-10-30 21:00:00+00:00,28303.2,9.73,8.59,0.0,145.84
2022-10-30 22:00:00+00:00,26225.1,9.19,9.15,0.0,108.09
2022-10-30 23:00:00+00:00,24308.0,8.75,8.4,0.0,94.78
2022-10-31 00:00:00+00:00,24657.9,8.33,8.93,0.0,103.65
2022-10-31 01:00:00+00:00,23670.8,6.9,8.9,0.0,89.73
2022-10-31 02:00:00+00:00,23433.9,6.83,8.25,0.0,87.84
2022-10-31 03:00:00+00:00,24323.1,6.07,8.33,0.0,114.89
2022-10-31 04:00:00+00:00,25413.8,5.78,8.22,0.0,95.79
2022-10-31 05:00:00+00:00,26095.9,7.36,9.27,0.0,117.28
2022-10-31 06:00:00+00:00,28358.5,7.62,8.75,0.0,139.34
2022-10-31 07:00:00+00:00,31570.5,7.74,8.22,48.9,138.48
2022-10-31 08:00:00+00:00,33292.3,9.12,7.62,74.2,156.36
2022-10-31 09:00:00+00:00,33647.4,9.27,9.07,106.5,137.27
2022-10-31 10:00:00+00:00,33334.4,9.74,8.46,84.2,160.03
2022-10-31 11:00:00+00:00,32401.7,11.18,9.4,96.5,248.47
2022-10-31 12:00:00+00:00,32170.6,11.78,8.48,136.0,147.72
2022-10-31 13:00:00+00:00,30930.8,11.26,8.8,191.1,124.65
2022-10-31 14:00:00+00:00,30357.0,11.87,8.92,95.3,118.91
2022-10-31 15:00:00+00:00,30857.8,11.7,9.78,100.8,118.31
2022-10-31 16:00:00+00:00,31432.0,12.5,10.5,45.6,133.74
2022-10-31 17:00:00+00:00,34630.0,11.79,10.39,31.2,137.73
2022-10-31 18:00:00+00:00,35978.7,11.91,9.8,0.0,168.64
2022-10-31 19:00:00+00:00,33365.4,12.29,10.93,0.0,143.05
2022-10-31 20:00:00+00:00,31684.1,10.98,10.23,0.0,131.04
2022-10-31 21:00:00+00:00,29897.6,10.02,8.3,0.0,139.58
2022-10-31 22:00:00+00:00,27457.7,9.41,6.78,0.0,120.25
2022-10-31 23:00:00+00:00,25999.8,8.11,5.53,0.0,123.47
2022-11-01 00:00:00+00:00,25023.3,7.46,6.07,0.0,113.58
2022-11-01 01:00:00+00:00,24569.3,6.8,7.85,0.0,92.41
2022-11-01 02:00:00+00:00,24838.6,6.3,6.21,0.0,112.2
2022-11-01 03:00:00+00:00,24814.3,6.19,5.64,0.0,102.8
2022-11-01 04:00:00+00:00,24601.1,6.29,5.77,0.0,110.86
2022-11-01 05:00:00+00:00,26053.6,6.65,7.04,0.0,100.99
2022-11-01 06:00:00+00:00,28651.7,6.73,6.42,0.0,126.97
2022-11-01 07:00:00+00:00,30143.3,6.98,6.92,31.2,132.01
2022-11-01 08:00:00+00:00,32452.3,7.62,6.72,75.7,157.06
2022-11-01 09:00:00+00:00,32875.6,8.35,8.78,85.9,134.01
2022-11-01 10:00:00+00:00,32784.7,8.85,8.8,73.3,131.32
2022-11-01 11:00:00+00:00,31356.0,9.76,8.99,148.1,125.0
2022-11-01 12:00:00+00:00,32123.1,9.27,8.96,169.4,151.06
2022-11-01 13:00:00+00:00,31633.8,9.33,8.53,117.9,118.5
2022-11-01 14:00:00+00:00,31574.8,9.5,9.2,96.0,139.72
2022-11-01 15:00:00+00:00,31315.6,9.12,8.18,80.3,141.31
2022-11-01 16:00:00+00:00,33028.3,10.05,6.56,62.0,179.04
2022-11-01 17:00:00+00:00,35750.9,9.78,6.46,35.8,179.82
2022-11-01 18:00:00+00:00,36651.8,9.43,7.13,0.0,181.71
2022-11-01 19:00:00+00:00,34874.1,8.53,6.67,0.0,173.46
2022-11-01 20:00:00+00:00,33103.5,7.82,6.83,0.0,161.21
2022-11-01 21:00:00+00:00,31212.5,6.34,5.88,0.0,162.34
2022-11-01 22:00:00+00:00,28961.6,5.51,6.77,0.0,131.66
2022-11-01 23:00:00+00:00,28334.6,4.27,7.29,0.0,160.79
2022-11-02 00:00:00+00:00,27539.3,3.41,7.29,0.0,134.23
2022-11-02 01:00:00+00:00,27066.9,1.46,7.41,0.0,120.25
2022-11-02 02:00:00+00:00,26294.0,0.59,6.3,0.0,121.01
2022-11-02 03:00:00+00:00,25757.5,1.49,5.28,0.0,125.61
2022-11-02 04:00:00+00:00,25830.9,2.19,5.27,0.0,125.81
2022-11-02 05:00:00+00:00,26242.9,3.36,5.76,0.0,132.51
2022-11-02 06:00:00+00:00,28780.7,4.72,6.26,0.0,141.56
2022-11-02 07:00:00+00:00,31884.0,5.77,6.02,44.4,169.98
2022-11-02 08:00:00+00:00,33094.3,6.24,6.65,92.5,146.13
2022-11-02 09:00:00+00:00,33824.0,6.41,7.78,116.2,151.95
2022-11-02 10:00:00+00:00,32397.9,7.91,7.67,75.1,137.55
2022-11-02 11:00:00+00:00,32094.9,8.69,7.88,105.1,137.43
2022-11-02 12:00:00+00:00,31427.3,10.82,7.67,173.2,129.22
2022-11-02 13:00:00+00:00,30238.2,11.05,7.54,79.1,142.55
2022-11-02 14:00:00+00:00,29493.1,12.51,7.64,122.3,120.18
2022-11-02 15:00:00+00:00,29950.6,12.46,8.94,107.7,137.33
2022-11-02 16:00:00+00:00,32858.6,13.11,9.56,88.7,153.36
2022-11-02 17:00:00+00:00,35958.5,13.75,10.08,45.5,164.89
2022-11-02 18:00:00+00:00,37051.1,12.56,9.57,0.0,158.9
2022-11-02 19:00:00+00:00,35276.6,11.56,8.74,0.0,178.5
2022-11-02 20:00:00+00:00,33600.8,10.15,8.96,0.0,148.6
2022-11-02 21:00:00+00:00,32401.6,8.58,9.83,0.0,137.63
2022-11-02 22:00:00+00:00,29139.6,8.18,11.04,0.0,120.03
2022-11-02 23:00:00+00:00,26673.8,7.3,8.92,0.0,102.92
2022-11-03 00:00:00+00:00,25386.0,6.54,10.74,0.0,106.43
2022-11-03 01:00:00+00:00,24812.1,6.37,10.87,0.0,97.72
2022-11-03 02:00:00+00:00,25239.1,4.91,11.39,0.0,119.22
2022-11-03 03:00:00+00:00,24896.0,5.57,9.81,0.0,98.97
2022-11-03 04:00:00+00:00,25716.0,5.44,9.49,0.0,101.31
2022-11-03 05:00:00+00:00,26482.1,6.03,10.0,0.0,124.47
2022-11-03 06:00:00+00:00,28365.5,6.85,8.94,0.0,102.83
2022-11-03 07:00:00+00:00,30963.3,8.25,6.58,22.7,150.42
2022-11-03 08:00:00+00:00,33238.3,8.84,6.86,64.0,155.91
2022-11-03 09:00:00+00:00,34026.7,8.28,6.83,67.5,174.22
2022-11-03 10:00:00+00:00,33479.5,9.07,7.97,90.7,181.88
2022-11-03 11:00:00+00:00,32893.6,9.9,7.79,115.1,139.71
2022-11-03 12:00:00+00:00,33083.0,9.87,7.69,134.7,158.31
2022-11-03 13:00:00+00:00,31852.3,10.43,8.2,123.9,151.29
2022-11-03 14:00:00+00:00,31149.7,10.51,8.95,74.5,145.8
2022-11-03 15:00:00+00:00,31406.5,9.8,8.29,83.8,139.47
2022-11-03 16:00:00+00:00,33415.0,10.12,8.97,41.1,155.65
2022-11-03 17:00:00+00:00,35601.1,9.5,8.46,27.7,155.78
2022-11-03 18:00:00+00:00,37044.4,8.79,8.4,0.0,194.01
2022-11-03 19:00:00+00:00,35147.2,7.92,8.86,0.0,151.62
2022-11-03 20:00:00+00:00,32989.7,7.97,9.42,0.0,136.68
2022-11-03 21:00:00+00:00,31250.4,7.18,9.55,0.0,132.41
2022-11-03 22:00:00+00:00,30002.3,6.47,8.58,0.0,127.29
2022-11-03 23:00:00+00:00,28909.4,5.49,7.04,0.0,139.09
2022-11-04 00:00:00+00:00,27554.6,5.03,6.89,0.0,124.25
2022-11-04 01:00:00+00:00,25889.0,5.37,7.65,0.0,104.57
2022-11-04 02:00:00+00:00,24922.5,5.44,7.97,0.0,94.52
2022-11-04 03:00:00+00:00,24042.5,5.73,8.11,0.0,111.56
2022-11-04 04:00:00+00:00,25034.2,6.15,8.05,0.0,111.22
2022-11-04 05:00:00+00:00,26069.4,5.58,8.24,0.0,98.1
2022-11-04 06:00:00+00:00,29303.8,5.5,7.4,0.0,141.42
2022-11-04 07:00:00+00:00,32032.9,6.0,7.99,37.1,142.34
2022-11-04 08:00:00+00:00,33575.3,6.28,8.6,80.1,132.6
2022-11-04 09:00:00+00:00,34080.7,6.43,8.25,66.9,141.88
2022-11-04 10:00:00+00:00,34671.3,6.11,8.53,97.0,164.3
2022-11-04 11:00:00+00:00,33826.7,6.09,7.11,150.9,166.34
2022-11-04 12:00:00+00:00,33487.6,6.64,7.24,127.5,158.77
2022-11-04 13:00:00+00:00,32579.7,7.17,7.13,142.8,138.47
2022-11-04 14:00:00+00:00,32425.5,7.08,8.1,106.5,147.34
2022-11-04 15:00:00+00:00,32447.2,7.32,7.89,107.8,148.27
2022-11-04 16:00:00+00:00,34131.7,7.05,8.53,74.5,127.41
2022-11-04 17:00:00+00:00,36584.1,7.51,8.15,28.5,178.32
2022-11-04 18:00:00+00:00,36995.3,7.01,6.3,0.0,188.88
2022-11-04 19:00:00+00:00,36249.8,6.88,6.16,0.0,206.68
2022-11-04 20:00:00+00:00,34341.3,6.34,6.36,0.0,190.6
2022-11-04 21:00:00+00:00,32527.9,4.78,6.51,0.0,158.22
2022-11-04 22:00:00+00:00,30581.0,4.03,6.66,0.0,150.92
2022-11-04 23:00:00+00:00,28963.5,2.64,6.28,0.0,140.04
2022-11-05 00:00:00+00:00,25908.7,1.92,6.06,0.0,116.95
2022-11-05 01:00:00+00:00,25083.5,1.1,5.23,0.0,107.53
2022-11-05 02:00:00+00:00,25045.9,1.13,3.76,0.0,122.19
2022-11-05 03:00:00+00:00,25074.1,0.32,3.84,0.0,124.06
2022-11-05 04:00:00+00:00,24673.8,0.55,3.41,0.0,140.43
2022-11-05 05:00:00+00:00,25860.7,1.31,4.44,0.0,132.19
2022-11-05 06:00:00+00:00,28117.0,2.44,2.86,0.0,146.45
2022-11-05 07:00:00+00:00,30200.3,2.68,3.29,39.6,152.03
2022-11-05 08:00:00+00:00,31217.8,3.51,5.14,87.1,156.5
2022-11-05 09:00:00+00:00,32511.1,4.49,5.09,111.9,155.19
2022-11-05 10:00:00+00:00,31629.3,6.27,5.18,127.8,140.84
2022-11-05 11:00:00+00:00,31220.6,6.16,5.6,132.1,137.01
2022-11-05 12:00:00+00:00,30864.4,6.32,6.07,138.6,158.8
2022-11-05 13:00:00+00:00,29137.6,8.57,5.8,126.1,131.91
2022-11-05 14:00:00+00:00,28044.9,8.74,5.07,145.0,140.19
2022-11-05 15:00:00+00:00,28432.5,7.76,5.67,70.9,115.89
2022-11-05 16:00:00+00:00,30362.1,7.38,4.25,87.9,163.4
2022-11-05 17:00:00+00:00,33526.0,5.5,5.04,35.3,177.86
2022-11-05 18:00:00+00:00,34422.9,5.3,4.83,0.0,188.02
2022-11-05 19:00:00+00:00,32538.9,5.29,4.94,0.0,151.21
2022-11-05 20:00:00+00:00,30993.2,4.12,4.63,0.0,159.89
2022-11-05 21:00:00+00:00,30090.7,3.18,5.87,0.0,139.27
2022-11-05 22:00:00+00:00,27596.1,3.09,6.12,0.0,119.41
2022-11-05 23:00:00+00:00,26545.6,1.41,5.91,0.0,107.11
2022-11-06 00:00:00+00:00,26705.5,0.0,5.69,0.0,117.28
2022-11-06 01:00:00+00:00,25380.9,-0.46,5.64,0.0,108.86
2022-11-06 02:00:00+00:00,26453.8,-1.06,7.59,0.0,124.15
2022-11-06 03:00:00+00:00,26380.4,-1.18,6.53,0.0,115.49
2022-11-06 04:00:00+00:00,26647.4,-1.67,7.4,0.0,116.89
2022-11-06 05:00:00+00:00,27293.4,-1.07,7.82,0.0,132.02
2022-11-06 06:00:00+00:00,29938.7,-0.51,8.98,0.0,130.3
2022-11-06 07:00:00+00:00,31963.6,0.61,9.38,45.7,129.15
2022-11-06 08:00:00+00:00,33062.1,1.6,9.26,87.3,142.56
2022-11-06 09:00:00+00:00,33924.8,2.65,9.95,104.2,132.93
2022-11-06 10:00:00+00:00,33543.3,2.69,9.98,112.1,120.16
2022-11-06 11:00:00+00:00,32463.4,3.87,10.42,156.1,129.41
2022-11-06 12:00:00+00:00,31593.7,4.43,11.37,107.6,125.3
2022-11-06 13:00:00+00:00,29940.3,4.96,11.22,108.5,107.67
2022-11-06 14:00:00+00:00,29874.8,6.03,10.68,82.1,112.72
2022-11-06 15:00:00+00:00,30291.8,5.82,9.99,70.8,116.81
2022-11-06 16:00:00+00:00,32304.0,6.66,10.19,43.6,149.44
2022-11-06 17:00:00+00:00,34317.2,7.33,9.35,42.6,153.67
2022-11-06 18:00:00+00:00,34978.9,7.38,8.95,0.0,158.53
2022-11-06 19:00:00+00:00,33632.2,6.22,8.1,0.0,166.01
2022-11-06 20:00:00+00:00,32656.4,4.26,8.44,0.0,159.19
2022-11-06 21:00:00+00:00,30196.8,4.24,7.78,0.0,141.83
2022-11-06 22:00:00+00:00,28274.6,3.62,6.74,0.0,141.16
2022-11-06 23:00:00+00:00,26925.2,2.53,5.88,0.0,133.56
2022-11-07 00:00:00+00:00,27450.3,2.58,5.49,0.0,133.74
2022-11-07 01:00:00+00:00,26503.5,1.66,5.19,0.0,139.1
2022-11-07 02:00:00+00:00,26210.5,1.19,5.48,0.0,116.5
2022-11-07 03:00:00+00:00,25754.2,1.49,5.43,0.0,113.82
2022-11-07 04:00:00+00:00,27199.4,1.0,5.8,0.0,134.99
2022-11-07 05:00:00+00:00,28294.8,1.33,6.21,0.0,127.58
2022-11-07 06:00:00+00:00,30052.0,2.55,6.83,0.0,149.77
2022-11-07 07:00:00+00:00,32523.4,3.37,5.34,43.9,163.71
2022-11-07 08:00:00+00:00,33625.6,4.91,4.55,75.7,190.54
2022-11-07 09:00:00+00:00,33395.4,6.4,5.1,83.9,154.96
2022-11-07 10:00:00+00:00,32785.4,7.2,5.36,64.8,170.45
2022-11-07 11:00:00+00:00,33131.3,6.54,6.21,144.3,147.95
2022-11-07 12:00:00+00:00,33564.2,6.56,5.04,171.2,162.78
2022-11-07 13:00:00+00:00,32275.3,7.57,4.77,163.2,161.44
2022-11-07 14:00:00+00:00,32344.1,7.01,4.65,126.8,161.78
2022-11-07 15:00:00+00:00,32276.4,7.0,4.89,98.5,163.17
2022-11-07 16:00:00+00:00,34053.1,7.19,5.03,41.7,176.33
2022-11-07 17:00:00+00:00,35604.8,7.86,5.49,20.6,178.02
2022-11-07 18:00:00+00:00,36524.9,7.09,5.48,0.0,196.06
2022-11-07 19:00:00+00:00,35150.6,6.14,6.63,0.0,182.12
2022-11-07 20:00:00+00:00,33458.1,5.46,7.97,0.0,152.28
2022-11-07 21:00:00+00:00,31203.5,4.96,7.05,0.0,139.23
2022-11-07 22:00:00+00:00,28354.1,4.16,7.08,0.0,132.51
2022-11-07 23:00:00+00:00,26352.7,4.13,7.7,0.0,116.5
2022-11-08 00:00:00+00:00,25970.9,2.94,8.12,0.0,93.77
2022-11-08 01:00:00+00:00,24919.5,2.59,7.75,0.0,107.8
2022-11-08 02:00:00+00:00,24421.0,2.61,7.91,0.0,93.6
2022-11-08 03:00:00+00:00,24701.7,2.31,6.63,0.0,91.06
2022-11-08 04:00:00+00:00,24638.0,2.96,6.63,0.0,113.74
2022-11-08 05:00:00+00:00,25919.5,3.38,5.51,0.0,111.46
2022-11-08 06:00:00+00:00,29138.4,4.36,5.98,0.0,153.19
2022-11-08 07:00:00+00:00,31672.7,5.11,5.16,43.4,164.64
2022-11-08 08:00:00+00:00,33043.1,6.07,5.38,69.5,164.4
2022-11-08 09:00:00+00:00,33702.8,6.47,5.71,61.0,178.62
2022-11-08 10:00:00+00:00,33176.5,6.88,5.83,89.1,168.48
2022-11-08 11:00:00+00:00,32118.8,8.36,5.39,74.2,146.96
2022-11-08 12:00:00+00:00,31505.1,9.37,5.31,80.4,162.34
2022-11-08 13:00:00+00:00,31145.5,9.22,6.32,115.8,135.2
2022-11-08 14:00:00+00:00,30328.7,9.64,6.02,126.0,147.2
2022-11-08 15:00:00+00:00,31512.2,8.32,6.09,62.6,145.1
2022-11-08 16:00:00+00:00,34215.2,7.92,5.7,51.1,155.82
2022-11-08 17:00:00+00:00,35532.6,8.25,6.56,26.9,177.67
2022-11-08 18:00:00+00:00,36900.4,7.74,6.64,0.0,178.26
2022-11-08 19:00:00+00:00,35595.6,7.23,6.06,0.0,189.17
2022-11-08 20:00:00+00:00,34352.7,4.73,6.12,0.0,183.68
2022-11-08 21:00:00+00:00,32810.4,3.81,5.97,0.0,144.84
2022-11-08 22:00:00+00:00,31232.2,3.33,7.11,0.0,146.47
2022-11-08 23:00:00+00:00,29575.6,2.97,7.07,0.0,143.24
2022-11-09 00:00:00+00:00,28733.6,2.87,5.99,0.0,138.78
2022-11-09 01:00:00+00:00,27550.0,2.32,6.43,0.0,129.49
2022-11-09 02:00:00+00:00,27108.4,1.98,7.85,0.0,120.37
2022-11-09 03:00:00+00:00,26742.6,1.13,8.75,0.0,94.62
2022-11-09 04:00:00+00:00,26972.6,1.19,7.8,0.0,133.11
2022-11-09 05:00:00+00:00,28138.2,0.82,7.55,0.0,132.07
2022-11-09 06:00:00+00:00,30768.4,0.28,7.49,0.0,135.0
2022-11-09 07:00:00+00:00,32959.7,0.39,7.46,21.9,145.78
2022-11-09 08:00:00+00:00,33711.9,2.16,7.73,39.6,163.67
2022-11-09 09:00:00+00:00,34772.7,2.89,7.42,70.9,163.38
2022-11-09 10:00:00+00:00,35066.2,3.92,6.69,95.7,168.34
2022-11-09 11:00:00+00:00,33706.8,4.44,7.45,148.0,154.19
2022-11-09 12:00:00+00:00,33371.1,4.1,6.55,127.5,155.24
2022-11-09 13:00:00+00:00,32109.2,5.29,5.94,155.8,127.81
2022-11-09 14:00:00+00:00,32424.3,4.4,5.11,98.4,153.01
2022-11-09 15:00:00+00:00,32824.5,4.33,5.68,81.4,163.2
2022-11-09 16:00:00+00:00,35015.6,4.36,5.83,49.4,178.69
2022-11-09 17:00:00+00:00,36823.7,4.36,6.58,19.6,176.44
2022-11-09 18:00:00+00:00,38304.6,3.6,5.99,0.0,194.3
2022-11-09 19:00:00+00:00,37324.7,2.03,5.06,0.0,205.42
2022-11-09 20:00:00+00:00,35369.9,1.02,4.81,0.0,197.45
2022-11-09 21:00:00+00:00,33998.6,-0.01,4.78,0.0,178.63
2022-11-09 22:00:00+00:00,31952.5,-1.05,5.05,0.0,170.44
2022-11-09 23:00:00+00:00,30159.8,-0.98,3.83,0.0,160.91
2022-11-10 00:00:00+00:00,30122.8,-2.27,4.37,0.0,161.3
2022-11-10 01:00:00+00:00,28927.4,-2.36,3.8,0.0,150.02
2022-11-10 02:00:00+00:00,29151.0,-2.37,3.45,0.0,147.29
2022-11-10 03:00:00+00:00,27332.6,-1.71,4.55,0.0,154.97
2022-11-10 04:00:00+00:00,27592.2,-1.53,2.96,0.0,164.57
2022-11-10 05:00:00+00:00,27965.2,-0.6,3.42,0.0,146.62
2022-11-10 06:00:00+00:00,29874.8,-0.08,3.85,0.0,159.44
2022-11-10 07:00:00+00:00,32373.3,0.94,3.36,40.7,171.84
2022-11-10 08:00:00+00:00,34812.2,0.88,3.2,33.7,186.68
2022-11-10 09:00:00+00:00,35558.9,0.23,4.34,88.2,181.47
2022-11-10 10:00:00+00:00,34691.6,1.42,6.01,79.7,178.63
2022-11-10 11:00:00+00:00,34430.0,2.59,6.89,99.2,148.46
2022-11-10 12:00:00+00:00,33277.2,3.66,8.37,74.7,139.87
2022-11-10 13:00:00+00:00,33486.1,3.98,7.76,134.8,155.52
2022-11-10 14:00:00+00:00,32081.9,5.33,6.49,101.8,148.86
2022-11-10 15:00:00+00:00,32379.0,5.28,6.47,101.7,161.81
2022-11-10 16:00:00+00:00,35050.8,5.56,7.13,38.6,166.97
2022-11-10 17:00:00+00:00,37154.5,5.74,5.67,42.5,190.02
2022-11-10 18:00:00+00:00,37957.1,6.4,5.01,0.0,195.82
2022-11-10 19:00:00+00:00,36621.2,5.66,4.47,0.0,206.28
2022-11-10 20:00:00+00:00,34871.5,4.62,4.88,0.0,188.76
2022-11-10 21:00:00+00:00,32972.3,3.03,5.16,0.0,155.83
2022-11-10 22:00:00+00:00,30721.3,3.29,4.65,0.0,162.59
2022-11-10 23:00:00+00:00,29663.4,2.9,4.91,0.0,158.97
2022-11-11 00:00:00+00:00,27620.7,2.49,4.12,0.0,140.27
2022-11-11 01:00:00+00:00,25529.7,3.94,3.93,0.0,136.05
2022-11-11 02:00:00+00:00,24865.2,3.84,3.09,0.0,142.61
2022-11-11 03:00:00+00:00,24669.1,2.95,3.17,0.0,127.0
2022-11-11 04:00:00+00:00,25469.4,2.95,2.74,0.0,138.55
2022-11-11 05:00:00+00:00,26609.0,2.69,3.49,0.0,133.1
2022-11-11 06:00:00+00:00,29084.2,2.96,3.64,0.0,157.25
2022-11-11 07:00:00+00:00,32702.2,3.39,3.63,21.9,162.64
2022-11-11 08:00:00+00:00,33486.7,3.81,5.19,61.3,172.23
2022-11-11 09:00:00+00:00,34352.9,3.81,5.58,72.6,183.2
2022-11-11 10:00:00+00:00,33678.5,5.62,5.36,87.1,155.09
2022-11-11 11:00:00+00:00,33029.3,6.57,4.98,136.5,171.85
2022-11-11 12:00:00+00:00,32185.1,7.1,4.16,156.9,156.22
2022-11-11 13:00:00+00:00,31175.2,8.08,4.25,80.3,149.1
2022-11-11 14:00:00+00:00,30779.0,8.69,4.63,90.1,148.3
2022-11-11 15:00:00+00:00,30999.3,8.98,3.25,81.9,160.08
2022-11-11 16:00:00+00:00,33096.6,9.31,2.37,43.9,175.88
2022-11-11 17:00:00+00:00,35109.2,9.09,2.2,26.6,205.46
2022-11-11 18:00:00+00:00,35525.4,9.02,1.58,0.0,199.07
2022-11-11 19:00:00+00:00,33410.3,8.84,1.89,0.0,190.63
2022-11-11 20:00:00+00:00,31976.9,8.19,2.28,0.0,197.88
2022-11-11 21:00:00+00:00,30844.6,7.25,2.42,0.0,167.41
2022-11-11 22:00:00+00:00,28020.5,7.37,3.08,0.0,143.74
2022-11-11 23:00:00+00:00,26279.9,6.32,2.82,0.0,135.76
2022-11-12 00:00:00+00:00,24232.0,5.77,2.99,0.0,137.47
2022-11-12 01:00:00+00:00,23775.5,5.49,2.41,0.0,125.75
2022-11-12 02:00:00+00:00,23984.8,4.78,2.86,0.0,128.1
2022-11-12 03:00:00+00:00,23909.1,4.15,3.13,0.0,116.55
2022-11-12 04:00:00+00:00,24409.1,4.02,2.39,0.0,127.56
2022-11-12 05:00:00+00:00,25286.4,4.01,2.49,0.0,144.81
2022-11-12 06:00:00+00:00,27066.9,3.61,2.69,0.0,130.17
2022-11-12 07:00:00+00:00,29376.0,3.86,3.13,19.2,137.08
2022-11-12 08:00:00+00:00,30971.2,4.77,3.57,47.5,154.96
2022-11-12 09:00:00+00:00,31506.8,6.33,3.18,108.4,156.87
2022-11-12 10:00:00+00:00,31016.1,7.44,3.96,67.0,153.93
2022-11-12 11:00:00+00:00,31331.5,6.6,4.52,71.3,152.74
2022-11-12 12:00:00+00:00,30555.7,7.65,4.08,156.4,146.85
2022-11-12 13:00:00+00:00,30006.1,7.81,3.33,96.2,147.66
2022-11-12 14:00:00+00:00,29776.8,8.42,3.01,66.4,167.88
2022-11-12 15:00:00+00:00,30524.2,8.54,2.06,81.4,171.03
2022-11-12 16:00:00+00:00,32321.2,8.35,2.47,32.0,173.72
2022-11-12 17:00:00+00:00,35531.0,8.02,3.62,26.6,197.42
2022-11-12 18:00:00+00:00,36175.2,7.56,4.9,0.0,161.28
2022-11-12 19:00:00+00:00,34949.6,7.77,4.15,0.0,187.2
2022-11-12 20:00:00+00:00,33078.7,7.04,4.91,0.0,177.08
2022-11-12 21:00:00+00:00,29899.7,6.92,5.08,0.0,142.83
2022-11-12 22:00:00+00:00,28146.2,6.69,3.31,0.0,152.86
2022-11-12 23:00:00+00:00,25879.8,6.34,3.23,0.0,128.01
2022-11-13 00:00:00+00:00,25206.1,4.48,3.07,0.0,134.48
2022-11-13 01:00:00+00:00,24297.3,4.66,4.21,0.0,106.42
2022-11-13 02:00:00+00:00,23487.5,4.06,3.67,0.0,126.56
2022-11-13 03:00:00+00:00,23022.5,4.37,4.28,0.0,111.49
2022-11-13 04:00:00+00:00,23806.8,3.85,4.33,0.0,118.18
2022-11-13 05:00:00+00:00,24733.9,3.43,3.33,0.0,126.07
2022-11-13 06:00:00+00:00,26415.4,5.1,3.09,0.0,149.05
2022-11-13 07:00:00+00:00,29288.2,5.12,4.48,33.9,147.99
2022-11-13 08:00:00+00:00,31052.7,6.52,4.47,42.5,164.89
2022-11-13 09:00:00+00:00,32011.6,7.33,5.3,102.8,146.92
2022-11-13 10:00:00+00:00,31159.1,7.83,6.06,71.6,151.07
2022-11-13 11:00:00+00:00,30600.9,8.5,5.75,116.1,156.21
2022-11-13 12:00:00+00:00,30097.1,8.32,4.81,142.2,156.81
2022-11-13 13:00:00+00:00,29349.8,8.79,4.02,90.9,118.52
2022-11-13 14:00:00+00:00,29988.2,8.44,5.3,96.8,142.19
2022-11-13 15:00:00+00:00,30352.2,8.33,5.51,88.0,127.5
2022-11-13 16:00:00+00:00,31561.7,8.81,4.23,73.1,153.61
2022-11-13 17:00:00+00:00,33325.1,8.68,5.02,26.5,161.66
2022-11-13 18:00:00+00:00,35256.5,7.32,3.72,0.0,193.66
2022-11-13 19:00:00+00:00,33541.6,7.24,3.24,0.0,178.53
2022-11-13 20:00:00+00:00,31373.8,6.53,3.49,0.0,158.13
2022-11-13 21:00:00+00:00,29901.8,5.44,5.63,0.0,150.4
2022-11-13 22:00:00+00:00,27913.1,5.14,6.34,0.0,118.95
2022-11-13 23:00:00+00:00,26232.4,4.33,6.0,0.0,113.35
2022-11-14 00:00:00+00:00,27363.7,2.9,6.07,0.0,123.64
2022-11-14 01:00:00+00:00,26622.9,3.56,6.84,0.0,116.85
2022-11-14 02:00:00+00:00,26402.4,3.25,7.96,0.0,113.24
2022-11-14 03:00:00+00:00,26505.6,3.1,7.71,0.0,115.27
2022-11-14 04:00:00+00:00,26530.3,2.97,7.51,0.0,108.4
2022-11-14 05:00:00+00:00,26868.7,3.98,6.83,0.0,122.65
2022-11-14 06:00:00+00:00,28965.4,4.13,7.36,0.0,130.77
2022-11-14 07:00:00+00:00,31439.4,3.82,8.15,35.6,138.04
2022-11-14 08:00:00+00:00,33130.1,4.16,6.57,60.8,139.4
2022-11-14 09:00:00+00:00,32981.7,5.77,6.28,59.0,160.02
2022-11-14 10:00:00+00:00,32651.9,7.06,5.37,61.1,164.08
2022-11-14 11:00:00+00:00,32321.0,7.63,5.57,71.3,161.88
2022-11-14 12:00:00+00:00,31637.7,9.07,4.67,128.6,152.41
2022-11-14 13:00:00+00:00,30523.9,9.98,3.76,83.2,163.08
2022-11-14 14:00:00+00:00,29776.4,10.08,4.8,77.8,334.32
2022-11-14 15:00:00+00:00,29646.2,10.05,4.78,53.3,139.58
2022-11-14 16:00:00+00:00,31804.3,10.12,4.84,49.3,155.96
2022-11-14 17:00:00+00:00,34800.3,9.29,5.29,23.2,168.28
2022-11-14 18:00:00+00:00,35423.4,8.8,6.13,0.0,164.94
2022-11-14 19:00:00+00:00,34992.9,8.35,5.85,0.0,180.75
2022-11-14 20:00:00+00:00,34012.3,6.59,5.6,0.0,166.66
2022-11-14 21:00:00+00:00,31772.8,5.71,5.36,0.0,163.94
2022-11-14 22:00:00+00:00,29932.0,4.77,6.29,0.0,159.6
2022-11-14 23:00:00+00:00,28144.6,4.68,6.27,0.0,140.76
2022-11-15 00:00:00+00:00,27810.6,2.83,6.08,0.0,119.69
2022-11-15 01:00:00+00:00,26955.8,2.16,6.43,0.0,116.63
2022-11-15 02:00:00+00:00,26861.4,1.61,7.89,0.0,119.52
2022-11-15 03:00:00+00:00,26964.3,2.13,7.9,0.0,118.52
2022-11-15 04:00:00+00:00,27174.4,2.23,7.65,0.0,130.21
2022-11-15 05:00:00+00:00,27905.4,3.64,9.14,0.0,109.64
2022-11-15 06:00:00+00:00,30446.5,4.51,10.07,0.0,110.85
2022-11-15 07:00:00+00:00,32786.3,4.86,10.84,23.9,122.33
2022-11-15 08:00:00+00:00,33663.0,5.72,10.26,49.0,150.09
2022-11-15 09:00:00+00:00,34298.3,6.27,9.63,47.0,147.16
2022-11-15 10:00:00+00:00,33152.7,7.56,8.06,101.5,151.54
2022-11-15 11:00:00+00:00,32551.1,7.46,8.76,80.1,133.96
2022-11-15 12:00:00+00:00,32971.4,7.59,8.73,122.8,129.6
2022-11-15 13:00:00+00:00,31245.1,8.36,7.24,61.9,145.57
2022-11-15 14:00:00+00:00,30790.1,9.4,8.17,72.9,117.17
2022-11-15 15:00:00+00:00,30966.5,8.17,7.85,87.2,137.09
2022-11-15 16:00:00+00:00,32842.1,8.92,7.64,46.4,163.74
2022-11-15 17:00:00+00:00,36315.6,8.53,6.42,15.8,154.5
2022-11-15 18:00:00+00:00,37287.1,6.93,6.83,0.0,172.42
2022-11-15 19:00:00+00:00,35772.4,4.54,7.24,0.0,170.31
2022-11-15 20:00:00+00:00,34631.9,2.99,7.19,0.0,159.27
2022-11-15 21:00:00+00:00,32640.9,2.32,6.85,0.0,152.53
2022-11-15 22:00:00+00:00,30590.6,1.61,8.91,0.0,152.45
2022-11-15 23:00:00+00:00,29192.2,1.38,7.87,0.0,121.0
2022-11-16 00:00:00+00:00,28702.0,0.41,7.27,0.0,125.73
2022-11-16 01:00:00+00:00,28172.9,-0.63,7.81,0.0,111.86
2022-11-16 02:00:00+00:00,27686.4,-1.06,6.97,0.0,109.24
2022-11-16 03:00:00+00:00,27539.9,-1.02,6.12,0.0,131.36
2022-11-16 04:00:00+00:00,27557.9,-0.66,7.05,0.0,105.83
2022-11-16 05:00:00+00:00,28601.9,-0.73,7.52,0.0,112.71
2022-11-16 06:00:00+00:00,30565.8,0.41,7.88,0.0,136.01
2022-11-16 07:00:00+00:00,33697.3,0.76,7.97,17.5,158.41
2022-11-16 08:00:00+00:00,35039.5,1.08,7.38,43.5,153.21
2022-11-16 09:00:00+00:00,35538.1,1.65,7.17,85.0,155.65
2022-11-16 10:00:00+00:00,34739.1,3.2,7.1,60.0,144.07
2022-11-16 11:00:00+00:00,33861.7,3.95,7.75,127.6,151.81
2022-11-16 12:00:00+00:00,34014.4,4.26,8.05,96.5,148.61
2022-11-16 13:00:00+00:00,33128.9,5.4,7.27,120.0,145.54
2022-11-16 14:00:00+00:00,32315.0,7.08,7.87,74.3,127.45
2022-11-16 15:00:00+00:00,32011.2,7.36,6.52,61.8,155.07
2022-11-16 16:00:00+00:00,33467.5,8.05,6.29,69.6,151.33
2022-11-16 17:00:00+00:00,36050.9,8.39,5.43,27.2,188.4
2022-11-16 18:00:00+00:00,37417.5,7.56,4.84,0.0,186.29
2022-11-16 19:00:00+00:00,37247.5,6.96,6.46,0.0,186.35
2022-11-16 20:00:00+00:00,35539.0,5.49,5.33,0.0,171.34
2022-11-16 21:00:00+00:00,33232.3,4.62,4.78,0.0,177.66
2022-11-16 22:00:00+00:00,30930.9,3.51,5.29,0.0,139.36
2022-11-16 23:00:00+00:00,29029.9,2.59,5.01,0.0,144.57
2022-11-17 00:00:00+00:00,27996.2,1.46,5.23,0.0,121.94
2022-11-17 01:00:00+00:00,27141.4,0.88,6.43,0.0,118.21
2022-11-17 02:00:00+00:00,26353.0,0.97,6.97,0.0,121.21
2022-11-17 03:00:00+00:00,26783.3,0.85,6.61,0.0,107.95
2022-11-17 04:00:00+00:00,27791.6,-0.11,6.52,0.0,130.54
2022-11-17 05:00:00+00:00,29281.3,-0.16,6.96,0.0,139.96
2022-11-17 06:00:00+00:00,31520.2,-0.5,7.46,0.0,123.11
2022-11-17 07:00:00+00:00,34474.9,0.4,7.45,17.3,164.38
2022-11-17 08:00:00+00:00,36125.2,1.54,7.71,67.1,175.79
2022-11-17 09:00:00+00:00,36817.2,2.57,7.96,80.7,158.87
2022-11-17 10:00:00+00:00,36091.5,2.97,7.84,74.0,154.52
2022-11-17 11:00:00+00:00,35209.2,3.95,7.32,86.9,143.39
2022-11-17 12:00:00+00:00,34231.0,4.39,7.89,125.9,138.3
2022-11-17 13:00:00+00:00,34785.7,4.29,8.07,91.8,162.88
2022-11-17 14:00:00+00:00,33770.7,5.16,6.39,119.1,149.52
2022-11-17 15:00:00+00:00,34161.7,5.86,5.78,42.8,169.84
2022-11-17 16:00:00+00:00,35532.5,6.42,5.46,39.0,168.78
2022-11-17 17:00:00+00:00,38309.7,5.82,5.38,25.5,191.95
2022-11-17 18:00:00+00:00,38810.8,6.13,6.4,0.0,204.84
2022-11-17 19:00:00+00:00,37835.5,5.27,8.94,0.0,186.29
2022-11-17 20:00:00+00:00,35704.4,5.0,6.92,0.0,172.46
2022-11-17 21:00:00+00:00,34533.7,3.96,7.16,0.0,160.5
2022-11-17 22:00:00+00:00,32258.0,3.11,7.21,0.0,140.76
2022-11-17 23:00:00+00:00,30639.5,0.99,7.06,0.0,147.77
2022-11-18 00:00:00+00:00,29810.3,0.17,7.48,0.0,131.29
2022-11-18 01:00:00+00:00,28550.4,-0.15,7.57,0.0,137.36
2022-11-18 02:00:00+00:00,27527.5,-0.6,7.26,0.0,103.1
2022-11-18 03:00:00+00:00,26967.2,0.45,7.27,0.0,112.18
2022-11-18 04:00:00+00:00,27131.7,-0.08,7.69,0.0,113.72
2022-11-18 05:00:00+00:00,28216.0,-0.03,8.02,0.0,125.04
2022-11-18 06:00:00+00:00,30652.1,-0.0,8.11,0.0,121.07
2022-11-18 07:00:00+00:00,32610.3,0.39,7.6,29.9,144.98
2022-11-18 08:00:00+00:00,33860.2,1.85,9.78,37.9,151.25
2022-11-18 09:00:00+00:00,34405.7,3.6,9.92,88.7,143.49
2022-11-18 10:00:00+00:00,34234.4,4.02,10.37,108.1,138.81
2022-11-18 11:00:00+00:00,33017.3,4.38,9.8,110.3,122.91
2022-11-18 12:00:00+00:00,32908.8,4.39,9.81,102.1,128.74
2022-11-18 13:00:00+00:00,32201.5,5.76,9.81,98.1,116.69
2022-11-18 14:00:00+00:00,31480.4,6.81,8.18,114.9,140.35
2022-11-18 15:00:00+00:00,31741.7,6.9,7.56,64.9,142.94
2022-11-18 16:00:00+00:00,33794.1,6.01,6.96,59.8,155.91
2022-11-18 17:00:00+00:00,36989.2,5.01,6.49,16.4,181.22
2022-11-18 18:00:00+00:00,37674.9,4.73,5.68,0.0,201.24
2022-11-18 19:00:00+00:00,36611.1,4.53,5.78,0.0,202.33
2022-11-18 20:00:00+00:00,35148.8,2.65,6.93,0.0,167.95
2022-11-18 21:00:00+00:00,33995.6,1.79,7.04,0.0,160.45
2022-11-18 22:00:00+00:00,31192.6,2.1,6.11,0.0,151.76
2022-11-18 23:00:00+00:00,29175.9,1.33,5.35,0.0,154.32
2022-11-19 00:00:00+00:00,26054.6,1.58,5.14,0.0,129.95
2022-11-19 01:00:00+00:00,25106.4,1.55,4.12,0.0,125.95
2022-11-19 02:00:00+00:00,25006.8,0.64,4.51,0.0,127.01
2022-11-19 03:00:00+00:00,25109.2,0.42,5.69,0.0,117.67
2022-11-19 04:00:00+00:00,24799.5,0.51,5.3,0.0,99.74
2022-11-19 05:00:00+00:00,25713.5,0.3,5.45,0.0,129.09
2022-11-19 06:00:00+00:00,28780.1,0.28,5.19,0.0,130.2
2022-11-19 07:00:00+00:00,31292.0,1.9,4.79,27.0,152.58
2022-11-19 08:00:00+00:00,32716.2,2.1,5.05,52.3,151.01
2022-11-19 09:00:00+00:00,31916.9,3.61,4.63,70.9,152.25
2022-11-19 10:00:00+00:00,31270.5,4.18,4.11,77.4,155.68
2022-11-19 11:00:00+00:00,30463.0,4.95,2.99,103.6,166.18
2022-11-19 12:00:00+00:00,29781.9,5.98,3.24,78.3,144.74
2022-11-19 13:00:00+00:00,29513.5,6.15,4.26,69.0,157.11
2022-11-19 14:00:00+00:00,28511.6,6.85,4.95,86.5,115.44
2022-11-19 15:00:00+00:00,29249.6,5.77,6.22,71.9,117.76
2022-11-19 16:00:00+00:00,30648.2,6.02,5.73,58.6,133.57
2022-11-19 17:00:00+00:00,33829.5,4.31,6.46,22.2,167.45
2022-11-19 18:00:00+00:00,36287.0,3.81,5.63,0.0,171.33
2022-11-19 19:00:00+00:00,35341.1,3.82,6.25,0.0,159.11
2022-11-19 20:00:00+00:00,33505.6,3.57,7.57,0.0,171.37
2022-11-19 21:00:00+00:00,31606.7,2.1,7.93,0.0,138.72
2022-11-19 22:00:00+00:00,29192.6,0.72,9.19,0.0,133.66
2022-11-19 23:00:00+00:00,27794.7,-0.29,8.61,0.0,252.15
2022-11-20 00:00:00+00:00,26135.1,-0.79,8.42,0.0,112.59
2022-11-20 01:00:00+00:00,26005.8,-2.36,7.64,0.0,120.56
2022-11-20 02:00:00+00:00,25461.0,-2.51,7.63,0.0,102.03
2022-11-20 03:00:00+00:00,25146.0,-2.27,7.81,0.0,90.3
2022-11-20 04:00:00+00:00,24741.3,-2.2,7.79,0.0,104.69
2022-11-20 05:00:00+00:00,25883.4,-1.44,7.38,0.0,105.04
2022-11-20 06:00:00+00:00,28056.3,-0.7,6.98,0.0,129.77
2022-11-20 07:00:00+00:00,30618.0,-0.28,7.25,30.9,144.45
2022-11-20 08:00:00+00:00,32843.9,-0.59,7.11,39.0,140.86
2022-11-20 09:00:00+00:00,33024.1,0.42,6.21,73.8,146.46
2022-11-20 10:00:00+00:00,33173.6,0.78,4.76,60.1,161.15
2022-11-20 11:00:00+00:00,33041.6,1.32,4.41,86.4,173.94
2022-11-20 12:00:00+00:00,31864.2,2.4,3.46,91.9,151.05
2022-11-20 13:00:00+00:00,30862.8,3.88,2.98,68.1,175.51
2022-11-20 14:00:00+00:00,30531.2,4.28,2.85,70.6,139.24
2022-11-20 15:00:00+00:00,31236.5,4.84,2.94,50.7,177.01
2022-11-20 16:00:00+00:00,33675.7,3.98,2.63,29.7,181.07
2022-11-20 17:00:00+00:00,35798.3,3.96,4.56,22.0,186.86
2022-11-20 18:00:00+00:00,36583.3,3.57,3.69,0.0,198.21
2022-11-20 19:00:00+00:00,35041.8,3.8,4.8,0.0,154.04
2022-11-20 20:00:00+00:00,32769.7,2.85,4.79,0.0,160.8
2022-11-20 21:00:00+00:00,30621.4,2.03,4.38,0.0,151.44
2022-11-20 22:00:00+00:00,28175.6,1.99,4.97,0.0,147.15
2022-11-20 23:00:00+00:00,25731.4,1.3,4.72,0.0,120.89
2022-11-21 00:00:00+00:00,27131.5,-0.02,4.2,0.0,147.14
2022-11-21 01:00:00+00:00,25708.7,1.13,5.74,0.0,134.24
2022-11-21 02:00:00+00:00,27011.7,0.23,4.09,0.0,138.62
2022-11-21 03:00:00+00:00,26459.2,0.16,4.04,0.0,131.61
2022-11-21 04:00:00+00:00,26978.6,0.53,4.34,0.0,120.96
2022-11-21 05:00:00+00:00,27885.4,1.05,5.57,0.0,136.39
2022-11-21 06:00:00+00:00,30338.1,1.46,5.33,0.0,142.9
2022-11-21 07:00:00+00:00,32606.9,2.03,7.5,30.2,159.77
2022-11-21 08:00:00+00:00,33542.7,2.66,8.07,52.0,132.17
2022-11-21 09:00:00+00:00,34898.0,2.83,6.16,40.3,-11.26
2022-11-21 10:00:00+00:00,33519.7,4.97,5.07,84.1,169.84
2022-11-21 11:00:00+00:00,33796.6,5.6,5.35,102.8,176.54
2022-11-21 12:00:00+00:00,32927.3,6.61,4.54,52.5,169.35
2022-11-21 13:00:00+00:00,31861.2,6.92,5.09,61.0,164.92
2022-11-21 14:00:00+00:00,31375.1,7.03,4.83,88.0,150.52
2022-11-21 15:00:00+00:00,32566.5,6.9,4.0,52.4,179.94
2022-11-21 16:00:00+00:00,34379.1,5.91,3.4,27.5,181.31
2022-11-21 17:00:00+00:00,36754.9,5.58,4.25,30.4,193.52
2022-11-21 18:00:00+00:00,38394.2,4.93,2.8,0.0,210.32
2022-11-21 19:00:00+00:00,37002.5,5.09,3.83,0.0,191.72
2022-11-21 20:00:00+00:00,36286.5,3.7,4.83,0.0,188.94
2022-11-21 21:00:00+00:00,34860.0,2.65,4.68,0.0,179.45
2022-11-21 22:00:00+00:00,32311.0,1.42,3.69,0.0,171.47
2022-11-21 23:00:00+00:00,30826.1,1.65,4.29,0.0,132.34
2022-11-22 00:00:00+00:00,28950.5,0.47,4.05,0.0,136.13
2022-11-22 01:00:00+00:00,28083.1,0.41,3.01,0.0,139.99
2022-11-22 02:00:00+00:00,26957.0,0.76,4.7,0.0,114.35
2022-11-22 03:00:00+00:00,26959.1,0.61,4.13,0.0,123.04
2022-11-22 04:00:00+00:00,28329.5,-0.06,3.12,0.0,153.09
2022-11-22 05:00:00+00:00,28715.2,-0.51,3.54,0.0,149.22
2022-11-22 06:00:00+00:00,31081.8,0.58,3.66,0.0,169.36
2022-11-22 07:00:00+00:00,34370.6,0.52,4.99,21.4,179.67
2022-11-22 08:00:00+00:00,35901.9,1.57,4.79,36.7,189.59
2022-11-22 09:00:00+00:00,35515.4,2.51,4.61,39.7,178.53
2022-11-22 10:00:00+00:00,34998.1,3.59,4.99,98.1,182.2
2022-11-22 11:00:00+00:00,33810.8,4.67,5.25,56.2,157.51
2022-11-22 12:00:00+00:00,33709.1,4.79,5.52,95.5,171.28
2022-11-22 13:00:00+00:00,32536.8,4.76,5.8,87.9,159.1
2022-11-22 14:00:00+00:00,31847.5,5.58,5.99,105.0,150.36
2022-11-22 15:00:00+00:00,32641.5,5.38,5.72,47.9,153.98
2022-11-22 16:00:00+00:00,34796.4,3.72,6.43,33.2,157.48
2022-11-22 17:00:00+00:00,37040.6,3.94,6.18,24.7,179.69
2022-11-22 18:00:00+00:00,38026.8,2.96,6.85,0.0,168.54
2022-11-22 19:00:00+00:00,36900.3,2.75,7.94,0.0,181.43
2022-11-22 20:00:00+00:00,34770.0,2.98,7.36,0.0,156.57
2022-11-22 21:00:00+00:00,32705.1,2.31,9.23,0.0,134.72
2022-11-22 22:00:00+00:00,30208.4,2.21,8.56,0.0,109.23
2022-11-22 23:00:00+00:00,28872.5,1.65,7.93,0.0,112.34
2022-11-23 00:00:00+00:00,27217.2,1.93,8.3,0.0,137.07
2022-11-23 01:00:00+00:00,26606.6,0.85,8.58,0.0,99.22
2022-11-23 02:00:00+00:00,26280.7,0.6,8.56,0.0,114.0
2022-11-23 03:00:00+00:00,26044.8,0.95,9.12,0.0,86.37
2022-11-23 04:00:00+00:00,26184.9,0.97,9.21,0.0,86.04
2022-11-23 05:00:00+00:00,27384.0,2.0,10.72,0.0,98.24
2022-11-23 06:00:00+00:00,30167.8,2.23,10.49,0.0,116.99
2022-11-23 07:00:00+00:00,32687.7,4.12,9.65,23.5,128.28
2022-11-23 08:00:00+00:00,33726.9,6.1,9.09,40.9,142.25
2022-11-23 09:00:00+00:00,33245.1,7.0,9.35,58.9,128.92
2022-11-23 10:00:00+00:00,33647.3,8.05,9.61,103.6,375.29
2022-11-23 11:00:00+00:00,32739.0,9.42,9.64,48.5,152.88
2022-11-23 12:00:00+00:00,32550.5,9.25,8.85,59.6,145.58
2022-11-23 13:00:00+00:00,31669.7,8.88,9.62,106.5,108.6
2022-11-23 14:00:00+00:00,30865.9,9.9,11.0,74.8,116.68
2022-11-23 15:00:00+00:00,31620.0,10.11,10.83,84.5,111.17
2022-11-23 16:00:00+00:00,33781.8,9.81,12.05,48.6,120.1
2022-11-23 17:00:00+00:00,36020.1,9.46,12.48,25.9,145.76
2022-11-23 18:00:00+00:00,38258.0,7.5,13.94,0.0,147.12
2022-11-23 19:00:00+00:00,36373.1,6.76,13.96,0.0,135.74
2022-11-23 20:00:00+00:00,33885.2,5.58,13.72,0.0,121.41
2022-11-23 21:00:00+00:00,31086.6,5.36,14.04,0.0,93.39
2022-11-23 22:00:00+00:00,29358.9,5.18,13.35,0.0,85.56
2022-11-23 23:00:00+00:00,27521.9,4.77,13.35,0.0,81.85
2022-11-24 00:00:00+00:00,26620.3,4.25,14.07,0.0,73.4
2022-11-24 01:00:00+00:00,26592.4,2.83,14.36,0.0,77.74
2022-11-24 02:00:00+00:00,26139.1,2.87,13.97,0.0,81.85
2022-11-24 03:00:00+00:00,25191.5,3.13,13.78,0.0,66.54
2022-11-24 04:00:00+00:00,26004.9,3.94,14.03,0.0,73.56
2022-11-24 05:00:00+00:00,26425.7,5.46,14.25,0.0,82.34
2022-11-24 06:00:00+00:00,29005.3,4.83,14.47,0.0,84.88
2022-11-24 07:00:00+00:00,31539.4,5.16,14.36,13.7,106.49
2022-11-24 08:00:00+00:00,32798.9,5.39,13.35,49.8,114.75
2022-11-24 09:00:00+00:00,33320.5,6.23,12.51,68.8,115.66
2022-11-24 10:00:00+00:00,32478.2,6.98,12.6,40.7,102.64
2022-11-24 11:00:00+00:00,32135.0,7.53,12.97,112.7,96.63
2022-11-24 12:00:00+00:00,32258.8,8.74,13.22,65.5,119.25
2022-11-24 13:00:00+00:00,32077.8,8.51,12.38,63.1,96.3
2022-11-24 14:00:00+00:00,31929.3,8.15,11.99,58.9,131.7
2022-11-24 15:00:00+00:00,31855.4,7.63,10.82,80.9,111.43
2022-11-24 16:00:00+00:00,33781.9,7.33,9.54,53.0,120.97
2022-11-24 17:00:00+00:00,36246.2,6.31,9.48,23.7,150.47
2022-11-24 18:00:00+00:00,38072.3,5.84,10.42,0.0,140.92
2022-11-24 19:00:00+00:00,36568.1,5.16,10.33,0.0,137.86
2022-11-24 20:00:00+00:00,34555.9,4.01,11.65,0.0,136.67
2022-11-24 21:00:00+00:00,32506.3,3.81,11.29,0.0,109.65
2022-11-24 22:00:00+00:00,30127.2,3.03,11.1,0.0,96.89
2022-11-24 23:00:00+00:00,28584.8,2.98,10.12,0.0,108.6
2022-11-25 00:00:00+00:00,28604.3,2.15,9.69,0.0,111.2
2022-11-25 01:00:00+00:00,27491.0,1.68,8.63,0.0,114.5
2022-11-25 02:00:00+00:00,26633.3,1.06,7.34,0.0,113.63
2022-11-25 03:00:00+00:00,26312.9,0.98,6.4,0.0,113.86
2022-11-25 04:00:00+00:00,25860.2,1.54,6.5,0.0,116.88
2022-11-25 05:00:00+00:00,28467.1,1.61,5.95,0.0,138.85
2022-11-25 06:00:00+00:00,31222.8,2.42,5.61,0.0,148.75
2022-11-25 07:00:00+00:00,34449.1,2.56,6.0,13.3,169.47
2022-11-25 08:00:00+00:00,35793.4,3.77,4.84,34.6,151.02
2022-11-25 09:00:00+00:00,35815.4,4.21,5.01,80.3,168.68
2022-11-25 10:00:00+00:00,34999.2,5.52,5.77,60.1,179.88
2022-11-25 11:00:00+00:00,34118.6,6.28,6.57,89.2,148.2
2022-11-25 12:00:00+00:00,34171.2,7.82,6.99,105.1,155.71
2022-11-25 13:00:00+00:00,33255.6,7.58,6.95,88.7,148.89
2022-11-25 14:00:00+00:00,32686.5,6.99,6.47,45.0,142.6
2022-11-25 15:00:00+00:00,32891.6,6.75,6.43,39.6,155.23
2022-11-25 16:00:00+00:00,35162.7,5.85,7.75,31.8,153.17
2022-11-25 17:00:00+00:00,36273.7,4.78,7.93,26.0,158.94
2022-11-25 18:00:00+00:00,37569.5,4.76,7.8,0.0,169.16
2022-11-25 19:00:00+00:00,35269.4,4.2,8.2,0.0,149.51
2022-11-25 20:00:00+00:00,34526.1,3.26,8.18,0.0,143.8
2022-11-25 21:00:00+00:00,32141.4,2.32,8.29,0.0,133.99
2022-11-25 22:00:00+00:00,30045.3,1.26,8.04,0.0,128.33
2022-11-25 23:00:00+00:00,27531.8,1.62,7.66,0.0,110.81
2022-11-26 00:00:00+00:00,25764.7,0.5,8.41,0.0,95.51
2022-11-26 01:00:00+00:00,25174.1,-0.7,6.81,0.0,130.68
2022-11-26 02:00:00+00:00,25602.2,-0.44,7.19,0.0,112.73
2022-11-26 03:00:00+00:00,26159.1,-0.6,6.81,0.0,94.38
2022-11-26 04:00:00+00:00,26232.1,0.8,5.33,0.0,121.82
2022-11-26 05:00:00+00:00,26475.9,0.82,4.65,0.0,127.33
2022-11-26 06:00:00+00:00,28431.6,1.84,4.74,0.0,170.75
2022-11-26 07:00:00+00:00,31435.8,3.14,4.93,18.8,154.66
2022-11-26 08:00:00+00:00,33035.4,3.56,5.62,41.4,176.62
2022-11-26 09:00:00+00:00,33129.0,3.9,6.32,55.5,147.28
2022-11-26 10:00:00+00:00,32678.9,5.15,5.14,89.5,144.71
2022-11-26 11:00:00+00:00,32030.6,6.23,5.53,80.0,135.59
2022-11-26 12:00:00+00:00,30999.3,6.01,6.17,70.2,147.02
2022-11-26 13:00:00+00:00,30221.7,5.83,6.39,92.9,121.56
2022-11-26 14:00:00+00:00,30722.7,4.66,6.81,41.7,128.64
2022-11-26 15:00:00+00:00,31196.5,5.21,5.31,44.6,150.98
2022-11-26 16:00:00+00:00,33088.0,5.03,4.62,32.0,158.54
2022-11-26 17:00:00+00:00,35333.3,4.71,5.81,21.5,171.12
2022-11-26 18:00:00+00:00,36646.6,3.3,5.65,0.0,167.3
2022-11-26 19:00:00+00:00,35240.3,2.13,7.45,0.0,137.83
2022-11-26 20:00:00+00:00,33488.1,1.25,6.43,0.0,169.5
2022-11-26 21:00:00+00:00,32225.6,0.2,7.68,0.0,153.89
2022-11-26 22:00:00+00:00,31102.2,-0.37,7.17,0.0,135.84
2022-11-26 23:00:00+00:00,28608.2,-0.61,7.84,0.0,120.78
2022-11-27 00:00:00+00:00,27604.9,0.14,7.56,0.0,105.77
2022-11-27 01:00:00+00:00,26551.7,-0.27,7.63,0.0,105.88
2022-11-27 02:00:00+00:00,24882.4,0.17,8.06,0.0,218.32
2022-11-27 03:00:00+00:00,24747.0,-0.38,7.53,0.0,116.09
2022-11-27 04:00:00+00:00,25292.5,-1.22,8.13,0.0,100.99
2022-11-27 05:00:00+00:00,26446.5,-1.05,7.86,0.0,87.49
2022-11-27 06:00:00+00:00,29483.6,-1.43,7.96,0.0,129.43
2022-11-27 07:00:00+00:00,33007.6,-0.68,5.84,28.1,152.09
2022-11-27 08:00:00+00:00,35007.7,-0.31,5.64,32.5,163.38
2022-11-27 09:00:00+00:00,35496.0,-0.58,6.69,53.2,163.17
2022-11-27 10:00:00+00:00,34623.7,1.4,7.25,40.7,175.14
2022-11-27 11:00:00+00:00,34817.7,1.92,7.93,45.2,154.49
2022-11-27 12:00:00+00:00,33748.5,1.69,7.93,51.1,156.16
2022-11-27 13:00:00+00:00,33053.2,2.86,9.19,62.6,138.62
2022-11-27 14:00:00+00:00,31958.9,2.85,9.31,90.2,129.1
2022-11-27 15:00:00+00:00,31110.5,3.75,8.68,54.8,132.68
2022-11-27 16:00:00+00:00,33396.5,3.33,9.26,32.5,133.99
2022-11-27 17:00:00+00:00,35215.1,2.83,9.87,19.0,133.19
2022-11-27 18:00:00+00:00,36119.8,2.7,10.22,0.0,167.61
2022-11-27 19:00:00+00:00,35431.4,2.56,9.74,0.0,134.84
2022-11-27 20:00:00+00:00,32966.0,2.4,9.83,0.0,137.71
2022-11-27 21:00:00+00:00,32027.5,1.66,10.77,0.0,142.19
2022-11-27 22:00:00+00:00,28647.7,1.3,10.96,0.0,106.21
2022-11-27 23:00:00+00:00,27512.7,1.1,9.6,0.0,109.25
2022-11-28 00:00:00+00:00,28097.3,0.56,8.98,0.0,116.11
2022-11-28 01:00:00+00:00,27127.9,0.05,8.36,0.0,119.3
2022-11-28 02:00:00+00:00,27164.7,-1.05,7.7,0.0,124.98
2022-11-28 03:00:00+00:00,26683.9,-0.71,6.01,0.0,103.27
2022-11-28 04:00:00+00:00,26879.0,-0.52,7.54,0.0,123.63
2022-11-28 05:00:00+00:00,27472.9,-0.4,6.83,0.0,117.26
2022-11-28 06:00:00+00:00,30213.7,0.92,6.21,0.0,130.08
2022-11-28 07:00:00+00:00,32767.8,0.73,4.73,27.2,148.22
2022-11-28 08:00:00+00:00,33476.4,2.51,5.52,45.3,160.21
2022-11-28 09:00:00+00:00,33949.9,3.31,5.52,71.7,152.95
2022-11-28 10:00:00+00:00,33440.7,4.32,5.32,56.8,158.39
2022-11-28 11:00:00+00:00,33533.0,4.84,5.17,79.7,157.29
2022-11-28 12:00:00+00:00,33216.5,4.49,5.72,67.9,156.2
2022-11-28 13:00:00+00:00,32564.5,4.95,5.41,94.9,157.05
2022-11-28 14:00:00+00:00,32199.0,5.52,3.94,92.4,166.8
2022-11-28 15:00:00+00:00,32790.3,6.09,3.08,64.1,176.79
2022-11-28 16:00:00+00:00,34386.9,5.91,2.23,46.5,195.84
2022-11-28 17:00:00+00:00,36651.6,4.35,2.68,25.7,190.67
2022-11-28 18:00:00+00:00,37854.9,3.03,3.62,0.0,189.92
2022-11-28 19:00:00+00:00,36799.7,3.75,4.94,0.0,182.93
2022-11-28 20:00:00+00:00,35416.8,2.44,3.76,0.0,176.92
2022-11-28 21:00:00+00:00,33105.5,2.61,4.41,0.0,151.31
2022-11-28 22:00:00+00:00,31267.0,1.33,4.06,0.0,152.71
2022-11-28 23:00:00+00:00,29669.0,0.57,6.49,0.0,139.41
2022-11-29 00:00:00+00:00,28977.2,0.3,7.6,0.0,134.5
2022-11-29 01:00:00+00:00,28243.2,-0.6,8.9,0.0,110.0
2022-11-29 02:00:00+00:00,27185.3,0.13,9.43,0.0,112.52
2022-11-29 03:00:00+00:00,27284.4,0.11,9.61,0.0,101.39
2022-11-29 04:00:00+00:00,27856.7,0.54,9.16,0.0,83.33
2022-11-29 05:00:00+00:00,28394.0,0.71,8.59,0.0,99.87
2022-11-29 06:00:00+00:00,29979.2,1.61,7.88,0.0,130.84
2022-11-29 07:00:00+00:00,33484.4,3.21,8.32,12.9,126.38
2022-11-29 08:00:00+00:00,35131.0,3.84,9.47,25.6,133.85
2022-11-29 09:00:00+00:00,35583.9,5.66,9.07,33.2,136.28
2022-11-29 10:00:00+00:00,35524.5,6.03,8.4,52.2,151.29
2022-11-29 11:00:00+00:00,34655.6,7.19,7.17,41.1,157.98
2022-11-29 12:00:00+00:00,32750.5,8.07,7.36,87.8,122.71
2022-11-29 13:00:00+00:00,31624.7,7.86,8.3,76.8,136.29
2022-11-29 14:00:00+00:00,31529.1,8.27,9.23,63.8,124.12
2022-11-29 15:00:00+00:00,31385.3,8.35,10.2,73.4,104.01
2022-11-29 16:00:00+00:00,33438.3,7.71,10.37,36.0,131.72
2022-11-29 17:00:00+00:00,36358.4,7.61,10.27,25.0,142.6
2022-11-29 18:00:00+00:00,37450.9,7.21,11.11,0.0,146.26
2022-11-29 19:00:00+00:00,36359.7,6.53,10.03,0.0,140.52
2022-11-29 20:00:00+00:00,35121.0,5.75,9.54,0.0,148.25
2022-11-29 21:00:00+00:00,33838.2,4.9,10.75,0.0,131.66
2022-11-29 22:00:00+00:00,31524.3,3.89,9.72,0.0,123.21
2022-11-29 23:00:00+00:00,30329.9,3.25,9.56,0.0,118.25
2022-11-30 00:00:00+00:00,28836.2,2.13,9.92,0.0,110.92
2022-11-30 01:00:00+00:00,27170.7,3.25,9.84,0.0,96.99
2022-11-30 02:00:00+00:00,27143.6,2.07,10.6,0.0,74.85
2022-11-30 03:00:00+00:00,26817.1,1.6,11.61,0.0,86.79
2022-11-30 04:00:00+00:00,26979.1,1.39,11.76,0.0,77.77
2022-11-30 05:00:00+00:00,27021.6,2.92,12.61,0.0,94.33
2022-11-30 06:00:00+00:00,29580.1,2.57,11.6,0.0,108.14
2022-11-30 07:00:00+00:00,31563.2,3.44,11.25,17.4,126.29
2022-11-30 08:00:00+00:00,33152.0,4.29,12.91,37.7,109.99
2022-11-30 09:00:00+00:00,33567.0,5.25,14.14,36.0,120.36
2022-11-30 10:00:00+00:00,33450.8,6.74,12.78,62.4,104.94
2022-11-30 11:00:00+00:00,32112.5,8.15,12.48,58.4,109.8
2022-11-30 12:00:00+00:00,31984.0,8.43,12.32,49.8,101.63
2022-11-30 13:00:00+00:00,31507.1,8.97,12.38,69.3,112.09
2022-11-30 14:00:00+00:00,31535.8,8.09,13.1,42.8,121.48
2022-11-30 15:00:00+00:00,31990.7,8.23,14.24,47.5,104.02
2022-11-30 16:00:00+00:00,34106.0,7.62,13.9,30.4,101.28
2022-11-30 17:00:00+00:00,35443.1,7.2,14.44,19.2,115.4
2022-11-30 18:00:00+00:00,36687.8,5.71,14.57,0.0,160.86
2022-11-30 19:00:00+00:00,36523.1,5.35,14.18,0.0,139.6
2022-11-30 20:00:00+00:00,35370.2,3.63,12.49,0.0,125.85
2022-11-30 21:00:00+00:00,33181.1,2.99,13.01,0.0,126.81
2022-11-30 22:00:00+00:00,31509.3,1.52,13.18,0.0,107.86
2022-11-30 23:00:00+00:00,30444.6,0.35,13.18,0.0,126.51
2022-12-01 00:00:00+00:00,29831.4,0.4,12.1,0.0,103.07
2022-12-01 01:00:00+00:00,28274.3,0.33,13.38,0.0,83.56
2022-12-01 02:00:00+00:00,27110.3,0.76,13.18,0.0,79.47
2022-12-01 03:00:00+00:00,26210.3,1.61,11.98,0.0,77.38
2022-12-01 04:00:00+00:00,26397.4,1.24,10.71,0.0,82.06
2022-12-01 05:00:00+00:00,26921.6,2.45,11.06,0.0,79.23
2022-12-01 06:00:00+00:00,29665.0,2.02,11.41,0.0,100.24
2022-12-01 07:00:00+00:00,32128.8,3.09,10.82,12.9,129.71
2022-12-01 08:00:00+00:00,33828.6,3.51,10.99,32.3,127.31
2022-12-01 09:00:00+00:00,35263.2,3.73,11.32,39.5,130.45
2022-12-01 10:00:00+00:00,34282.1,4.89,11.21,43.5,117.33
2022-12-01 11:00:00+00:00,33640.6,6.19,10.45,95.7,134.12
2022-12-01 12:00:00+00:00,32358.5,7.35,11.03,66.9,134.4
2022-12-01 13:00:00+00:00,32033.6,7.93,11.48,79.0,104.54
2022-12-01 14:00:00+00:00,32083.5,8.28,11.7,81.6,105.55
2022-12-01 15:00:00+00:00,31728.5,8.66,10.82,37.1,108.56
2022-12-01 16:00:00+00:00,33184.3,8.7,9.58,23.9,142.28
2022-12-01 17:00:00+00:00,35941.6,8.68,9.52,14.4,162.09
2022-12-01 18:00:00+00:00,36852.8,8.27,10.12,0.0,156.45
2022-12-01 19:00:00+00:00,36064.0,8.1,10.77,0.0,134.73
2022-12-01 20:00:00+00:00,33974.6,6.33,11.04,0.0,136.52
2022-12-01 21:00:00+00:00,32710.1,5.44,10.49,0.0,130.35
2022-12-01 22:00:00+00:00,31852.8,3.8,9.68,0.0,130.52
2022-12-01 23:00:00+00:00,30172.7,3.23,9.54,0.0,107.43
2022-12-02 00:00:00+00:00,28336.7,3.49,9.4,0.0,96.44
2022-12-02 01:00:00+00:00,26947.5,2.69,10.15,0.0,78.95
2022-12-02 02:00:00+00:00,26325.9,2.43,9.62,0.0,105.84
2022-12-02 03:00:00+00:00,26187.2,2.75,9.18,0.0,107.69
2022-12-02 04:00:00+00:00,26186.7,1.56,10.67,0.0,71.55
2022-12-02 05:00:00+00:00,27327.0,1.54,11.7,0.0,81.02
2022-12-02 06:00:00+00:00,29606.3,2.24,10.78,0.0,99.73
2022-12-02 07:00:00+00:00,33788.1,1.12,11.74,11.8,135.8
2022-12-02 08:00:00+00:00,36260.7,1.3,10.62,47.5,-3.3
2022-12-02 09:00:00+00:00,35987.7,2.8,10.1,55.8,160.95
2022-12-02 10:00:00+00:00,34766.3,4.22,9.7,48.7,137.97
2022-12-02 11:00:00+00:00,34113.9,5.2,9.5,81.3,122.26
2022-12-02 12:00:00+00:00,33400.1,6.36,9.86,53.8,124.03
2022-12-02 13:00:00+00:00,33048.3,6.97,9.8,80.8,118.54
2022-12-02 14:00:00+00:00,32158.6,7.59,10.14,54.6,132.86
2022-12-02 15:00:00+00:00,31971.0,7.49,9.67,63.8,142.3
2022-12-02 16:00:00+00:00,33805.6,7.45,9.83,48.9,139.19
2022-12-02 17:00:00+00:00,36334.9,6.76,9.75,15.1,145.34
2022-12-02 18:00:00+00:00,37009.3,7.04,8.53,0.0,166.59
2022-12-02 19:00:00+00:00,35086.4,7.31,8.83,0.0,134.53
2022-12-02 20:00:00+00:00,32534.6,7.37,8.81,0.0,133.6
2022-12-02 21:00:00+00:00,31345.2,6.28,8.16,0.0,115.22
2022-12-02 22:00:00+00:00,29721.7,4.87,7.77,0.0,129.12
2022-12-02 23:00:00+00:00,27633.7,4.87,7.42,0.0,112.0
2022-12-03 00:00:00+00:00,24906.2,4.41,7.21,0.0,106.62
2022-12-03 01:00:00+00:00,23042.0,4.06,8.57,0.0,87.27
2022-12-03 02:00:00+00:00,22736.4,3.3,10.13,0.0,64.05
2022-12-03 03:00:00+00:00,22688.2,3.4,7.84,0.0,91.8
2022-12-03 04:00:00+00:00,23853.4,2.78,8.18,0.0,74.95
2022-12-03 05:00:00+00:00,24568.7,3.41,8.87,0.0,113.7
2022-12-03 06:00:00+00:00,27055.3,4.66,8.61,0.0,90.27
2022-12-03 07:00:00+00:00,29127.0,6.18,9.25,18.0,118.75
2022-12-03 08:00:00+00:00,30913.6,7.22,10.43,27.8,127.36
2022-12-03 09:00:00+00:00,32271.1,7.05,9.19,33.6,131.15
2022-12-03 10:00:00+00:00,31312.2,7.86,9.18,42.6,112.63
2022-12-03 11:00:00+00:00,30279.4,9.78,10.6,77.5,98.82
2022-12-03 12:00:00+00:00,30160.9,9.75,9.46,65.6,102.66
2022-12-03 13:00:00+00:00,28767.8,10.09,9.24,63.5,105.76
2022-12-03 14:00:00+00:00,28292.2,11.13,8.78,82.3,252.03
2022-12-03 15:00:00+00:00,28187.9,11.48,9.51,64.8,105.58
2022-12-03 16:00:00+00:00,29169.1,12.74,10.32,21.2,105.96
2022-12-03 17:00:00+00:00,31830.7,11.83,10.28,21.9,107.55
2022-12-03 18:00:00+00:00,33095.3,10.6,10.14,0.0,148.42
2022-12-03 19:00:00+00:00,32105.3,10.58,8.64,0.0,131.81
2022-12-03 20:00:00+00:00,30651.3,8.99,9.67,0.0,115.45
2022-12-03 21:00:00+00:00,30011.7,7.98,9.26,0.0,119.92
2022-12-03 22:00:00+00:00,27543.6,7.04,9.04,0.0,87.42
2022-12-03 23:00:00+00:00,25941.4,6.83,9.7,0.0,90.24
2022-12-04 00:00:00+00:00,24733.0,6.36,9.71,0.0,81.35
2022-12-04 01:00:00+00:00,23004.2,6.02,10.36,0.0,67.83
2022-12-04 02:00:00+00:00,23426.9,5.34,10.67,0.0,82.63
2022-12-04 03:00:00+00:00,22886.7,5.84,10.64,0.0,54.8
2022-12-04 04:00:00+00:00,21839.6,8.22,10.7,0.0,60.28
2022-12-04 05:00:00+00:00,23024.1,8.72,9.64,0.0,67.34
2022-12-04 06:00:00+00:00,25728.5,9.04,9.39,0.0,88.9
2022-12-04 07:00:00+00:00,28362.8,8.67,10.12,16.8,110.02
2022-12-04 08:00:00+00:00,30102.4,8.82,9.26,33.4,114.28
2022-12-04 09:00:00+00:00,30964.4,9.3,8.59,48.0,120.55
2022-12-04 10:00:00+00:00,30813.4,9.6,7.82,51.2,102.8
2022-12-04 11:00:00+00:00,30441.5,10.17,7.9,41.1,132.19
2022-12-04 12:00:00+00:00,29300.6,11.72,8.95,46.8,95.16
2022-12-04 13:00:00+00:00,27507.6,12.78,9.28,76.3,92.0
2022-12-04 14:00:00+00:00,27161.9,12.8,7.47,72.6,96.13
2022-12-04 15:00:00+00:00,27595.9,12.0,7.95,42.6,84.01
2022-12-04 16:00:00+00:00,29254.1,12.55,7.56,28.3,121.3
2022-12-04 17:00:00+00:00,31699.1,12.05,7.93,18.7,129.03
2022-12-04 18:00:00+00:00,33444.4,10.37,7.76,0.0,151.07
2022-12-04 19:00:00+00:00,32000.5,10.05,7.05,0.0,146.54
2022-12-04 20:00:00+00:00,30460.6,9.81,6.99,0.0,138.31
2022-12-04 21:00:00+00:00,29552.8,7.43,6.65,0.0,133.62
2022-12-04 22:00:00+00:00,27211.2,6.05,6.91,0.0,118.02
2022-12-04 23:00:00+00:00,26354.0,5.18,6.22,0.0,121.2
2022-12-05 00:00:00+00:00,27084.9,4.83,5.38,0.0,124.14
2022-12-05 01:00:00+00:00,25715.7,3.95,6.03,0.0,110.94
2022-12-05 02:00:00+00:00,26028.1,3.07,6.95,0.0,104.04
2022-12-05 03:00:00+00:00,25346.1,3.35,7.4,0.0,101.71
2022-12-05 04:00:00+00:00,25829.5,3.1,6.88,0.0,110.07
2022-12-05 05:00:00+00:00,26262.3,3.66,6.3,0.0,115.45
2022-12-05 06:00:00+00:00,28733.3,3.4,5.81,0.0,126.25
2022-12-05 07:00:00+00:00,31914.3,3.16,6.56,16.2,163.08
2022-12-05 08:00:00+00:00,33223.2,4.32,5.94,19.3,168.15
2022-12-05 09:00:00+00:00,33387.4,5.21,6.68,37.2,140.3
2022-12-05 10:00:00+00:00,33069.1,6.5,7.2,51.0,142.72
2022-12-05 11:00:00+00:00,33201.2,6.85,8.15,65.8,153.45
2022-12-05 12:00:00+00:00,32445.4,6.95,8.93,73.9,119.16
2022-12-05 13:00:00+00:00,30316.9,8.22,9.26,89.1,100.01
2022-12-05 14:00:00+00:00,31126.7,7.55,7.99,56.7,153.12
2022-12-05 15:00:00+00:00,30942.6,8.39,8.42,52.8,118.35
2022-12-05 16:00:00+00:00,32400.7,9.03,8.44,45.4,112.17
2022-12-05 17:00:00+00:00,34679.1,9.18,8.08,13.6,142.04
2022-12-05 18:00:00+00:00,35543.3,8.21,9.09,0.0,146.68
2022-12-05 19:00:00+00:00,34587.1,7.04,8.87,0.0,154.5
2022-12-05 20:00:00+00:00,32957.6,6.14,8.36,0.0,139.69
2022-12-05 21:00:00+00:00,31889.4,4.54,9.17,0.0,114.44
2022-12-05 22:00:00+00:00,29908.6,3.17,8.74,0.0,89.56
2022-12-05 23:00:00+00:00,27302.8,2.83,8.2,0.0,111.09
2022-12-06 00:00:00+00:00,25978.9,2.5,7.26,0.0,103.93
2022-12-06 01:00:00+00:00,26111.8,1.37,6.61,0.0,119.7
2022-12-06 02:00:00+00:00,25315.7,1.47,6.05,0.0,99.47
2022-12-06 03:00:00+00:00,25454.9,1.63,6.59,0.0,101.05
2022-12-06 04:00:00+00:00,25212.4,2.61,5.81,0.0,101.07
2022-12-06 05:00:00+00:00,26739.9,3.2,4.42,0.0,117.01
2022-12-06 06:00:00+00:00,28860.3,4.26,4.78,0.0,137.7
2022-12-06 07:00:00+00:00,30943.0,5.09,4.4,11.5,143.01
2022-12-06 08:00:00+00:00,31921.1,6.32,4.52,35.5,134.23
2022-12-06 09:00:00+00:00,32129.3,6.22,5.64,44.7,158.68
2022-12-06 10:00:00+00:00,32628.2,6.86,5.77,49.7,149.71
2022-12-06 11:00:00+00:00,31701.9,7.49,7.01,63.6,140.8
2022-12-06 12:00:00+00:00,31337.5,7.9,6.95,83.7,143.96
2022-12-06 13:00:00+00:00,30680.6,8.58,7.74,73.6,121.27
2022-12-06 14:00:00+00:00,30445.2,9.2,7.28,55.1,123.74
2022-12-06 15:00:00+00:00,30576.6,9.46,7.35,57.7,115.19
2022-12-06 16:00:00+00:00,31929.5,9.18,6.6,41.9,147.83
2022-12-06 17:00:00+00:00,34359.8,8.36,5.99,14.8,143.57
2022-12-06 18:00:00+00:00,35059.2,8.49,5.86,0.0,167.03
2022-12-06 19:00:00+00:00,32903.1,8.0,4.88,0.0,162.59
2022-12-06 20:00:00+00:00,32053.5,6.59,5.11,0.0,137.83
2022-12-06 21:00:00+00:00,30918.8,5.63,4.97,0.0,157.29
2022-12-06 22:00:00+00:00,29004.8,3.76,5.25,0.0,112.1
2022-12-06 23:00:00+00:00,28367.4,3.03,4.31,0.0,119.92
2022-12-07 00:00:00+00:00,27565.1,2.19,5.0,0.0,124.34
2022-12-07 01:00:00+00:00,27173.0,1.35,6.42,0.0,121.73
2022-12-07 02:00:00+00:00,26687.2,1.99,7.61,0.0,91.56
2022-12-07 03:00:00+00:00,26580.6,1.16,9.07,0.0,103.94
2022-12-07 04:00:00+00:00,25734.9,1.68,9.0,0.0,100.17
2022-12-07 05:00:00+00:00,26574.2,3.26,8.63,0.0,95.09
2022-12-07 06:00:00+00:00,28912.7,4.32,8.93,0.0,112.75
2022-12-07 07:00:00+00:00,31456.9,4.85,8.64,21.8,138.32
2022-12-07 08:00:00+00:00,33430.1,4.81,7.2,36.8,160.44
2022-12-07 09:00:00+00:00,34109.1,4.72,7.83,62.2,138.84
2022-12-07 10:00:00+00:00,33537.0,5.22,7.61,42.6,134.85
2022-12-07 11:00:00+00:00,33205.0,5.51,6.43,41.7,145.99
2022-12-07 12:00:00+00:00,32714.4,5.69,6.06,44.0,135.65
2022-12-07 13:00:00+00:00,32306.3,5.98,5.94,79.1,154.62
2022-12-07 14:00:00+00:00,31717.8,6.23,6.0,33.6,146.39
2022-12-07 15:00:00+00:00,31653.7,6.63,6.07,56.3,139.05
2022-12-07 16:00:00+00:00,33188.9,5.79,7.19,30.5,155.3
2022-12-07 17:00:00+00:00,37110.8,5.11,6.17,18.9,181.68
2022-12-07 18:00:00+00:00,38027.5,4.57,6.09,0.0,190.96
2022-12-07 19:00:00+00:00,36338.8,3.87,5.45,0.0,180.08
2022-12-07 20:00:00+00:00,34496.0,4.29,6.51,0.0,171.89
2022-12-07 21:00:00+00:00,32781.4,3.66,6.1,0.0,135.97
2022-12-07 22:00:00+00:00,31322.6,1.92,5.87,0.0,147.33
2022-12-07 23:00:00+00:00,29961.2,1.48,6.75,0.0,144.9
2022-12-08 00:00:00+00:00,29312.6,1.12,7.8,0.0,116.44
2022-12-08 01:00:00+00:00,27677.6,0.59,8.91,0.0,98.07
2022-12-08 02:00:00+00:00,27495.8,-0.43,7.53,0.0,106.44
2022-12-08 03:00:00+00:00,26070.2,0.56,7.88,0.0,99.69
2022-12-08 04:00:00+00:00,26546.6,0.02,8.05,0.0,112.41
2022-12-08 05:00:00+00:00,27891.4,0.74,7.96,0.0,110.22
2022-12-08 06:00:00+00:00,29690.5,1.35,7.96,0.0,132.24
2022-12-08 07:00:00+00:00,33425.6,2.34,8.92,22.4,141.35
2022-12-08 08:00:00+00:00,34456.0,4.08,9.63,36.6,147.17
2022-12-08 09:00:00+00:00,33737.7,5.16,10.2,29.5,131.39
2022-12-08 10:00:00+00:00,33992.0,5.55,10.21,51.8,128.37
2022-12-08 11:00:00+00:00,34183.3,6.91,11.82,78.5,107.99
2022-12-08 12:00:00+00:00,32610.0,7.1,11.27,70.8,91.06
2022-12-08 13:00:00+00:00,32173.6,7.63,9.79,64.2,117.27
2022-12-08 14:00:00+00:00,31597.2,7.12,9.44,49.8,95.36
2022-12-08 15:00:00+00:00,32142.7,6.58,9.37,34.3,124.47
2022-12-08 16:00:00+00:00,33438.0,6.51,10.27,34.0,134.94
2022-12-08 17:00:00+00:00,36415.9,6.44,9.7,11.3,151.09
2022-12-08 18:00:00+00:00,37798.7,4.93,9.95,0.0,130.33
2022-12-08 19:00:00+00:00,37006.2,4.64,8.65,0.0,156.62
2022-12-08 20:00:00+00:00,34852.1,3.44,9.41,0.0,149.01
2022-12-08 21:00:00+00:00,32706.4,3.46,9.35,0.0,143.76
2022-12-08 22:00:00+00:00,29701.1,2.48,9.01,0.0,120.06
2022-12-08 23:00:00+00:00,29855.1,1.09,10.58,0.0,107.23
2022-12-09 00:00:00+00:00,29730.2,0.47,11.23,0.0,107.64
2022-12-09 01:00:00+00:00,29695.2,-0.53,10.21,0.0,126.7
2022-12-09 02:00:00+00:00,29240.8,-0.02,9.96,0.0,107.11
2022-12-09 03:00:00+00:00,28286.3,-0.1,11.95,0.0,75.47
2022-12-09 04:00:00+00:00,28272.0,-0.07,13.25,0.0,78.53
2022-12-09 05:00:00+00:00,29123.9,0.61,13.66,0.0,78.64
2022-12-09 06:00:00+00:00,31532.3,0.49,11.89,0.0,98.5
2022-12-09 07:00:00+00:00,33889.4,0.37,12.68,15.5,111.71
2022-12-09 08:00:00+00:00,34727.4,1.39,11.9,32.6,154.42
2022-12-09 09:00:00+00:00,34721.3,1.55,12.69,30.5,112.44
2022-12-09 10:00:00+00:00,34627.1,1.73,11.84,69.3,118.82
2022-12-09 11:00:00+00:00,33857.9,3.03,11.98,81.1,145.52
2022-12-09 12:00:00+00:00,33140.2,4.03,11.23,58.3,124.66
2022-12-09 13:00:00+00:00,32911.7,3.8,10.74,34.7,125.34
2022-12-09 14:00:00+00:00,32105.3,3.8,11.04,31.4,121.01
2022-12-09 15:00:00+00:00,32374.5,3.44,9.8,35.8,125.46
2022-12-09 16:00:00+00:00,33680.9,4.5,11.52,30.3,117.85
2022-12-09 17:00:00+00:00,36603.0,4.8,10.49,14.9,149.91
2022-12-09 18:00:00+00:00,37994.6,4.12,9.47,0.0,167.09
2022-12-09 19:00:00+00:00,36828.7,3.89,9.83,0.0,135.7
2022-12-09 20:00:00+00:00,34924.7,2.39,10.7,0.0,131.9
2022-12-09 21:00:00+00:00,33389.5,1.27,10.26,0.0,112.62
2022-12-09 22:00:00+00:00,30978.6,0.62,9.26,0.0,111.53
2022-12-09 23:00:00+00:00,29136.5,0.24,8.43,0.0,119.18
2022-12-10 00:00:00+00:00,26352.7,-0.47,7.55,0.0,97.67
2022-12-10 01:00:00+00:00,25077.3,-0.74,7.76,0.0,90.75
2022-12-10 02:00:00+00:00,24655.0,-0.95,7.67,0.0,63.87
2022-12-10 03:00:00+00:00,24419.9,-1.1,7.97,0.0,74.54
2022-12-10 04:00:00+00:00,24328.4,-1.13,8.21,0.0,74.58
2022-12-10 05:00:00+00:00,25439.0,-1.03,8.79,0.0,72.54
2022-12-10 06:00:00+00:00,27547.7,-0.36,8.38,0.0,106.45
2022-12-10 07:00:00+00:00,30250.9,0.56,7.74,15.1,124.0
2022-12-10 08:00:00+00:00,31117.0,1.45,7.82,19.7,135.96
2022-12-10 09:00:00+00:00,31681.3,1.56,7.74,35.2,143.36
2022-12-10 10:00:00+00:00,32334.6,1.79,7.9,70.8,144.85
2022-12-10 11:00:00+00:00,32021.0,2.83,7.3,65.8,136.37
2022-12-10 12:00:00+00:00,31052.5,4.4,7.78,74.8,125.63
2022-12-10 13:00:00+00:00,29813.8,5.01,6.82,60.2,125.34
2022-12-10 14:00:00+00:00,29730.3,5.09,6.49,37.3,115.32
2022-12-10 15:00:00+00:00,30514.8,5.37,7.4,29.8,128.49
2022-12-10 16:00:00+00:00,33318.7,4.62,6.49,37.0,141.81
2022-12-10 17:00:00+00:00,35170.4,5.16,7.34,14.6,142.79
2022-12-10 18:00:00+00:00,35682.2,4.82,6.22,0.0,147.26
2022-12-10 19:00:00+00:00,34842.8,3.82,5.02,0.0,142.43
2022-12-10 20:00:00+00:00,33211.9,3.03,3.95,0.0,160.07
2022-12-10 21:00:00+00:00,31491.6,1.98,4.19,0.0,144.16
2022-12-10 22:00:00+00:00,28762.7,2.03,4.9,0.0,123.23
2022-12-10 23:00:00+00:00,26726.7,1.21,6.02,0.0,100.92
2022-12-11 00:00:00+00:00,26201.7,0.63,7.02,0.0,98.31
2022-12-11 01:00:00+00:00,25506.8,0.51,7.69,0.0,85.13
2022-12-11 02:00:00+00:00,24990.5,-0.22,7.01,0.0,97.62
2022-12-11 03:00:00+00:00,25452.0,-0.18,6.35,0.0,110.37
2022-12-11 04:00:00+00:00,25600.5,0.1,7.0,0.0,95.49
2022-12-11 05:00:00+00:00,26816.5,-0.52,8.11,0.0,112.53
2022-12-11 06:00:00+00:00,28333.1,0.15,7.25,0.0,107.62
2022-12-11 07:00:00+00:00,30358.0,0.78,8.25,19.6,101.41
2022-12-11 08:00:00+00:00,31786.1,1.61,6.68,37.4,150.04
2022-12-11 09:00:00+00:00,32424.1,2.44,7.0,42.3,117.7
2022-12-11 10:00:00+00:00,33225.2,3.4,6.92,46.1,137.51
2022-12-11 11:00:00+00:00,32249.8,4.95,6.77,41.3,146.26
2022-12-11 12:00:00+00:00,32149.9,4.87,6.8,37.8,150.25
2022-12-11 13:00:00+00:00,30933.7,5.16,6.14,48.8,131.69
2022-12-11 14:00:00+00:00,30419.9,5.88,6.54,70.8,120.78
2022-12-11 15:00:00+00:00,30557.2,6.29,6.61,26.5,151.13
2022-12-11 16:00:00+00:00,31821.7,6.47,7.36,41.2,141.78
2022-12-11 17:00:00+00:00,34362.7,7.81,8.58,15.8,153.78
2022-12-11 18:00:00+00:00,35184.4,7.65,8.6,0.0,153.71
2022-12-11 19:00:00+00:00,34132.4,7.65,7.88,0.0,152.57
2022-12-11 20:00:00+00:00,32272.0,6.66,6.95,0.0,142.96
2022-12-11 21:00:00+00:00,30458.8,5.21,8.28,0.0,120.99
2022-12-11 22:00:00+00:00,28033.3,4.19,9.44,0.0,82.91
2022-12-11 23:00:00+00:00,26227.4,3.85,10.02,0.0,74.11
2022-12-12 00:00:00+00:00,28130.0,3.34,9.91,0.0,106.24
2022-12-12 01:00:00+00:00,26546.1,3.04,10.4,0.0,99.31
2022-12-12 02:00:00+00:00,26441.4,2.54,11.25,0.0,83.86
2022-12-12 03:00:00+00:00,26094.6,2.15,10.56,0.0,72.69
2022-12-12 04:00:00+00:00,26666.9,2.09,10.4,0.0,89.98
2022-12-12 05:00:00+00:00,27634.0,2.78,9.37,0.0,103.12
2022-12-12 06:00:00+00:00,29013.1,3.7,9.15,0.0,89.73
2022-12-12 07:00:00+00:00,32172.3,3.64,10.25,10.6,136.03
2022-12-12 08:00:00+00:00,34554.1,4.77,10.93,36.8,138.34
2022-12-12 09:00:00+00:00,35004.3,5.09,10.84,42.0,121.91
2022-12-12 10:00:00+00:00,34878.5,6.1,8.54,60.4,142.0
2022-12-12 11:00:00+00:00,34291.4,6.64,7.95,36.5,140.88
2022-12-12 12:00:00+00:00,33577.0,8.15,7.98,70.9,150.14
2022-12-12 13:00:00+00:00,32370.5,8.3,7.77,67.5,125.73
2022-12-12 14:00:00+00:00,31770.2,8.63,7.75,36.7,118.1
2022-12-12 15:00:00+00:00,32232.9,9.03,7.9,28.6,131.41
2022-12-12 16:00:00+00:00,33998.1,8.32,7.44,35.6,134.71
2022-12-12 17:00:00+00:00,36949.5,7.92,7.41,14.1,174.2
2022-12-12 18:00:00+00:00,37497.6,7.22,7.28,0.0,168.63
2022-12-12 19:00:00+00:00,36355.9,6.24,6.71,0.0,153.85
2022-12-12 20:00:00+00:00,34492.0,5.21,8.17,0.0,139.32
2022-12-12 21:00:00+00:00,33625.6,5.07,7.74,0.0,139.08
2022-12-12 22:00:00+00:00,31257.9,3.88,5.94,0.0,136.06
2022-12-12 23:00:00+00:00,29648.0,3.46,7.39,0.0,105.27
2022-12-13 00:00:00+00:00,27597.7,2.9,6.71,0.0,101.38
2022-12-13 01:00:00+00:00,26438.6,1.53,7.42,0.0,104.86
2022-12-13 02:00:00+00:00,26124.0,1.52,6.87,0.0,116.04
2022-12-13 03:00:00+00:00,26165.9,0.53,7.32,0.0,95.85
2022-12-13 04:00:00+00:00,26269.7,1.01,7.27,0.0,102.84
2022-12-13 05:00:00+00:00,27428.8,0.98,8.04,0.0,128.03
2022-12-13 06:00:00+00:00,29672.3,1.45,7.82,0.0,121.73
2022-12-13 07:00:00+00:00,32066.3,1.29,7.27,11.9,116.31
2022-12-13 08:00:00+00:00,33754.3,2.1,7.45,20.6,149.89
2022-12-13 09:00:00+00:00,33940.8,3.45,7.13,55.6,146.75
2022-12-13 10:00:00+00:00,34488.3,3.73,5.62,60.7,151.31
2022-12-13 11:00:00+00:00,34469.3,4.1,5.22,71.7,145.57
2022-12-13 12:00:00+00:00,32510.1,5.02,7.55,73.7,140.6
2022-12-13 13:00:00+00:00,31508.1,5.79,6.1,32.2,110.03
2022-12-13 14:00:00+00:00,32704.1,4.63,6.33,61.1,136.74
2022-12-13 15:00:00+00:00,32929.6,5.99,6.17,40.5,141.11
2022-12-13 16:00:00+00:00,34811.1,6.21,7.65,35.9,141.23
2022-12-13 17:00:00+00:00,36852.5,6.33,6.75,21.0,165.4
2022-12-13 18:00:00+00:00,38279.6,5.76,6.84,0.0,163.57
2022-12-13 19:00:00+00:00,36674.4,4.01,7.39,0.0,169.0
2022-12-13 20:00:00+00:00,34499.2,3.71,7.23,0.0,180.46
2022-12-13 21:00:00+00:00,33079.0,2.61,6.61,0.0,136.99
2022-12-13 22:00:00+00:00,31168.5,2.18,6.62,0.0,138.69
2022-12-13 23:00:00+00:00,29774.5,1.33,6.39,0.0,128.98
2022-12-14 00:00:00+00:00,28926.8,0.79,6.18,0.0,125.54
2022-12-14 01:00:00+00:00,28096.3,-0.14,6.95,0.0,109.69
2022-12-14 02:00:00+00:00,27200.7,0.1,7.27,0.0,107.36
2022-12-14 03:00:00+00:00,27790.3,-0.71,7.68,0.0,110.65
2022-12-14 04:00:00+00:00,28224.6,0.77,7.91,0.0,117.94
2022-12-14 05:00:00+00:00,28506.1,2.4,8.61,0.0,115.1
2022-12-14 06:00:00+00:00,29627.5,3.8,9.55,0.0,122.28
2022-12-14 07:00:00+00:00,31958.2,5.11,9.2,13.9,116.95
2022-12-14 08:00:00+00:00,33547.4,5.68,9.73,27.7,131.81
2022-12-14 09:00:00+00:00,32594.7,7.06,8.58,56.2,126.85
2022-12-14 10:00:00+00:00,33139.3,7.66,6.74,60.9,149.81
2022-12-14 11:00:00+00:00,32690.1,7.34,8.18,60.4,115.15
2022-12-14 12:00:00+00:00,31540.1,8.78,7.86,43.3,137.78
2022-12-14 13:00:00+00:00,30519.3,9.83,8.02,74.8,120.78
2022-12-14 14:00:00+00:00,30081.3,9.99,7.01,36.8,135.15
2022-12-14 15:00:00+00:00,30842.5,9.24,6.01,56.4,132.13
2022-12-14 16:00:00+00:00,33320.7,8.7,5.5,39.8,148.64
2022-12-14 17:00:00+00:00,36874.8,7.23,6.08,21.0,163.39
2022-12-14 18:00:00+00:00,38014.9,7.28,5.72,0.0,176.2
2022-12-14 19:00:00+00:00,36565.3,5.63,5.53,0.0,152.33
2022-12-14 20:00:00+00:00,34601.8,5.05,5.02,0.0,161.94
2022-12-14 21:00:00+00:00,33030.7,3.74,6.03,0.0,143.37
2022-12-14 22:00:00+00:00,31371.7,2.09,6.76,0.0,135.67
2022-12-14 23:00:00+00:00,29962.1,1.52,6.39,0.0,121.23
2022-12-15 00:00:00+00:00,29053.1,0.63,6.95,0.0,123.23
2022-12-15 01:00:00+00:00,27727.9,0.67,6.77,0.0,111.44
2022-12-15 02:00:00+00:00,27892.3,-0.4,6.51,0.0,96.83
2022-12-15 03:00:00+00:00,27615.1,-0.93,6.5,0.0,113.97
2022-12-15 04:00:00+00:00,28753.6,-2.23,7.03,0.0,125.69
2022-12-15 05:00:00+00:00,30521.1,-3.17,6.33,0.0,140.78
2022-12-15 06:00:00+00:00,32744.7,-1.5,6.75,0.0,133.93
2022-12-15 07:00:00+00:00,34814.6,0.44,8.72,19.6,128.15
2022-12-15 08:00:00+00:00,36704.5,1.26,8.78,34.8,164.05
2022-12-15 09:00:00+00:00,36718.2,1.57,8.72,40.7,157.25
2022-12-15 10:00:00+00:00,36392.2,2.22,8.56,65.4,140.49
2022-12-15 11:00:00+00:00,35722.6,3.52,8.86,54.8,136.96
2022-12-15 12:00:00+00:00,34591.0,3.86,7.51,71.2,144.92
2022-12-15 13:00:00+00:00,33457.9,4.52,8.81,34.6,141.99
2022-12-15 14:00:00+00:00,32683.8,4.85,9.49,58.4,120.01
2022-12-15 15:00:00+00:00,33056.3,4.65,8.86,26.0,116.39
2022-12-15 16:00:00+00:00,34780.6,4.27,8.79,17.0,123.59
2022-12-15 17:00:00+00:00,37321.1,4.2,8.27,14.8,152.7
2022-12-15 18:00:00+00:00,38615.4,3.19,8.44,0.0,160.42
2022-12-15 19:00:00+00:00,37140.5,2.9,8.41,0.0,148.85
2022-12-15 20:00:00+00:00,35529.2,1.94,8.52,0.0,163.89
2022-12-15 21:00:00+00:00,33398.8,1.3,7.64,0.0,126.05
2022-12-15 22:00:00+00:00,30657.3,1.41,7.23,0.0,120.05
2022-12-15 23:00:00+00:00,28770.7,0.61,8.12,0.0,132.8
2022-12-16 00:00:00+00:00,27032.9,0.51,7.64,0.0,95.44
2022-12-16 01:00:00+00:00,26453.3,-1.03,5.54,0.0,111.16
2022-12-16 02:00:00+00:00,26634.2,-1.57,5.5,0.0,126.76
2022-12-16 03:00:00+00:00,26477.0,-1.6,7.46,0.0,99.9
2022-12-16 04:00:00+00:00,26479.1,-0.3,8.1,0.0,101.48
2022-12-16 05:00:00+00:00,27978.0,-1.16,7.59,0.0,102.66
2022-12-16 06:00:00+00:00,31228.8,-0.69,7.52,0.0,120.53
2022-12-16 07:00:00+00:00,33669.8,0.85,8.03,14.3,123.99
2022-12-16 08:00:00+00:00,35057.6,1.13,6.6,30.1,152.81
2022-12-16 09:00:00+00:00,34931.7,1.81,5.95,50.8,159.98
2022-12-16 10:00:00+00:00,35420.3,2.82,6.32,63.8,175.6
2022-12-16 11:00:00+00:00,34088.8,3.69,7.6,42.6,137.42
2022-12-16 12:00:00+00:00,32896.6,5.27,7.22,45.8,149.4
2022-12-16 13:00:00+00:00,31783.2,6.02,8.44,63.5,132.26
2022-12-16 14:00:00+00:00,31227.6,7.1,7.78,64.4,115.69
2022-12-16 15:00:00+00:00,31884.8,6.95,5.09,28.7,144.38
2022-12-16 16:00:00+00:00,34014.4,6.38,5.77,33.8,153.23
2022-12-16 17:00:00+00:00,36479.1,5.93,6.25,11.4,152.73
2022-12-16 18:00:00+00:00,37278.7,4.75,6.86,0.0,166.36
2022-12-16 19:00:00+00:00,36924.6,4.43,7.42,0.0,155.34
2022-12-16 20:00:00+00:00,35289.8,3.48,7.55,0.0,150.93
2022-12-16 21:00:00+00:00,33853.2,2.31,7.32,0.0,144.21
2022-12-16 22:00:00+00:00,31241.8,1.86,7.13,0.0,130.65
2022-12-16 23:00:00+00:00,29835.7,0.46,6.76,0.0,118.65
2022-12-17 00:00:00+00:00,27061.2,0.27,6.46,0.0,99.05
2022-12-17 01:00:00+00:00,25066.0,-0.48,5.07,0.0,87.47
2022-12-17 02:00:00+00:00,24778.7,-0.06,4.22,0.0,117.33
2022-12-17 03:00:00+00:00,24529.1,-0.39,4.23,0.0,106.66
2022-12-17 04:00:00+00:00,24879.1,0.1,2.61,0.0,127.47
2022-12-17 05:00:00+00:00,26676.3,0.51,1.26,0.0,133.73
2022-12-17 06:00:00+00:00,28364.1,1.43,1.29,0.0,145.07
2022-12-17 07:00:00+00:00,29818.2,2.1,1.47,15.5,149.12
2022-12-17 08:00:00+00:00,31421.4,1.81,1.51,35.8,156.14
2022-12-17 09:00:00+00:00,31742.2,3.2,0.0,23.8,173.09
2022-12-17 10:00:00+00:00,32406.1,3.92,1.49,52.7,161.53
2022-12-17 11:00:00+00:00,31485.5,5.11,0.64,43.4,173.9
2022-12-17 12:00:00+00:00,31536.4,6.13,0.32,63.2,178.75
2022-12-17 13:00:00+00:00,29790.3,6.11,0.0,62.7,169.16
2022-12-17 14:00:00+00:00,29488.1,5.85,1.05,37.0,165.96
2022-12-17 15:00:00+00:00,30210.8,6.34,1.68,28.1,140.64
2022-12-17 16:00:00+00:00,32569.6,6.05,1.57,30.4,178.65
2022-12-17 17:00:00+00:00,33925.1,6.31,1.42,20.1,177.21
2022-12-17 18:00:00+00:00,34799.1,5.7,1.84,0.0,181.75
2022-12-17 19:00:00+00:00,33419.5,5.68,1.12,0.0,169.12
2022-12-17 20:00:00+00:00,31363.6,5.17,1.71,0.0,157.0
2022-12-17 21:00:00+00:00,30215.8,4.53,1.55,0.0,132.71
2022-12-17 22:00:00+00:00,28258.6,3.48,2.23,0.0,144.9
2022-12-17 23:00:00+00:00,26075.2,2.86,2.85,0.0,120.83
2022-12-18 00:00:00+00:00,25241.2,2.84,2.59,0.0,114.06
2022-12-18 01:00:00+00:00,24571.0,2.27,1.2,0.0,136.03
2022-12-18 02:00:00+00:00,23488.1,2.23,1.3,0.0,115.74
2022-12-18 03:00:00+00:00,22959.4,2.09,0.45,0.0,107.8
2022-12-18 04:00:00+00:00,23071.8,2.21,0.84,0.0,115.42
2022-12-18 05:00:00+00:00,24609.1,3.47,0.95,0.0,141.35
2022-12-18 06:00:00+00:00,26590.4,4.58,0.79,0.0,135.64
2022-12-18 07:00:00+00:00,28425.3,5.13,0.09,10.3,159.06
2022-12-18 08:00:00+00:00,29633.2,5.87,1.36,16.7,143.67
2022-12-18 09:00:00+00:00,30756.0,6.12,1.29,45.7,160.85
2022-12-18 10:00:00+00:00,30523.1,6.7,3.42,37.2,145.68
2022-12-18 11:00:00+00:00,29532.2,7.51,3.62,32.9,136.87
2022-12-18 12:00:00+00:00,28915.8,8.55,4.07,48.7,124.72
2022-12-18 13:00:00+00:00,28678.4,9.37,4.24,58.2,123.7
2022-12-18 14:00:00+00:00,29638.6,8.89,4.65,50.9,111.75
2022-12-18 15:00:00+00:00,29568.5,9.49,5.62,28.4,110.4
2022-12-18 16:00:00+00:00,31599.9,9.23,6.55,30.6,117.94
2022-12-18 17:00:00+00:00,34217.5,8.23,5.19,13.4,142.53
2022-12-18 18:00:00+00:00,35040.4,8.48,5.95,0.0,156.72
2022-12-18 19:00:00+00:00,32979.6,8.63,6.39,0.0,139.76
2022-12-18 20:00:00+00:00,31806.9,7.94,6.45,0.0,126.87
2022-12-18 21:00:00+00:00,29563.8,7.46,7.82,0.0,128.57
2022-12-18 22:00:00+00:00,26787.2,7.01,9.15,0.0,89.99
2022-12-18 23:00:00+00:00,24709.3,6.98,9.75,0.0,85.87
2022-12-19 00:00:00+00:00,26280.0,6.56,9.19,0.0,74.65
2022-12-19 01:00:00+00:00,25347.2,5.11,8.14,0.0,93.61
2022-12-19 02:00:00+00:00,25228.6,5.88,8.68,0.0,95.65
2022-12-19 03:00:00+00:00,25013.6,6.24,9.66,0.0,83.19
2022-12-19 04:00:00+00:00,25740.8,5.84,7.94,0.0,88.38
2022-12-19 05:00:00+00:00,26774.3,5.35,8.74,0.0,91.84
2022-12-19 06:00:00+00:00,28561.3,5.97,8.45,0.0,110.33
2022-12-19 07:00:00+00:00,31443.0,6.27,6.97,16.0,131.66
2022-12-19 08:00:00+00:00,32395.5,7.05,7.33,31.6,144.6
2022-12-19 09:00:00+00:00,32891.7,8.12,8.03,37.3,123.06
2022-12-19 10:00:00+00:00,33229.2,8.4,7.7,67.2,143.71
2022-12-19 11:00:00+00:00,32593.7,8.31,6.84,52.5,138.93
2022-12-19 12:00:00+00:00,32340.9,9.04,8.19,70.0,127.9
2022-12-19 13:00:00+00:00,31792.9,9.08,7.61,53.3,125.14
2022-12-19 14:00:00+00:00,31826.8,9.36,8.48,60.6,132.5
2022-12-19 15:00:00+00:00,33024.5,8.55,7.22,36.1,128.74
2022-12-19 16:00:00+00:00,35035.0,8.21,7.54,16.0,137.9
2022-12-19 17:00:00+00:00,37103.5,8.27,7.81,14.5,160.67
2022-12-19 18:00:00+00:00,38398.2,8.07,8.46,0.0,158.85
2022-12-19 19:00:00+00:00,37083.7,6.88,9.55,0.0,154.86
2022-12-19 20:00:00+00:00,35200.5,5.38,8.79,0.0,163.71
2022-12-19 21:00:00+00:00,32974.3,4.56,9.11,0.0,130.42
2022-12-19 22:00:00+00:00,30729.2,4.07,7.93,0.0,124.49
2022-12-19 23:00:00+00:00,29517.5,3.53,6.81,0.0,137.09
2022-12-20 00:00:00+00:00,28108.3,2.48,6.37,0.0,119.03
2022-12-20 01:00:00+00:00,26460.1,2.13,6.72,0.0,113.98
2022-12-20 02:00:00+00:00,25196.7,2.67,8.04,0.0,85.92
2022-12-20 03:00:00+00:00,25564.0,2.61,9.44,0.0,82.68
2022-12-20 04:00:00+00:00,26463.8,1.65,9.04,0.0,84.09
2022-12-20 05:00:00+00:00,28195.1,2.02,9.18,0.0,104.96
2022-12-20 06:00:00+00:00,29608.9,3.66,9.81,0.0,110.29
2022-12-20 07:00:00+00:00,32095.9,3.42,10.27,18.0,123.75
2022-12-20 08:00:00+00:00,34405.7,4.1,9.97,18.3,136.33
2022-12-20 09:00:00+00:00,34368.2,4.68,9.88,46.0,128.88
2022-12-20 10:00:00+00:00,34373.6,5.46,9.65,34.8,137.85
2022-12-20 11:00:00+00:00,33112.0,6.24,9.36,32.4,141.28
2022-12-20 12:00:00+00:00,32488.7,7.49,8.97,60.6,124.13
2022-12-20 13:00:00+00:00,31683.3,7.94,8.78,58.5,105.9
2022-12-20 14:00:00+00:00,30412.4,8.93,8.37,39.5,105.25
2022-12-20 15:00:00+00:00,31753.5,8.86,7.42,33.6,131.15
2022-12-20 16:00:00+00:00,33269.0,8.46,8.07,24.5,126.33
2022-12-20 17:00:00+00:00,35595.4,7.68,8.42,19.8,142.32
2022-12-20 18:00:00+00:00,36946.0,6.04,9.82,0.0,144.02
2022-12-20 19:00:00+00:00,34809.1,5.55,9.97,0.0,139.65
2022-12-20 20:00:00+00:00,32705.1,6.02,9.49,0.0,141.47
2022-12-20 21:00:00+00:00,30816.5,5.45,8.88,0.0,102.68
2022-12-20 22:00:00+00:00,29320.4,5.0,8.82,0.0,119.13
2022-12-20 23:00:00+00:00,28207.3,3.94,9.16,0.0,110.15
2022-12-21 00:00:00+00:00,26866.0,3.04,8.86,0.0,96.58
2022-12-21 01:00:00+00:00,25538.2,3.08,7.62,0.0,90.56
2022-12-21 02:00:00+00:00,25802.0,3.9,7.01,0.0,105.11
2022-12-21 03:00:00+00:00,24806.9,4.56,7.02,0.0,92.0
2022-12-21 04:00:00+00:00,25367.7,5.01,7.6,0.0,90.05
2022-12-21 05:00:00+00:00,26170.6,5.17,6.41,0.0,84.8
2022-12-21 06:00:00+00:00,27986.4,5.62,6.65,0.0,117.09
2022-12-21 07:00:00+00:00,30856.6,5.64,6.84,20.6,141.14
2022-12-21 08:00:00+00:00,33569.5,5.37,6.49,23.3,131.16
2022-12-21 09:00:00+00:00,33494.1,5.36,6.06,43.9,136.65
2022-12-21 10:00:00+00:00,33632.5,6.09,5.53,38.4,144.87
2022-12-21 11:00:00+00:00,33738.8,6.56,5.71,70.5,144.09
2022-12-21 12:00:00+00:00,33235.2,6.23,6.66,60.1,132.31
2022-12-21 13:00:00+00:00,32912.0,6.65,7.61,39.1,146.57
2022-12-21 14:00:00+00:00,32862.7,6.72,6.7,45.2,158.0
2022-12-21 15:00:00+00:00,32883.6,6.08,6.57,28.8,142.25
2022-12-21 16:00:00+00:00,34330.3,5.75,4.88,27.0,151.34
2022-12-21 17:00:00+00:00,36892.4,5.25,5.07,9.2,175.18
2022-12-21 18:00:00+00:00,38210.1,4.41,5.63,0.0,167.87
2022-12-21 19:00:00+00:00,36592.3,4.36,6.93,0.0,160.24
2022-12-21 20:00:00+00:00,35513.1,2.49,5.54,0.0,168.85
2022-12-21 21:00:00+00:00,33795.2,0.55,4.76,0.0,163.8
2022-12-21 22:00:00+00:00,31319.3,-0.16,4.98,0.0,146.75
2022-12-21 23:00:00+00:00,29884.0,-0.76,3.82,0.0,134.14
2022-12-22 00:00:00+00:00,29036.4,-1.14,4.11,0.0,133.46
2022-12-22 01:00:00+00:00,28776.4,-1.89,4.74,0.0,123.64
2022-12-22 02:00:00+00:00,28615.4,-2.68,3.85,0.0,139.76
2022-12-22 03:00:00+00:00,28553.3,-2.71,4.12,0.0,133.35
2022-12-22 04:00:00+00:00,28593.7,-2.8,3.31,0.0,150.33
2022-12-22 05:00:00+00:00,29064.4,-1.49,4.57,0.0,133.03
2022-12-22 06:00:00+00:00,31019.5,-1.16,4.86,0.0,131.39
2022-12-22 07:00:00+00:00,33888.4,-0.52,4.46,16.5,145.97
2022-12-22 08:00:00+00:00,34902.9,1.74,3.62,16.2,170.31
2022-12-22 09:00:00+00:00,35287.0,2.4,4.09,31.1,144.06
2022-12-22 10:00:00+00:00,34756.6,3.52,5.3,42.1,152.8
2022-12-22 11:00:00+00:00,34022.6,4.63,4.78,49.5,148.86
2022-12-22 12:00:00+00:00,34079.7,5.68,4.55,35.6,149.26
2022-12-22 13:00:00+00:00,33224.3,6.3,4.08,62.3,154.12
2022-12-22 14:00:00+00:00,32902.3,6.69,5.45,64.8,132.87
2022-12-22 15:00:00+00:00,33201.3,6.82,4.03,56.3,137.46
2022-12-22 16:00:00+00:00,34933.4,6.34,5.19,35.2,163.82
2022-12-22 17:00:00+00:00,37500.9,6.21,4.98,10.8,173.5
2022-12-22 18:00:00+00:00,37993.2,6.92,5.03,0.0,183.98
2022-12-22 19:00:00+00:00,35795.9,6.96,4.86,0.0,170.08
2022-12-22 20:00:00+00:00,33689.3,6.34,5.15,0.0,159.39
2022-12-22 21:00:00+00:00,32685.3,5.99,4.67,0.0,152.76
2022-12-22 22:00:00+00:00,31214.8,4.59,5.62,0.0,142.52
2022-12-22 23:00:00+00:00,29439.1,3.63,6.55,0.0,137.95
2022-12-23 00:00:00+00:00,28473.4,3.45,5.8,0.0,122.55
2022-12-23 01:00:00+00:00,27076.3,3.78,6.38,0.0,113.28
2022-12-23 02:00:00+00:00,27436.2,2.9,6.13,0.0,112.29
2022-12-23 03:00:00+00:00,26981.0,2.42,6.22,0.0,89.05
2022-12-23 04:00:00+00:00,26663.5,3.74,7.45,0.0,98.06
2022-12-23 05:00:00+00:00,27223.2,3.98,6.9,0.0,119.16
2022-12-23 06:00:00+00:00,28929.4,5.43,7.63,0.0,116.86
2022-12-23 07:00:00+00:00,30415.7,6.03,7.96,19.9,112.89
2022-12-23 08:00:00+00:00,32261.6,6.76,7.76,38.7,132.22
2022-12-23 09:00:00+00:00,33283.7,7.2,8.01,35.7,122.37
2022-12-23 10:00:00+00:00,33609.0,8.41,8.15,32.5,141.79
2022-12-23 11:00:00+00:00,32863.0,9.79,7.19,74.0,127.75
2022-12-23 12:00:00+00:00,32311.8,9.63,6.7,76.5,133.43
2022-12-23 13:00:00+00:00,31208.7,9.74,5.9,35.6,122.19
2022-12-23 14:00:00+00:00,30427.2,10.46,5.74,31.2,131.01
2022-12-23 15:00:00+00:00,30100.3,10.33,6.85,29.0,96.99
2022-12-23 16:00:00+00:00,32172.2,9.79,7.32,31.6,126.42
2022-12-23 17:00:00+00:00,34119.9,9.97,6.18,12.1,142.3
2022-12-23 18:00:00+00:00,34978.6,10.02,6.01,0.0,149.6
2022-12-23 19:00:00+00:00,34034.1,8.97,6.24,0.0,115.54
2022-12-23 20:00:00+00:00,32581.4,8.23,6.86,0.0,130.97
2022-12-23 21:00:00+00:00,30508.1,6.58,6.36,0.0,130.72
2022-12-23 22:00:00+00:00,28762.0,5.15,5.42,0.0,113.73
2022-12-23 23:00:00+00:00,27797.0,4.4,5.46,0.0,121.29
2022-12-24 00:00:00+00:00,25445.0,3.65,5.98,0.0,108.7
2022-12-24 01:00:00+00:00,24629.0,2.49,6.21,0.0,96.47
2022-12-24 02:00:00+00:00,25313.9,1.69,5.56,0.0,104.98
2022-12-24 03:00:00+00:00,25428.1,0.89,7.0,0.0,96.68
2022-12-24 04:00:00+00:00,25400.8,1.22,6.93,0.0,99.7
2022-12-24 05:00:00+00:00,27325.2,0.3,7.08,0.0,98.2
2022-12-24 06:00:00+00:00,29288.1,0.16,6.56,0.0,110.91
2022-12-24 07:00:00+00:00,31837.9,-0.33,7.45,20.8,120.17
2022-12-24 08:00:00+00:00,33632.6,0.69,7.87,17.1,143.93
2022-12-24 09:00:00+00:00,34461.6,0.42,8.08,28.5,131.8
2022-12-24 10:00:00+00:00,34466.3,1.28,7.12,51.1,140.82
2022-12-24 11:00:00+00:00,33748.8,3.05,7.97,75.5,128.81
2022-12-24 12:00:00+00:00,33468.5,4.7,8.51,45.8,132.36
2022-12-24 13:00:00+00:00,32060.6,4.09,9.23,48.3,124.31
2022-12-24 14:00:00+00:00,31229.1,4.61,9.15,37.6,120.53
2022-12-24 15:00:00+00:00,31466.1,4.14,8.98,55.9,97.38
2022-12-24 16:00:00+00:00,34023.3,3.37,8.74,19.8,137.95
2022-12-24 17:00:00+00:00,36551.9,3.06,10.44,15.4,140.35
2022-12-24 18:00:00+00:00,37698.2,3.39,9.84,0.0,153.74
2022-12-24 19:00:00+00:00,36178.8,3.16,8.77,0.0,145.27
2022-12-24 20:00:00+00:00,34287.5,2.04,8.39,0.0,131.33
2022-12-24 21:00:00+00:00,32446.3,1.72,7.9,0.0,140.57
2022-12-24 22:00:00+00:00,30766.1,-0.37,8.84,0.0,113.68
2022-12-24 23:00:00+00:00,29384.1,-1.48,7.69,0.0,125.84
2022-12-25 00:00:00+00:00,28712.8,-2.57,7.22,0.0,111.82
2022-12-25 01:00:00+00:00,27635.9,-2.91,7.36,0.0,104.86
2022-12-25 02:00:00+00:00,27405.6,-3.25,8.33,0.0,91.34
2022-12-25 03:00:00+00:00,26918.6,-3.35,8.82,0.0,92.52
2022-12-25 04:00:00+00:00,27059.5,-3.27,10.0,0.0,96.41
2022-12-25 05:00:00+00:00,27479.0,-2.87,10.12,0.0,87.75
2022-12-25 06:00:00+00:00,29932.7,-1.98,9.8,0.0,107.53
2022-12-25 07:00:00+00:00,33275.0,-1.2,10.33,19.0,137.55
2022-12-25 08:00:00+00:00,33770.2,-0.58,9.1,25.0,118.49
2022-12-25 09:00:00+00:00,34200.9,0.51,7.65,46.0,130.01
2022-12-25 10:00:00+00:00,33535.5,1.84,8.38,55.1,133.78
2022-12-25 11:00:00+00:00,32926.2,2.28,8.48,74.2,108.07
2022-12-25 12:00:00+00:00,32633.5,2.91,9.16,68.5,125.3
2022-12-25 13:00:00+00:00,31471.7,4.14,8.38,32.9,111.93
2022-12-25 14:00:00+00:00,31411.2,3.81,9.32,34.6,109.87
2022-12-25 15:00:00+00:00,30994.5,5.04,9.73,38.2,117.88
2022-12-25 16:00:00+00:00,33773.8,4.15,9.57,18.5,115.79
2022-12-25 17:00:00+00:00,36082.5,3.68,9.6,13.3,122.45
2022-12-25 18:00:00+00:00,36910.5,2.68,9.74,0.0,126.34
2022-12-25 19:00:00+00:00,35261.4,3.43,8.94,0.0,144.8
2022-12-25 20:00:00+00:00,33121.2,2.42,8.54,0.0,139.67
2022-12-25 21:00:00+00:00,31563.4,1.37,8.72,0.0,110.17
2022-12-25 22:00:00+00:00,30279.6,0.41,8.3,0.0,126.08
2022-12-25 23:00:00+00:00,28556.0,-0.22,7.09,0.0,110.97
2022-12-26 00:00:00+00:00,29152.6,-1.05,7.31,0.0,114.34
2022-12-26 01:00:00+00:00,27995.9,-1.56,7.95,0.0,338.84
2022-12-26 02:00:00+00:00,28728.7,-3.94,8.74,0.0,85.82
2022-12-26 03:00:00+00:00,28441.4,-3.9,9.07,0.0,106.58
2022-12-26 04:00:00+00:00,28949.1,-3.68,9.61,0.0,81.79
2022-12-26 05:00:00+00:00,29392.2,-2.66,10.25,0.0,83.11
2022-12-26 06:00:00+00:00,31087.7,-1.33,10.15,0.0,95.38
2022-12-26 07:00:00+00:00,34189.0,-0.77,8.33,10.6,143.46
2022-12-26 08:00:00+00:00,36198.9,0.5,9.17,22.9,150.66
2022-12-26 09:00:00+00:00,36394.7,0.65,8.37,52.2,156.2
2022-12-26 10:00:00+00:00,35817.7,1.94,7.41,51.8,148.64
2022-12-26 11:00:00+00:00,35767.5,2.36,6.53,42.2,150.38
2022-12-26 12:00:00+00:00,35374.5,2.32,8.5,65.1,144.48
2022-12-26 13:00:00+00:00,34750.8,2.76,8.77,49.1,133.91
2022-12-26 14:00:00+00:00,33483.9,3.96,7.86,52.9,134.41
2022-12-26 15:00:00+00:00,33616.6,4.22,7.29,26.4,137.39
2022-12-26 16:00:00+00:00,34761.8,5.05,7.27,37.8,143.67
2022-12-26 17:00:00+00:00,36693.3,4.31,7.68,16.0,175.49
2022-12-26 18:00:00+00:00,37287.9,4.49,7.87,0.0,167.91
2022-12-26 19:00:00+00:00,36579.9,3.48,7.1,0.0,163.55
2022-12-26 20:00:00+00:00,35071.2,2.91,7.34,0.0,144.55
2022-12-26 21:00:00+00:00,33609.1,2.27,6.84,0.0,142.87
2022-12-26 22:00:00+00:00,31551.1,1.9,7.67,0.0,135.25
2022-12-26 23:00:00+00:00,29802.3,1.32,7.68,0.0,116.7
2022-12-27 00:00:00+00:00,28168.2,0.2,7.05,0.0,104.43
2022-12-27 01:00:00+00:00,26569.3,0.25,7.59,0.0,79.28
2022-12-27 02:00:00+00:00,26402.7,0.98,7.86,0.0,89.78
2022-12-27 03:00:00+00:00,25982.6,0.48,7.45,0.0,100.01
2022-12-27 04:00:00+00:00,26772.9,-0.55,7.99,0.0,82.33
2022-12-27 05:00:00+00:00,27884.9,0.05,8.44,0.0,113.85
2022-12-27 06:00:00+00:00,29642.7,0.33,9.3,0.0,107.51
2022-12-27 07:00:00+00:00,32778.2,0.87,9.74,15.6,134.36
2022-12-27 08:00:00+00:00,34987.0,1.93,9.44,38.3,132.79
2022-12-27 09:00:00+00:00,35352.2,2.42,8.0,46.3,120.96
2022-12-27 10:00:00+00:00,34968.0,3.04,8.09,53.8,135.61
2022-12-27 11:00:00+00:00,33893.6,3.71,8.3,70.4,124.09
2022-12-27 12:00:00+00:00,33001.6,5.22,8.28,47.9,118.52
2022-12-27 13:00:00+00:00,32573.3,5.69,5.86,52.9,141.98
2022-12-27 14:00:00+00:00,32484.0,5.23,6.45,57.8,124.01
2022-12-27 15:00:00+00:00,32849.9,4.62,5.76,37.3,126.01
2022-12-27 16:00:00+00:00,35164.8,4.62,6.36,28.2,145.37
2022-12-27 17:00:00+00:00,37771.5,3.67,7.72,10.6,169.53
2022-12-27 18:00:00+00:00,38993.1,2.29,7.49,0.0,167.87
2022-12-27 19:00:00+00:00,37654.5,2.12,7.81,0.0,151.68
2022-12-27 20:00:00+00:00,36254.0,1.86,7.79,0.0,148.3
2022-12-27 21:00:00+00:00,34341.1,0.91,8.16,0.0,149.76
2022-12-27 22:00:00+00:00,31681.5,0.35,8.19,0.0,127.58
2022-12-27 23:00:00+00:00,30366.6,-0.22,7.72,0.0,122.65
2022-12-28 00:00:00+00:00,29088.1,-0.49,6.98,0.0,118.36
2022-12-28 01:00:00+00:00,28177.3,-0.58,8.22,0.0,84.91
2022-12-28 02:00:00+00:00,27313.0,-2.43,8.51,0.0,93.46
2022-12-28 03:00:00+00:00,27248.9,-2.62,9.08,0.0,101.24
2022-12-28 04:00:00+00:00,27371.8,-2.15,9.29,0.0,68.89
2022-12-28 05:00:00+00:00,28215.1,-2.04,9.94,0.0,72.85
2022-12-28 06:00:00+00:00,30036.6,-1.49,9.09,0.0,96.99
2022-12-28 07:00:00+00:00,32734.5,-0.37,9.05,15.4,115.56
2022-12-28 08:00:00+00:00,33971.8,0.44,9.34,35.1,127.83
2022-12-28 09:00:00+00:00,32862.2,2.16,10.24,36.0,102.9
2022-12-28 10:00:00+00:00,32267.4,3.62,12.16,31.9,107.19
2022-12-28 11:00:00+00:00,31673.0,4.26,12.23,48.8,119.35
2022-12-28 12:00:00+00:00,31706.4,4.75,11.45,63.1,94.68
2022-12-28 13:00:00+00:00,31445.9,3.51,10.29,58.2,91.32
2022-12-28 14:00:00+00:00,31518.7,3.66,9.42,65.2,105.75
2022-12-28 15:00:00+00:00,31984.4,3.0,8.69,32.9,124.5
2022-12-28 16:00:00+00:00,34458.3,3.1,6.34,30.7,148.28
2022-12-28 17:00:00+00:00,37299.0,2.96,5.84,21.1,174.53
2022-12-28 18:00:00+00:00,38204.1,2.96,6.46,0.0,167.97
2022-12-28 19:00:00+00:00,36808.4,3.22,6.55,0.0,165.18
2022-12-28 20:00:00+00:00,35339.1,2.5,6.37,0.0,179.7
2022-12-28 21:00:00+00:00,33061.4,3.11,5.13,0.0,143.04
2022-12-28 22:00:00+00:00,30991.5,2.46,6.05,0.0,129.56
2022-12-28 23:00:00+00:00,28826.8,0.92,6.49,0.0,118.75
2022-12-29 00:00:00+00:00,27963.7,-0.08,6.51,0.0,133.95
2022-12-29 01:00:00+00:00,26874.6,-0.77,4.81,0.0,120.16
2022-12-29 02:00:00+00:00,26949.3,-0.7,4.54,0.0,114.56
2022-12-29 03:00:00+00:00,26815.3,-1.37,5.0,0.0,105.58
2022-12-29 04:00:00+00:00,26938.6,-1.42,5.08,0.0,123.96
2022-12-29 05:00:00+00:00,28458.4,-1.19,5.32,0.0,117.41
2022-12-29 06:00:00+00:00,30149.2,-0.96,5.94,0.0,140.3
2022-12-29 07:00:00+00:00,32863.8,0.19,6.12,19.5,136.35
2022-12-29 08:00:00+00:00,33503.9,1.32,6.67,26.1,133.38
2022-12-29 09:00:00+00:00,33520.2,2.8,6.03,32.8,127.85
2022-12-29 10:00:00+00:00,33405.8,3.36,5.12,39.8,151.24
2022-12-29 11:00:00+00:00,33503.4,4.8,5.59,60.7,124.54
2022-12-29 12:00:00+00:00,33321.6,4.58,6.19,46.4,151.84
2022-12-29 13:00:00+00:00,32550.5,4.22,6.64,77.7,115.62
2022-12-29 14:00:00+00:00,32499.5,3.81,6.76,31.2,114.16
2022-12-29 15:00:00+00:00,33526.2,3.96,6.52,29.2,139.5
2022-12-29 16:00:00+00:00,34129.3,4.62,6.71,27.5,152.22
2022-12-29 17:00:00+00:00,37289.0,3.98,7.02,11.4,159.91
2022-12-29 18:00:00+00:00,38703.4,3.25,7.36,0.0,176.17
2022-12-29 19:00:00+00:00,37440.1,2.53,9.38,0.0,153.22
2022-12-29 20:00:00+00:00,35354.3,2.19,8.54,0.0,148.86
2022-12-29 21:00:00+00:00,34342.0,1.16,10.99,0.0,138.49
2022-12-29 22:00:00+00:00,32577.2,0.1,9.8,0.0,111.46
2022-12-29 23:00:00+00:00,30737.5,-1.39,9.97,0.0,108.13
2022-12-30 00:00:00+00:00,29886.6,-2.33,8.88,0.0,87.79
2022-12-30 01:00:00+00:00,29115.6,-2.02,9.03,0.0,115.57
2022-12-30 02:00:00+00:00,28706.7,-2.21,9.7,0.0,92.42
2022-12-30 03:00:00+00:00,28565.8,-2.71,9.59,0.0,96.11
2022-12-30 04:00:00+00:00,27793.7,-1.81,10.22,0.0,84.25
2022-12-30 05:00:00+00:00,30044.1,-1.82,9.73,0.0,96.85
2022-12-30 06:00:00+00:00,32041.1,-0.45,7.99,0.0,132.54
2022-12-30 07:00:00+00:00,35051.2,1.04,8.43,17.7,145.06
2022-12-30 08:00:00+00:00,36357.8,1.79,8.38,40.7,140.28
2022-12-30 09:00:00+00:00,36696.9,1.66,7.94,49.4,166.93
2022-12-30 10:00:00+00:00,35342.3,3.83,7.57,33.9,153.11
2022-12-30 11:00:00+00:00,34992.2,4.76,7.86,62.6,154.93
2022-12-30 12:00:00+00:00,35019.7,5.16,7.18,54.4,124.56
2022-12-30 13:00:00+00:00,34206.5,6.19,7.46,53.4,130.59
2022-12-30 14:00:00+00:00,34335.8,6.87,8.37,57.2,142.19
2022-12-30 15:00:00+00:00,33911.8,7.71,9.91,56.3,109.41
2022-12-30 16:00:00+00:00,35266.5,7.14,10.86,36.2,121.93
2022-12-30 17:00:00+00:00,37594.9,6.97,10.8,9.1,132.06
2022-12-30 18:00:00+00:00,39108.2,5.72,10.81,0.0,156.01
2022-12-30 19:00:00+00:00,37337.5,5.46,10.31,0.0,140.7
2022-12-30 20:00:00+00:00,35339.6,4.67,9.78,0.0,124.86
2022-12-30 21:00:00+00:00,33446.9,4.02,10.32,0.0,138.02
2022-12-30 22:00:00+00:00,31487.2,3.1,9.91,0.0,117.63
2022-12-30 23:00:00+00:00,29949.8,2.18,10.05,0.0,107.42
2022-12-31 00:00:00+00:00,26977.7,0.96,9.15,0.0,90.16
2022-12-31 01:00:00+00:00,25950.5,0.93,10.11,0.0,85.36
2022-12-31 02:00:00+00:00,25328.9,1.49,9.7,0.0,80.82
2022-12-31 03:00:00+00:00,24802.0,0.99,10.42,0.0,50.05
2022-12-31 04:00:00+00:00,24019.6,1.37,9.7,0.0,86.99
2022-12-31 05:00:00+00:00,24639.4,1.87,8.97,0.0,92.97
2022-12-31 06:00:00+00:00,27243.7,2.29,9.91,0.0,81.45
2022-12-31 07:00:00+00:00,30133.5,1.93,9.28,11.2,89.33
2022-12-31 08:00:00+00:00,32219.7,1.84,7.94,29.7,113.51
2022-12-31 09:00:00+00:00,32762.2,2.14,7.08,57.8,119.7
2022-12-31 10:00:00+00:00,33053.7,1.63,7.74,32.4,133.23
2022-12-31 11:00:00+00:00,32412.9,3.24,8.3,78.3,116.0
2022-12-31 12:00:00+00:00,32318.3,4.1,7.64,44.1,119.46
2022-12-31 13:00:00+00:00,31422.8,4.57,7.11,57.1,128.35
2022-12-31 14:00:00+00:00,30949.1,3.56,7.63,35.6,116.88
2022-12-31 15:00:00+00:00,31772.0,2.62,8.63,50.1,126.08
2022-12-31 16:00:00+00:00,33893.5,2.6,8.5,42.8,129.97
2022-12-31 17:00:00+00:00,34843.6,3.56,8.85,12.9,153.37
2022-12-31 18:00:00+00:00,35890.0,2.7,9.44,0.0,162.88
2022-12-31 19:00:00+00:00,34604.9,2.65,11.01,0.0,126.7
2022-12-31 20:00:00+00:00,32803.1,1.67,9.9,0.0,116.29
2022-12-31 21:00:00+00:00,31187.8,0.97,9.23,0.0,112.72
2022-12-31 22:00:00+00:00,28624.1,0.96,8.73,0.0,111.31
2022-12-31 23:00:00+00:00,27740.7,0.04,9.29,0.0,101.1
2023-01-01 00:00:00+00:00,26998.7,-1.01,8.98,0.0,70.53
2023-01-01 01:00:00+00:00,24856.0,-0.6,9.12,0.0,81.49
2023-01-01 02:00:00+00:00,24865.6,-0.87,9.11,0.0,72.15
2023-01-01 03:00:00+00:00,24789.0,-0.31,9.01,0.0,78.89
2023-01-01 04:00:00+00:00,25185.6,-0.63,8.99,0.0,78.55
2023-01-01 05:00:00+00:00,25119.6,0.51,9.7,0.0,70.35
2023-01-01 06:00:00+00:00,27854.3,1.12,8.8,0.0,78.89
2023-01-01 07:00:00+00:00,30119.4,1.98,8.6,20.6,92.89
2023-01-01 08:00:00+00:00,31597.0,2.74,7.57,33.9,119.43
2023-01-01 09:00:00+00:00,31910.7,3.17,7.71,59.6,120.07
2023-01-01 10:00:00+00:00,31140.5,3.92,7.53,46.3,118.13
2023-01-01 11:00:00+00:00,30938.4,4.35,8.34,47.9,115.69
2023-01-01 12:00:00+00:00,30488.2,5.53,8.27,46.0,102.65
2023-01-01 13:00:00+00:00,29964.7,5.85,7.85,83.0,93.28
2023-01-01 14:00:00+00:00,29916.8,5.22,7.62,49.7,120.5
2023-01-01 15:00:00+00:00,30331.4,4.31,8.94,58.7,110.94
2023-01-01 16:00:00+00:00,33365.3,3.2,7.61,26.5,125.99
2023-01-01 17:00:00+00:00,35788.2,3.33,7.09,12.9,160.04
2023-01-01 18:00:00+00:00,36667.9,2.21,7.11,0.0,147.34
2023-01-01 19:00:00+00:00,35572.8,1.83,6.61,0.0,155.79
2023-01-01 20:00:00+00:00,33870.0,1.25,7.01,0.0,143.5
2023-01-01 21:00:00+00:00,32312.7,0.48,6.97,0.0,125.67
2023-01-01 22:00:00+00:00,29998.9,0.02,7.17,0.0,121.99
2023-01-01 23:00:00+00:00,28084.5,-0.56,7.25,0.0,92.1
2023-01-02 00:00:00+00:00,29330.1,-2.8,7.16,0.0,112.78
2023-01-02 01:00:00+00:00,28245.4,-3.39,6.14,0.0,111.79
2023-01-02 02:00:00+00:00,27036.1,-3.34,6.32,0.0,92.74
2023-01-02 03:00:00+00:00,26777.7,-2.38,4.98,0.0,115.84
2023-01-02 04:00:00+00:00,26103.8,-1.22,4.55,0.0,118.98
2023-01-02 05:00:00+00:00,27631.5,-1.72,5.06,0.0,113.55
2023-01-02 06:00:00+00:00,30512.4,-1.41,6.09,0.0,126.71
2023-01-02 07:00:00+00:00,33657.3,-1.69,7.97,17.5,130.51
2023-01-02 08:00:00+00:00,34923.7,0.02,7.59,31.2,141.05
2023-01-02 09:00:00+00:00,35299.9,1.45,6.88,46.8,141.78
2023-01-02 10:00:00+00:00,35202.3,2.45,7.29,71.2,142.37
2023-01-02 11:00:00+00:00,35048.4,3.29,8.74,34.9,133.55
2023-01-02 12:00:00+00:00,34351.2,4.76,9.85,60.1,140.45
2023-01-02 13:00:00+00:00,33333.0,5.95,8.9,55.3,121.18
2023-01-02 14:00:00+00:00,31651.8,6.91,8.7,74.5,103.5
2023-01-02 15:00:00+00:00,32007.8,7.23,9.28,32.0,97.75
2023-01-02 16:00:00+00:00,34729.7,6.86,9.88,18.4,139.12
2023-01-02 17:00:00+00:00,37257.9,6.96,10.2,17.8,156.94
2023-01-02 18:00:00+00:00,38458.0,6.91,9.69,0.0,142.02
2023-01-02 19:00:00+00:00,36751.7,6.1,10.01,0.0,147.86
2023-01-02 20:00:00+00:00,34894.1,5.09,10.59,0.0,132.75
2023-01-02 21:00:00+00:00,33027.9,4.93,9.68,0.0,121.29
2023-01-02 22:00:00+00:00,30658.5,5.07,10.59,0.0,90.85
2023-01-02 23:00:00+00:00,29569.1,3.79,11.18,0.0,97.31
2023-01-03 00:00:00+00:00,28024.1,2.89,10.39,0.0,100.41
2023-01-03 01:00:00+00:00,26561.2,2.54,10.95,0.0,89.51
2023-01-03 02:00:00+00:00,25455.5,2.44,11.38,0.0,71.63
2023-01-03 03:00:00+00:00,25614.2,1.93,11.83,0.0,73.68
2023-01-03 04:00:00+00:00,25488.4,3.08,12.82,0.0,40.71
2023-01-03 05:00:00+00:00,26527.2,3.52,12.52,0.0,72.76
2023-01-03 06:00:00+00:00,28455.6,4.19,12.51,0.0,84.55
2023-01-03 07:00:00+00:00,30621.0,5.75,10.17,15.1,99.63
2023-01-03 08:00:00+00:00,32490.9,6.05,10.88,23.0,110.58
2023-01-03 09:00:00+00:00,33514.3,6.63,11.48,61.0,104.55
2023-01-03 10:00:00+00:00,34279.0,6.52,12.32,72.8,93.51
2023-01-03 11:00:00+00:00,34364.2,7.04,11.32,72.6,121.1
2023-01-03 12:00:00+00:00,33752.3,6.66,11.86,67.0,127.68
2023-01-03 13:00:00+00:00,32143.2,7.52,12.41,67.3,87.39
2023-01-03 14:00:00+00:00,32047.4,7.99,11.63,47.9,101.89
2023-01-03 15:00:00+00:00,32886.8,7.83,12.23,35.4,90.58
2023-01-03 16:00:00+00:00,34778.8,7.59,12.33,33.9,117.04
2023-01-03 17:00:00+00:00,36949.4,7.67,10.73,19.6,131.04
2023-01-03 18:00:00+00:00,37892.2,6.43,11.0,0.0,141.61
2023-01-03 19:00:00+00:00,36816.3,5.87,10.2,0.0,150.8
2023-01-03 20:00:00+00:00,35011.5,5.5,8.73,0.0,140.92
2023-01-03 21:00:00+00:00,33634.0,3.57,8.93,0.0,127.45
2023-01-03 22:00:00+00:00,30757.3,3.17,8.79,0.0,102.86
2023-01-03 23:00:00+00:00,29179.7,1.38,9.79,0.0,104.2
2023-01-04 00:00:00+00:00,28302.2,0.64,9.8,0.0,80.83
2023-01-04 01:00:00+00:00,28099.9,-0.55,10.26,0.0,101.5
2023-01-04 02:00:00+00:00,27662.1,0.01,10.5,0.0,85.44
2023-01-04 03:00:00+00:00,27385.2,-0.81,11.12,0.0,68.99
2023-01-04 04:00:00+00:00,27150.0,-1.7,10.22,0.0,67.62
2023-01-04 05:00:00+00:00,28919.4,-1.29,10.22,0.0,90.1
2023-01-04 06:00:00+00:00,31760.2,-1.03,9.95,0.0,108.3
2023-01-04 07:00:00+00:00,34782.1,-1.28,10.31,16.6,131.41
2023-01-04 08:00:00+00:00,35857.6,-0.19,10.35,38.5,121.26
2023-01-04 09:00:00+00:00,36408.1,-0.56,9.7,33.5,146.54
2023-01-04 10:00:00+00:00,36723.0,-0.32,9.3,54.1,115.89
2023-01-04 11:00:00+00:00,36388.5,0.15,10.47,50.7,133.93
2023-01-04 12:00:00+00:00,35312.4,1.36,8.97,90.9,124.59
2023-01-04 13:00:00+00:00,35132.3,2.7,9.43,46.9,132.37
2023-01-04 14:00:00+00:00,33508.2,3.72,10.28,76.6,127.01
2023-01-04 15:00:00+00:00,33458.5,3.77,10.57,41.7,124.65
2023-01-04 16:00:00+00:00,35580.7,2.26,11.93,31.9,125.0
2023-01-04 17:00:00+00:00,38078.5,2.27,12.42,16.9,148.37
2023-01-04 18:00:00+00:00,39341.9,2.75,12.45,0.0,157.4
2023-01-04 19:00:00+00:00,38079.3,2.92,11.81,0.0,154.92
2023-01-04 20:00:00+00:00,36064.4,2.49,11.88,0.0,120.97
2023-01-04 21:00:00+00:00,33810.8,1.02,12.17,0.0,119.41
2023-01-04 22:00:00+00:00,32267.8,-0.04,11.92,0.0,111.73
2023-01-04 23:00:00+00:00,29709.1,0.44,11.09,0.0,93.24
2023-01-05 00:00:00+00:00,28944.0,-1.05,9.94,0.0,105.08
2023-01-05 01:00:00+00:00,28216.6,-2.19,9.94,0.0,90.74
2023-01-05 02:00:00+00:00,27200.2,-1.87,8.64,0.0,76.41
2023-01-05 03:00:00+00:00,26779.4,-2.2,8.19,0.0,103.9
2023-01-05 04:00:00+00:00,27869.8,-2.77,6.23,0.0,102.2
2023-01-05 05:00:00+00:00,29300.0,-1.49,6.92,0.0,95.61
2023-01-05 06:00:00+00:00,31286.6,-0.71,7.82,0.0,152.06
2023-01-05 07:00:00+00:00,33269.8,-0.29,7.84,16.4,119.94
2023-01-05 08:00:00+00:00,35284.8,-0.23,9.23,27.2,140.94
2023-01-05 09:00:00+00:00,34856.7,1.82,10.18,44.0,115.08
2023-01-05 10:00:00+00:00,34840.7,2.59,10.39,37.5,120.62
2023-01-05 11:00:00+00:00,34136.0,4.16,10.13,72.8,112.48
2023-01-05 12:00:00+00:00,32576.4,5.31,9.7,69.0,102.73
2023-01-05 13:00:00+00:00,31936.5,5.44,10.01,41.3,117.86
2023-01-05 14:00:00+00:00,32109.0,5.41,9.75,37.1,134.62
2023-01-05 15:00:00+00:00,32094.6,6.37,10.04,37.8,110.24
2023-01-05 16:00:00+00:00,33202.6,7.1,10.37,31.8,97.69
2023-01-05 17:00:00+00:00,36627.6,5.62,10.03,12.8,128.77
2023-01-05 18:00:00+00:00,36916.4,5.44,10.73,0.0,129.7
2023-01-05 19:00:00+00:00,36006.7,4.71,10.37,0.0,135.57
2023-01-05 20:00:00+00:00,34332.2,3.34,10.21,0.0,121.15
2023-01-05 21:00:00+00:00,32832.5,2.7,9.29,0.0,142.45
2023-01-05 22:00:00+00:00,31031.8,1.1,8.96,0.0,111.26
2023-01-05 23:00:00+00:00,29923.7,0.1,10.55,0.0,105.06
2023-01-06 00:00:00+00:00,29788.9,-1.0,9.67,0.0,99.22
2023-01-06 01:00:00+00:00,29088.2,-1.75,9.88,0.0,95.17
2023-01-06 02:00:00+00:00,28768.3,-2.06,9.38,0.0,92.75
2023-01-06 03:00:00+00:00,28813.8,-2.73,7.53,0.0,106.54
2023-01-06 04:00:00+00:00,27732.2,-1.63,7.94,0.0,92.9
2023-01-06 05:00:00+00:00,28734.5,-1.01,7.46,0.0,106.84
2023-01-06 06:00:00+00:00,30654.0,0.56,7.69,0.0,111.19
2023-01-06 07:00:00+00:00,33681.0,1.07,8.42,17.0,152.36
2023-01-06 08:00:00+00:00,35225.6,1.45,8.54,27.2,141.52
2023-01-06 09:00:00+00:00,35402.4,3.28,8.72,29.9,143.26
2023-01-06 10:00:00+00:00,34716.2,3.67,7.95,74.0,132.6
2023-01-06 11:00:00+00:00,35090.1,4.26,8.46,86.2,118.16
2023-01-06 12:00:00+00:00,34471.1,5.3,8.24,93.2,116.38
2023-01-06 13:00:00+00:00,33378.0,5.0,6.61,58.7,132.81
2023-01-06 14:00:00+00:00,33344.4,5.71,7.28,79.3,127.18
2023-01-06 15:00:00+00:00,32799.8,6.15,8.15,55.0,126.92
2023-01-06 16:00:00+00:00,34322.9,6.77,9.25,30.9,129.78
2023-01-06 17:00:00+00:00,36671.1,6.95,10.84,23.3,129.29
2023-01-06 18:00:00+00:00,37258.9,7.19,11.25,0.0,163.45
2023-01-06 19:00:00+00:00,36005.3,6.41,11.44,0.0,131.87
2023-01-06 20:00:00+00:00,34453.5,5.09,12.07,0.0,111.24
2023-01-06 21:00:00+00:00,31716.8,5.51,11.12,0.0,100.57
2023-01-06 22:00:00+00:00,30224.1,3.72,9.61,0.0,110.75
2023-01-06 23:00:00+00:00,29110.2,2.06,9.11,0.0,97.31
2023-01-07 00:00:00+00:00,26762.0,1.72,10.0,0.0,90.15
2023-01-07 01:00:00+00:00,25922.0,2.16,9.33,0.0,78.31
2023-01-07 02:00:00+00:00,24848.9,1.9,9.58,0.0,67.53
2023-01-07 03:00:00+00:00,24197.9,2.31,9.9,0.0,51.36
2023-01-07 04:00:00+00:00,24547.9,1.12,9.95,0.0,77.96
2023-01-07 05:00:00+00:00,25645.0,1.06,8.8,0.0,69.46
2023-01-07 06:00:00+00:00,28710.6,0.37,8.98,0.0,105.25
2023-01-07 07:00:00+00:00,31189.5,1.44,8.55,11.2,108.14
2023-01-07 08:00:00+00:00,32809.4,1.21,9.8,45.3,123.19
2023-01-07 09:00:00+00:00,33687.4,1.23,10.55,48.3,128.42
2023-01-07 10:00:00+00:00,32347.7,2.34,10.07,82.0,100.16
2023-01-07 11:00:00+00:00,31488.2,3.71,11.3,86.3,87.18
2023-01-07 12:00:00+00:00,31751.0,4.23,11.35,67.1,120.42
2023-01-07 13:00:00+00:00,31470.5,5.05,9.83,58.9,109.95
2023-01-07 14:00:00+00:00,31392.0,5.66,9.63,46.2,114.11
2023-01-07 15:00:00+00:00,30931.7,5.61,10.77,67.9,82.82
2023-01-07 16:00:00+00:00,32400.1,4.84,9.94,36.8,101.69
2023-01-07 17:00:00+00:00,34618.0,4.88,9.74,22.6,129.38
2023-01-07 18:00:00+00:00,35657.0,4.77,8.54,0.0,137.8
2023-01-07 19:00:00+00:00,33936.5,4.67,7.53,0.0,126.69
2023-01-07 20:00:00+00:00,31418.8,4.1,6.85,0.0,128.08
2023-01-07 21:00:00+00:00,30561.2,2.58,5.89,0.0,108.18
2023-01-07 22:00:00+00:00,28763.0,2.2,5.47,0.0,119.81
2023-01-07 23:00:00+00:00,27006.9,1.45,6.9,0.0,89.46
2023-01-08 00:00:00+00:00,26562.7,0.5,6.88,0.0,103.0
2023-01-08 01:00:00+00:00,26035.9,-0.17,7.5,0.0,90.4
2023-01-08 02:00:00+00:00,24550.6,-0.9,8.33,0.0,81.27
2023-01-08 03:00:00+00:00,24518.1,-0.46,7.4,0.0,94.21
2023-01-08 04:00:00+00:00,25136.6,-1.23,6.73,0.0,81.45
2023-01-08 05:00:00+00:00,25364.1,-1.51,7.34,0.0,76.38
2023-01-08 06:00:00+00:00,28371.4,-1.2,6.82,0.0,118.99
2023-01-08 07:00:00+00:00,30911.5,0.42,7.38,11.0,135.33
2023-01-08 08:00:00+00:00,31566.4,1.78,8.67,36.1,126.34
2023-01-08 09:00:00+00:00,32645.7,1.56,7.45,52.8,102.07
2023-01-08 10:00:00+00:00,32255.0,3.16,7.15,77.4,128.9
2023-01-08 11:00:00+00:00,31712.6,4.68,6.99,39.5,113.88
2023-01-08 12:00:00+00:00,30612.4,4.57,6.58,46.4,127.29
2023-01-08 13:00:00+00:00,30470.1,3.52,6.12,39.8,117.86
2023-01-08 14:00:00+00:00,29801.1,3.81,5.78,82.3,111.78
2023-01-08 15:00:00+00:00,29954.5,4.62,5.83,49.2,114.24
2023-01-08 16:00:00+00:00,30863.6,5.48,6.02,26.9,118.2
2023-01-08 17:00:00+00:00,33394.0,4.65,6.81,10.5,123.46
2023-01-08 18:00:00+00:00,35120.6,5.22,6.8,0.0,143.58
2023-01-08 19:00:00+00:00,35042.5,3.23,7.69,0.0,143.46
2023-01-08 20:00:00+00:00,33745.0,2.3,7.19,0.0,151.99
2023-01-08 21:00:00+00:00,32611.4,1.29,6.24,0.0,140.46
2023-01-08 22:00:00+00:00,29197.8,1.22,6.04,0.0,113.03
2023-01-08 23:00:00+00:00,27362.1,1.28,6.45,0.0,99.05
2023-01-09 00:00:00+00:00,28518.9,1.2,7.15,0.0,75.97
2023-01-09 01:00:00+00:00,27637.6,-0.13,8.28,0.0,90.48
2023-01-09 02:00:00+00:00,26148.8,0.08,8.45,0.0,85.92
2023-01-09 03:00:00+00:00,26368.5,0.25,8.96,0.0,76.97
2023-01-09 04:00:00+00:00,27373.9,-0.69,9.94,0.0,78.59
2023-01-09 05:00:00+00:00,28655.4,-1.63,9.18,0.0,70.79
2023-01-09 06:00:00+00:00,31062.9,-0.5,8.91,0.0,97.61
2023-01-09 07:00:00+00:00,33888.5,0.03,10.98,19.2,104.89
2023-01-09 08:00:00+00:00,35950.4,-0.01,11.45,25.2,118.04
2023-01-09 09:00:00+00:00,35791.3,0.68,11.63,63.0,90.22
2023-01-09 10:00:00+00:00,35519.0,1.72,12.09,74.1,113.75
2023-01-09 11:00:00+00:00,35052.2,2.43,10.79,49.3,120.73
2023-01-09 12:00:00+00:00,34722.4,2.15,10.1,93.4,124.33
2023-01-09 13:00:00+00:00,32281.3,3.82,9.15,61.7,108.66
2023-01-09 14:00:00+00:00,31944.0,4.75,9.37,58.9,118.18
2023-01-09 15:00:00+00:00,32562.0,4.65,8.96,51.0,134.24
2023-01-09 16:00:00+00:00,34156.3,4.38,8.94,43.9,112.51
2023-01-09 17:00:00+00:00,37019.0,4.32,8.6,12.9,135.33
2023-01-09 18:00:00+00:00,38556.3,3.17,7.25,0.0,168.6
2023-01-09 19:00:00+00:00,37443.5,2.77,7.93,0.0,160.75
2023-01-09 20:00:00+00:00,35747.8,1.28,6.5,0.0,140.21
2023-01-09 21:00:00+00:00,33210.0,0.5,5.96,0.0,156.96
2023-01-09 22:00:00+00:00,30778.8,-0.93,4.98,0.0,121.34
2023-01-09 23:00:00+00:00,30091.9,-2.26,4.4,0.0,127.34
2023-01-10 00:00:00+00:00,28410.8,-1.82,4.68,0.0,124.81
2023-01-10 01:00:00+00:00,27239.9,-2.21,5.77,0.0,119.61
2023-01-10 02:00:00+00:00,27329.6,-2.34,4.61,0.0,102.08
2023-01-10 03:00:00+00:00,26684.5,-3.6,4.29,0.0,117.27
2023-01-10 04:00:00+00:00,26629.6,-3.78,3.06,0.0,115.07
2023-01-10 05:00:00+00:00,28317.7,-3.11,2.78,0.0,113.1
2023-01-10 06:00:00+00:00,30738.4,-2.44,3.05,0.0,134.72
2023-01-10 07:00:00+00:00,33251.6,-3.04,3.85,19.8,138.14
2023-01-10 08:00:00+00:00,34816.0,-2.09,2.35,43.8,172.74
2023-01-10 09:00:00+00:00,35378.1,-0.99,3.01,40.5,151.69
2023-01-10 10:00:00+00:00,34483.9,0.64,2.45,77.1,165.3
2023-01-10 11:00:00+00:00,33661.3,1.04,1.73,50.0,161.69
2023-01-10 12:00:00+00:00,33200.9,0.39,2.04,62.9,159.75
2023-01-10 13:00:00+00:00,33419.1,0.38,2.78,54.0,154.33
2023-01-10 14:00:00+00:00,33947.6,0.15,2.91,59.7,147.59
2023-01-10 15:00:00+00:00,34449.0,0.84,2.26,71.6,165.83
2023-01-10 16:00:00+00:00,37444.5,-0.77,2.42,43.1,182.46
2023-01-10 17:00:00+00:00,40485.4,-1.17,2.08,13.9,198.17
2023-01-10 18:00:00+00:00,40308.7,-0.61,2.8,0.0,224.99
2023-01-10 19:00:00+00:00,39428.3,-1.09,3.85,0.0,176.58
2023-01-10 20:00:00+00:00,37297.7,-1.13,4.8,0.0,175.54
2023-01-10 21:00:00+00:00,36587.7,-2.78,4.89,0.0,171.63
2023-01-10 22:00:00+00:00,36074.4,-4.37,5.88,0.0,154.42
2023-01-10 23:00:00+00:00,33570.9,-4.06,5.14,0.0,148.76
2023-01-11 00:00:00+00:00,32017.0,-4.5,6.62,0.0,133.37
2023-01-11 01:00:00+00:00,30474.2,-4.78,5.84,0.0,123.13
2023-01-11 02:00:00+00:00,30039.9,-5.62,4.31,0.0,123.93
2023-01-11 03:00:00+00:00,29649.6,-5.52,5.51,0.0,119.86
2023-01-11 04:00:00+00:00,31161.2,-5.97,5.03,0.0,126.25
2023-01-11 05:00:00+00:00,31628.8,-4.81,5.22,0.0,147.8
2023-01-11 06:00:00+00:00,32687.8,-2.57,4.5,0.0,153.05
2023-01-11 07:00:00+00:00,35120.7,-1.58,6.48,16.9,147.76
2023-01-11 08:00:00+00:00,36235.4,-1.18,7.93,31.9,137.32
2023-01-11 09:00:00+00:00,36281.6,-1.85,9.09,40.1,134.98
2023-01-11 10:00:00+00:00,36368.0,-1.97,9.06,42.0,132.82
2023-01-11 11:00:00+00:00,36534.1,-0.17,9.72,69.7,133.13
2023-01-11 12:00:00+00:00,36460.2,-0.05,9.54,73.1,118.31
2023-01-11 13:00:00+00:00,35315.8,0.33,10.29,47.4,119.71
2023-01-11 14:00:00+00:00,34757.4,1.15,9.81,69.1,112.01
2023-01-11 15:00:00+00:00,35654.1,2.25,10.91,45.7,117.07
2023-01-11 16:00:00+00:00,37278.3,2.11,10.35,35.2,155.86
2023-01-11 17:00:00+00:00,39179.5,1.66,9.91,19.1,149.27
2023-01-11 18:00:00+00:00,40103.5,1.31,9.4,0.0,164.1
2023-01-11 19:00:00+00:00,39122.9,0.4,9.43,0.0,153.85
2023-01-11 20:00:00+00:00,37429.6,-0.58,9.01,0.0,154.51
2023-01-11 21:00:00+00:00,35987.8,-1.0,9.29,0.0,134.14
2023-01-11 22:00:00+00:00,33593.7,-1.58,8.8,0.0,120.82
2023-01-11 23:00:00+00:00,30281.3,-0.94,9.32,0.0,96.72
2023-01-12 00:00:00+00:00,29455.1,-1.26,10.4,0.0,85.4
2023-01-12 01:00:00+00:00,28331.2,-1.01,10.29,0.0,101.7
2023-01-12 02:00:00+00:00,28191.5,-1.94,11.86,0.0,81.16
2023-01-12 03:00:00+00:00,27349.9,-1.7,12.5,0.0,62.66
2023-01-12 04:00:00+00:00,28687.8,-2.01,13.89,0.0,77.69
2023-01-12 05:00:00+00:00,29020.5,-1.44,13.5,0.0,84.89
2023-01-12 06:00:00+00:00,30600.2,-0.52,11.88,0.0,84.5
2023-01-12 07:00:00+00:00,33308.5,0.14,11.08,21.9,107.67
2023-01-12 08:00:00+00:00,34948.8,2.32,10.4,50.8,122.08
2023-01-12 09:00:00+00:00,35494.7,3.92,9.49,40.2,123.27
2023-01-12 10:00:00+00:00,35068.0,5.35,7.65,74.8,130.9
2023-01-12 11:00:00+00:00,34553.9,6.45,8.42,91.6,122.44
2023-01-12 12:00:00+00:00,32825.9,8.04,6.89,48.9,126.84
2023-01-12 13:00:00+00:00,31579.4,7.54,7.62,99.2,143.84
2023-01-12 14:00:00+00:00,30814.0,8.57,9.3,90.3,91.19
2023-01-12 15:00:00+00:00,31850.9,7.97,8.58,63.5,97.55
2023-01-12 16:00:00+00:00,34270.2,7.44,8.8,37.9,137.18
2023-01-12 17:00:00+00:00,36218.1,7.4,8.4,21.1,144.28
2023-01-12 18:00:00+00:00,36627.8,7.58,8.98,0.0,140.23
2023-01-12 19:00:00+00:00,36294.1,6.17,7.94,0.0,155.52
2023-01-12 20:00:00+00:00,34678.2,5.05,7.79,0.0,125.72
2023-01-12 21:00:00+00:00,31908.6,4.27,8.63,0.0,119.95
2023-01-12 22:00:00+00:00,29523.7,3.31,8.51,0.0,101.25
2023-01-12 23:00:00+00:00,28273.2,3.04,7.16,0.0,103.24
2023-01-13 00:00:00+00:00,26161.3,4.4,8.12,0.0,85.51
2023-01-13 01:00:00+00:00,24872.7,4.04,7.05,0.0,106.88
2023-01-13 02:00:00+00:00,24442.8,3.16,7.11,0.0,75.1
2023-01-13 03:00:00+00:00,25212.4,2.16,7.56,0.0,73.87
2023-01-13 04:00:00+00:00,25736.8,1.97,7.63,0.0,90.44
2023-01-13 05:00:00+00:00,27951.1,1.62,9.58,0.0,98.02
2023-01-13 06:00:00+00:00,29846.1,2.31,10.03,0.0,83.25
2023-01-13 07:00:00+00:00,32438.8,3.13,9.72,12.6,116.97
2023-01-13 08:00:00+00:00,34268.1,3.5,10.05,33.3,109.06
2023-01-13 09:00:00+00:00,33849.7,5.4,10.06,75.9,101.53
2023-01-13 10:00:00+00:00,33085.5,5.63,9.95,92.0,107.73
2023-01-13 11:00:00+00:00,32590.4,6.19,9.99,82.4,100.79
2023-01-13 12:00:00+00:00,31777.2,7.12,9.5,81.7,92.33
2023-01-13 13:00:00+00:00,30977.0,8.04,9.54,82.4,91.62
2023-01-13 14:00:00+00:00,30219.0,9.0,9.02,62.3,94.64
2023-01-13 15:00:00+00:00,30827.7,9.24,7.44,44.3,119.53
2023-01-13 16:00:00+00:00,32432.7,9.64,8.31,22.0,110.03
2023-01-13 17:00:00+00:00,34549.5,8.8,7.8,11.6,136.74
2023-01-13 18:00:00+00:00,35434.0,8.75,7.87,0.0,-5.11
2023-01-13 19:00:00+00:00,33727.5,8.53,7.23,0.0,132.77
2023-01-13 20:00:00+00:00,32789.3,8.57,6.65,0.0,139.8
2023-01-13 21:00:00+00:00,31526.3,6.61,5.85,0.0,124.38
2023-01-13 22:00:00+00:00,30036.7,5.16,6.65,0.0,121.24
2023-01-13 23:00:00+00:00,28310.2,4.81,7.6,0.0,81.23
2023-01-14 00:00:00+00:00,26622.7,2.46,7.59,0.0,79.16
2023-01-14 01:00:00+00:00,24785.7,2.2,7.14,0.0,87.33
2023-01-14 02:00:00+00:00,23712.7,2.46,5.81,0.0,88.76
2023-01-14 03:00:00+00:00,24176.5,1.91,6.49,0.0,100.22
2023-01-14 04:00:00+00:00,24279.3,1.66,5.99,0.0,91.9
2023-01-14 05:00:00+00:00,25304.1,1.24,5.16,0.0,107.02
2023-01-14 06:00:00+00:00,27478.6,1.35,5.28,0.0,98.26
2023-01-14 07:00:00+00:00,31346.1,1.63,5.1,26.1,130.05
2023-01-14 08:00:00+00:00,33870.2,1.91,4.01,33.2,136.82
2023-01-14 09:00:00+00:00,34279.8,2.23,3.08,41.2,168.37
2023-01-14 10:00:00+00:00,33896.1,2.83,3.54,94.4,145.98
2023-01-14 11:00:00+00:00,33528.0,3.39,3.2,102.3,152.78
2023-01-14 12:00:00+00:00,32500.7,5.13,3.79,65.8,118.22
2023-01-14 13:00:00+00:00,31673.3,5.34,4.06,101.2,107.0
2023-01-14 14:00:00+00:00,30789.5,5.83,5.03,89.9,140.09
2023-01-14 15:00:00+00:00,30798.5,5.56,4.48,47.7,163.09
2023-01-14 16:00:00+00:00,32963.0,5.08,4.79,34.5,144.31
2023-01-14 17:00:00+00:00,35854.9,3.76,5.4,27.8,170.8
2023-01-14 18:00:00+00:00,37872.7,2.36,4.99,0.0,164.26
2023-01-14 19:00:00+00:00,36557.0,1.07,5.97,0.0,142.65
2023-01-14 20:00:00+00:00,34117.0,0.53,4.72,0.0,167.02
2023-01-14 21:00:00+00:00,31363.6,0.47,4.18,0.0,135.53
2023-01-14 22:00:00+00:00,29418.3,-1.34,2.99,0.0,129.5
2023-01-14 23:00:00+00:00,27503.7,-2.31,2.61,0.0,276.24
2023-01-15 00:00:00+00:00,27594.9,-3.67,2.71,0.0,118.69
2023-01-15 01:00:00+00:00,26508.2,-4.2,3.58,0.0,99.16
2023-01-15 02:00:00+00:00,25511.4,-3.75,3.63,0.0,90.81
2023-01-15 03:00:00+00:00,25701.6,-4.03,3.33,0.0,107.37
2023-01-15 04:00:00+00:00,26905.7,-3.87,2.3,0.0,128.89
2023-01-15 05:00:00+00:00,27330.4,-2.6,1.59,0.0,123.69
2023-01-15 06:00:00+00:00,28867.1,-1.79,2.1,0.0,131.87
2023-01-15 07:00:00+00:00,31673.7,-1.58,3.03,26.6,135.08
2023-01-15 08:00:00+00:00,32391.1,-0.7,2.91,30.1,142.43
2023-01-15 09:00:00+00:00,33332.7,-0.36,4.06,39.4,162.06
2023-01-15 10:00:00+00:00,33318.8,0.74,3.46,93.6,144.19
2023-01-15 11:00:00+00:00,32468.9,1.83,3.33,97.6,133.11
2023-01-15 12:00:00+00:00,31811.7,1.69,3.28,73.5,155.37
2023-01-15 13:00:00+00:00,32216.1,2.34,4.66,85.7,130.19
2023-01-15 14:00:00+00:00,31172.5,2.64,4.88,65.2,125.23
2023-01-15 15:00:00+00:00,30994.7,3.13,3.58,45.7,131.76
2023-01-15 16:00:00+00:00,32744.5,3.59,4.5,56.8,122.79
2023-01-15 17:00:00+00:00,35604.0,3.61,6.06,21.5,146.04
2023-01-15 18:00:00+00:00,36663.4,2.98,5.92,0.0,160.99
2023-01-15 19:00:00+00:00,35193.7,2.96,5.27,0.0,149.31
2023-01-15 20:00:00+00:00,33837.0,1.73,6.03,0.0,151.12
2023-01-15 21:00:00+00:00,33708.7,0.19,7.62,0.0,121.94
2023-01-15 22:00:00+00:00,31718.5,-2.45,8.25,0.0,119.4
2023-01-15 23:00:00+00:00,29724.2,-3.11,6.92,0.0,106.58
2023-01-16 00:00:00+00:00,30932.3,-4.11,7.51,0.0,125.15
2023-01-16 01:00:00+00:00,29992.4,-4.23,7.8,0.0,123.86
2023-01-16 02:00:00+00:00,30917.1,-5.6,7.01,0.0,130.56
2023-01-16 03:00:00+00:00,30365.9,-5.95,8.02,0.0,110.31
2023-01-16 04:00:00+00:00,30455.7,-5.42,8.31,0.0,108.18
2023-01-16 05:00:00+00:00,30497.7,-5.6,9.28,0.0,102.54
2023-01-16 06:00:00+00:00,32584.9,-4.73,8.33,0.0,110.41
2023-01-16 07:00:00+00:00,35402.9,-4.3,8.58,26.2,143.85
2023-01-16 08:00:00+00:00,37329.2,-3.46,7.8,35.0,128.71
2023-01-16 09:00:00+00:00,37112.6,-2.18,7.95,69.8,141.33
2023-01-16 10:00:00+00:00,35969.3,-0.71,9.06,46.7,150.26
2023-01-16 11:00:00+00:00,35520.4,0.18,7.84,53.9,121.13
2023-01-16 12:00:00+00:00,34476.4,0.41,6.73,62.7,141.35
2023-01-16 13:00:00+00:00,33572.9,0.72,7.49,72.4,133.91
2023-01-16 14:00:00+00:00,33208.4,1.52,7.45,71.6,118.64
2023-01-16 15:00:00+00:00,32751.6,1.11,8.35,52.9,107.66
2023-01-16 16:00:00+00:00,34820.4,1.02,7.65,45.5,117.99
2023-01-16 17:00:00+00:00,38391.2,0.6,7.66,14.4,153.71
2023-01-16 18:00:00+00:00,38824.8,0.18,8.16,0.0,151.45
2023-01-16 19:00:00+00:00,37663.1,-0.92,8.27,0.0,137.29
2023-01-16 20:00:00+00:00,36715.7,-2.63,6.81,0.0,163.86
2023-01-16 21:00:00+00:00,35237.2,-2.93,9.02,0.0,124.41
2023-01-16 22:00:00+00:00,32920.9,-2.98,9.09,0.0,123.35
2023-01-16 23:00:00+00:00,31698.3,-4.65,7.94,0.0,109.01
2023-01-17 00:00:00+00:00,31371.5,-4.89,8.13,0.0,119.98
2023-01-17 01:00:00+00:00,30027.9,-4.58,8.41,0.0,107.12
2023-01-17 02:00:00+00:00,28770.2,-4.4,9.12,0.0,104.04
2023-01-17 03:00:00+00:00,28621.9,-4.65,9.74,0.0,73.45
2023-01-17 04:00:00+00:00,28987.9,-5.0,9.43,0.0,85.61
2023-01-17 05:00:00+00:00,29817.2,-4.53,7.97,0.0,115.36
2023-01-17 06:00:00+00:00,31222.3,-3.79,8.28,0.0,106.38
2023-01-17 07:00:00+00:00,34106.0,-3.0,6.93,15.3,132.43
2023-01-17 08:00:00+00:00,36044.2,-2.28,7.88,59.9,145.06
2023-01-17 09:00:00+00:00,36961.3,-2.04,7.27,45.6,146.46
2023-01-17 10:00:00+00:00,36515.2,-0.89,7.75,85.8,142.36
2023-01-17 11:00:00+00:00,35795.2,0.22,7.2,67.5,140.0
2023-01-17 12:00:00+00:00,34911.2,1.06,6.8,53.9,135.63
2023-01-17 13:00:00+00:00,34545.7,1.7,6.19,48.1,126.78
2023-01-17 14:00:00+00:00,33125.8,3.09,6.79,50.7,123.91
2023-01-17 15:00:00+00:00,33337.4,2.88,6.31,54.7,137.53
2023-01-17 16:00:00+00:00,34594.5,3.61,6.95,44.8,133.73
2023-01-17 17:00:00+00:00,37361.1,2.9,6.49,21.3,162.63
2023-01-17 18:00:00+00:00,38891.2,3.14,6.33,0.0,165.97
2023-01-17 19:00:00+00:00,36786.5,3.29,6.39,0.0,161.11
2023-01-17 20:00:00+00:00,35247.3,2.4,6.54,0.0,140.04
2023-01-17 21:00:00+00:00,33246.5,2.63,5.84,0.0,126.31
2023-01-17 22:00:00+00:00,30622.0,2.12,6.45,0.0,127.6
2023-01-17 23:00:00+00:00,29318.5,0.84,6.27,0.0,101.09
2023-01-18 00:00:00+00:00,28133.7,-0.01,6.73,0.0,95.54
2023-01-18 01:00:00+00:00,27060.3,0.19,6.73,0.0,96.1
2023-01-18 02:00:00+00:00,26436.2,0.42,7.2,0.0,71.67
2023-01-18 03:00:00+00:00,27212.4,-0.36,6.87,0.0,90.4
2023-01-18 04:00:00+00:00,27116.0,-0.36,6.26,0.0,92.25
2023-01-18 05:00:00+00:00,28111.5,0.05,6.63,0.0,100.08
2023-01-18 06:00:00+00:00,30322.3,0.2,6.26,0.0,115.63
2023-01-18 07:00:00+00:00,33226.1,2.23,7.44,22.6,122.71
2023-01-18 08:00:00+00:00,34424.5,3.04,7.47,60.3,130.0
2023-01-18 09:00:00+00:00,34350.3,3.73,6.37,77.8,150.55
2023-01-18 10:00:00+00:00,33524.1,5.17,5.95,50.0,158.75
2023-01-18 11:00:00+00:00,32828.7,5.6,5.22,76.8,138.13
2023-01-18 12:00:00+00:00,31997.1,6.76,6.15,92.4,118.71
2023-01-18 13:00:00+00:00,31430.9,6.16,6.79,97.6,105.65
2023-01-18 14:00:00+00:00,31374.0,6.14,6.76,53.8,110.29
2023-01-18 15:00:00+00:00,31007.4,6.84,6.99,78.0,110.06
2023-01-18 16:00:00+00:00,33030.8,7.62,6.93,47.8,138.42
2023-01-18 17:00:00+00:00,35928.3,6.78,7.6,14.0,132.96
2023-01-18 18:00:00+00:00,38089.5,5.7,7.98,0.0,158.75
2023-01-18 19:00:00+00:00,36876.3,5.37,8.48,0.0,139.95
2023-01-18 20:00:00+00:00,35298.8,4.22,8.25,0.0,146.51
2023-01-18 21:00:00+00:00,34378.6,3.24,7.7,0.0,130.6
2023-01-18 22:00:00+00:00,32024.7,2.95,8.18,0.0,110.01
2023-01-18 23:00:00+00:00,30300.6,1.85,9.34,0.0,94.08
2023-01-19 00:00:00+00:00,29228.3,0.02,10.08,0.0,107.88
2023-01-19 01:00:00+00:00,29097.6,-1.24,11.17,0.0,83.38
2023-01-19 02:00:00+00:00,27966.1,-1.52,11.09,0.0,88.4
2023-01-19 03:00:00+00:00,27555.0,-2.72,10.12,0.0,83.68
2023-01-19 04:00:00+00:00,27412.2,-2.74,9.28,0.0,89.95
2023-01-19 05:00:00+00:00,28605.0,-3.22,10.24,0.0,82.07
2023-01-19 06:00:00+00:00,30626.5,-1.68,8.62,0.0,105.53
2023-01-19 07:00:00+00:00,32906.5,0.29,9.72,16.2,102.65
2023-01-19 08:00:00+00:00,35046.8,0.38,8.97,59.8,116.92
2023-01-19 09:00:00+00:00,34857.7,1.34,10.37,73.2,114.91
2023-01-19 10:00:00+00:00,34531.5,1.56,10.15,101.5,111.07
2023-01-19 11:00:00+00:00,34280.6,2.13,10.56,73.9,111.28
2023-01-19 12:00:00+00:00,33028.5,3.88,12.24,115.5,100.81
2023-01-19 13:00:00+00:00,31940.5,4.08,11.72,83.3,110.22
2023-01-19 14:00:00+00:00,31182.1,4.23,11.22,56.0,81.91
2023-01-19 15:00:00+00:00,31993.9,3.78,10.46,88.7,102.17
2023-01-19 16:00:00+00:00,33823.2,4.41,9.51,60.9,110.61
2023-01-19 17:00:00+00:00,37266.7,2.16,9.12,15.5,125.92
2023-01-19 18:00:00+00:00,39173.8,1.5,8.58,0.0,181.55
2023-01-19 19:00:00+00:00,38080.9,0.93,7.53,0.0,156.35
2023-01-19 20:00:00+00:00,36393.8,-0.12,7.33,0.0,144.17
2023-01-19 21:00:00+00:00,34978.6,-0.29,7.67,0.0,146.57
2023-01-19 22:00:00+00:00,32901.3,-0.27,6.94,0.0,153.19
2023-01-19 23:00:00+00:00,31176.1,-1.8,6.81,0.0,122.51
2023-01-20 00:00:00+00:00,30004.5,-1.08,7.92,0.0,131.8
2023-01-20 01:00:00+00:00,29961.3,-2.38,6.77,0.0,112.24
2023-01-20 02:00:00+00:00,29692.3,-1.86,8.29,0.0,112.76
2023-01-20 03:00:00+00:00,29451.0,-1.84,7.7,0.0,96.23
2023-01-20 04:00:00+00:00,29604.4,-2.01,7.82,0.0,96.6
2023-01-20 05:00:00+00:00,30556.6,-1.92,8.78,0.0,108.2
2023-01-20 06:00:00+00:00,33121.4,-1.43,9.93,0.0,127.54
2023-01-20 07:00:00+00:00,34847.9,-0.64,10.15,26.2,116.6
2023-01-20 08:00:00+00:00,36962.1,-0.43,9.45,57.7,145.12
2023-01-20 09:00:00+00:00,37103.5,0.25,8.71,78.3,142.92
2023-01-20 10:00:00+00:00,36331.9,0.62,8.18,54.5,136.38
2023-01-20 11:00:00+00:00,35386.8,0.68,9.6,112.8,128.86
2023-01-20 12:00:00+00:00,34271.1,0.9,9.17,57.6,113.31
2023-01-20 13:00:00+00:00,34149.8,0.78,9.31,54.7,130.22
2023-01-20 14:00:00+00:00,34746.7,0.94,8.38,99.7,123.03
2023-01-20 15:00:00+00:00,34541.2,1.42,7.41,46.4,140.46
2023-01-20 16:00:00+00:00,35893.7,1.5,7.41,43.0,143.67
2023-01-20 17:00:00+00:00,38512.3,2.49,7.13,32.1,160.46
2023-01-20 18:00:00+00:00,40055.4,0.75,6.93,0.0,138.35
2023-01-20 19:00:00+00:00,39145.1,0.51,5.78,0.0,167.29
2023-01-20 20:00:00+00:00,36680.0,-0.12,5.78,0.0,148.19
2023-01-20 21:00:00+00:00,34905.2,-0.31,7.05,0.0,146.13
2023-01-20 22:00:00+00:00,33332.9,-0.59,6.38,0.0,132.47
2023-01-20 23:00:00+00:00,31113.3,-1.36,7.12,0.0,100.78
2023-01-21 00:00:00+00:00,27642.8,-1.81,4.4,0.0,116.98
2023-01-21 01:00:00+00:00,26563.0,-2.68,3.9,0.0,105.86
2023-01-21 02:00:00+00:00,26244.0,-2.55,2.56,0.0,112.23
2023-01-21 03:00:00+00:00,26886.9,-3.72,3.75,0.0,114.85
2023-01-21 04:00:00+00:00,26461.2,-3.07,4.6,0.0,105.62
2023-01-21 05:00:00+00:00,28575.8,-2.72,3.91,0.0,139.62
2023-01-21 06:00:00+00:00,30621.0,-2.47,4.29,0.0,138.8
2023-01-21 07:00:00+00:00,32921.8,-1.92,5.37,20.5,136.9
2023-01-21 08:00:00+00:00,34961.9,-1.22,6.51,39.7,144.17
2023-01-21 09:00:00+00:00,34768.8,0.41,6.22,70.7,136.89
2023-01-21 10:00:00+00:00,33346.4,3.18,4.53,60.0,135.53
2023-01-21 11:00:00+00:00,32125.5,4.62,3.95,91.7,142.73
2023-01-21 12:00:00+00:00,32623.1,4.87,4.7,130.4,146.18
2023-01-21 13:00:00+00:00,31027.1,5.71,6.46,54.3,114.78
2023-01-21 14:00:00+00:00,30882.3,6.38,6.44,80.2,119.22
2023-01-21 15:00:00+00:00,30827.3,5.88,6.0,45.1,109.29
2023-01-21 16:00:00+00:00,32613.4,5.0,7.92,49.5,124.83
2023-01-21 17:00:00+00:00,35105.9,4.66,8.19,18.6,124.79
2023-01-21 18:00:00+00:00,36220.2,4.67,7.17,0.0,149.62
2023-01-21 19:00:00+00:00,34553.7,3.06,7.07,0.0,142.56
2023-01-21 20:00:00+00:00,32762.0,1.92,7.85,0.0,136.35
2023-01-21 21:00:00+00:00,31423.8,1.52,7.75,0.0,95.06
2023-01-21 22:00:00+00:00,29787.4,0.78,8.34,0.0,118.7
2023-01-21 23:00:00+00:00,27729.4,0.92,7.02,0.0,109.58
2023-01-22 00:00:00+00:00,26524.0,-0.54,5.89,0.0,101.55
2023-01-22 01:00:00+00:00,25139.8,0.41,5.37,0.0,87.66
2023-01-22 02:00:00+00:00,25434.4,-0.85,5.23,0.0,103.92
2023-01-22 03:00:00+00:00,25677.8,-2.17,5.58,0.0,111.69
2023-01-22 04:00:00+00:00,26522.8,-2.06,6.15,0.0,92.13
2023-01-22 05:00:00+00:00,27567.3,-2.41,8.12,0.0,104.97
2023-01-22 06:00:00+00:00,29072.9,-1.9,7.49,0.0,112.75
2023-01-22 07:00:00+00:00,31597.5,-1.26,7.22,33.4,129.55
2023-01-22 08:00:00+00:00,33226.6,-0.6,6.65,53.3,136.28
2023-01-22 09:00:00+00:00,33449.0,-0.28,7.51,89.4,122.72
2023-01-22 10:00:00+00:00,32908.9,0.83,8.38,100.8,102.0
2023-01-22 11:00:00+00:00,32954.3,1.42,7.96,112.9,110.64
2023-01-22 12:00:00+00:00,31800.5,2.77,9.52,101.9,107.71
2023-01-22 13:00:00+00:00,30536.7,3.18,8.84,52.7,98.5
2023-01-22 14:00:00+00:00,30884.1,2.95,9.56,108.9,75.6
2023-01-22 15:00:00+00:00,31879.7,2.1,10.57,85.9,90.9
2023-01-22 16:00:00+00:00,33264.9,1.98,9.32,56.5,102.84
2023-01-22 17:00:00+00:00,36452.0,1.01,9.66,32.4,135.55
2023-01-22 18:00:00+00:00,37306.4,-0.17,7.39,0.0,161.28
2023-01-22 19:00:00+00:00,35661.5,-0.34,8.02,0.0,141.59
2023-01-22 20:00:00+00:00,33857.0,-2.02,7.11,0.0,118.65
2023-01-22 21:00:00+00:00,31693.2,-1.8,7.55,0.0,114.31
2023-01-22 22:00:00+00:00,29982.7,-2.37,8.11,0.0,94.37
2023-01-22 23:00:00+00:00,28673.5,-3.01,8.93,0.0,91.14
2023-01-23 00:00:00+00:00,29808.6,-4.12,9.53,0.0,103.73
2023-01-23 01:00:00+00:00,28788.7,-4.02,9.45,0.0,91.42
2023-01-23 02:00:00+00:00,28525.9,-4.22,9.03,0.0,91.45
2023-01-23 03:00:00+00:00,28850.4,-4.63,8.87,0.0,109.72
2023-01-23 04:00:00+00:00,29129.9,-4.29,7.9,0.0,91.88
2023-01-23 05:00:00+00:00,30815.3,-4.9,7.69,0.0,123.25
2023-01-23 06:00:00+00:00,33258.4,-5.27,7.43,0.0,125.15
2023-01-23 07:00:00+00:00,35743.3,-5.17,6.79,23.1,169.9
2023-01-23 08:00:00+00:00,37182.9,-4.06,5.44,43.6,162.05
2023-01-23 09:00:00+00:00,37949.4,-3.13,4.52,94.5,147.13
2023-01-23 10:00:00+00:00,37796.9,-1.56,2.18,61.5,175.44
2023-01-23 11:00:00+00:00,36002.0,-1.26,2.18,76.5,154.62
2023-01-23 12:00:00+00:00,35621.0,-0.15,2.7,121.3,180.32
2023-01-23 13:00:00+00:00,34583.7,0.39,0.82,77.3,158.94
2023-01-23 14:00:00+00:00,34552.7,0.25,1.31,82.6,175.32
2023-01-23 15:00:00+00:00,34050.6,0.73,1.5,84.0,168.19
2023-01-23 16:00:00+00:00,35778.8,0.72,0.86,27.9,164.88
2023-01-23 17:00:00+00:00,37798.3,0.17,0.83,34.9,173.07
2023-01-23 18:00:00+00:00,38874.3,-0.15,1.96,0.0,201.01
2023-01-23 19:00:00+00:00,38103.1,-0.72,1.45,0.0,185.81
2023-01-23 20:00:00+00:00,36601.1,-1.41,1.79,0.0,178.48
2023-01-23 21:00:00+00:00,35876.7,-2.3,2.32,0.0,172.75
2023-01-23 22:00:00+00:00,33650.0,-3.73,1.91,0.0,130.73
2023-01-23 23:00:00+00:00,31591.6,-4.26,2.95,0.0,141.2
2023-01-24 00:00:00+00:00,31399.6,-5.2,3.47,0.0,149.41
2023-01-24 01:00:00+00:00,29679.8,-6.13,3.45,0.0,110.13
2023-01-24 02:00:00+00:00,29344.0,-6.4,5.48,0.0,122.92
2023-01-24 03:00:00+00:00,29118.6,-5.9,6.34,0.0,106.52
2023-01-24 04:00:00+00:00,28228.2,-5.54,5.06,0.0,98.91
2023-01-24 05:00:00+00:00,29088.6,-5.41,4.85,0.0,120.01
2023-01-24 06:00:00+00:00,31023.7,-5.13,6.89,0.0,116.98
2023-01-24 07:00:00+00:00,34287.3,-3.97,6.12,28.1,152.44
2023-01-24 08:00:00+00:00,36204.9,-4.55,6.22,34.7,143.73
2023-01-24 09:00:00+00:00,36351.6,-3.12,7.22,77.6,154.58
2023-01-24 10:00:00+00:00,35887.9,-3.31,7.72,59.8,137.11
2023-01-24 11:00:00+00:00,35497.6,-3.25,8.31,118.7,132.04
2023-01-24 12:00:00+00:00,34955.5,-2.73,8.82,73.3,121.43
2023-01-24 13:00:00+00:00,33821.6,-0.75,8.75,108.0,106.41
2023-01-24 14:00:00+00:00,33100.7,0.72,8.04,92.1,126.09
2023-01-24 15:00:00+00:00,34061.3,1.38,8.33,65.8,122.27
2023-01-24 16:00:00+00:00,36153.5,1.6,7.95,55.9,134.75
2023-01-24 17:00:00+00:00,38244.3,0.28,7.52,33.4,164.44
2023-01-24 18:00:00+00:00,39849.6,0.03,8.66,0.0,175.37
2023-01-24 19:00:00+00:00,39089.4,-0.79,8.28,0.0,152.56
2023-01-24 20:00:00+00:00,37376.1,-1.87,9.55,0.0,157.15
2023-01-24 21:00:00+00:00,35875.2,-2.41,9.62,0.0,123.49
2023-01-24 22:00:00+00:00,34238.5,-3.34,9.36,0.0,124.98
2023-01-24 23:00:00+00:00,32032.2,-3.4,7.83,0.0,126.53
2023-01-25 00:00:00+00:00,30781.4,-5.04,9.44,0.0,67.26
2023-01-25 01:00:00+00:00,29951.7,-5.32,9.31,0.0,87.59
2023-01-25 02:00:00+00:00,29200.6,-6.0,7.42,0.0,98.76
2023-01-25 03:00:00+00:00,29131.0,-6.2,8.17,0.0,101.23
2023-01-25 04:00:00+00:00,28802.3,-5.75,8.08,0.0,97.11
2023-01-25 05:00:00+00:00,30624.0,-5.97,7.29,0.0,87.54
2023-01-25 06:00:00+00:00,32392.7,-5.23,8.01,0.0,115.05
2023-01-25 07:00:00+00:00,35112.2,-4.58,5.96,17.8,129.36
2023-01-25 08:00:00+00:00,36673.1,-4.1,5.46,59.9,147.88
2023-01-25 09:00:00+00:00,36465.5,-3.44,5.3,63.8,149.9
2023-01-25 10:00:00+00:00,36819.1,-2.59,6.05,66.4,153.34
2023-01-25 11:00:00+00:00,36990.6,-2.16,7.85,100.4,135.55
2023-01-25 12:00:00+00:00,36251.3,-1.36,7.62,108.2,136.6
2023-01-25 13:00:00+00:00,35083.9,-0.89,7.95,94.7,123.04
2023-01-25 14:00:00+00:00,34673.3,-0.79,10.05,114.0,116.57
2023-01-25 15:00:00+00:00,34325.7,0.45,9.9,50.8,103.45
2023-01-25 16:00:00+00:00,36090.0,0.73,10.12,46.9,125.47
2023-01-25 17:00:00+00:00,38571.0,0.33,9.0,21.1,137.51
2023-01-25 18:00:00+00:00,39243.8,0.07,10.43,0.0,142.73
2023-01-25 19:00:00+00:00,38823.9,-1.04,9.7,0.0,150.22
2023-01-25 20:00:00+00:00,36965.7,-1.88,9.78,0.0,127.59
2023-01-25 21:00:00+00:00,36081.2,-2.71,9.82,0.0,129.69
2023-01-25 22:00:00+00:00,34104.6,-4.09,9.75,0.0,115.95
2023-01-25 23:00:00+00:00,32119.6,-4.42,9.27,0.0,130.71
2023-01-26 00:00:00+00:00,31011.6,-5.17,9.35,0.0,106.59
2023-01-26 01:00:00+00:00,29822.3,-5.7,10.6,0.0,94.12
2023-01-26 02:00:00+00:00,29369.6,-6.18,12.21,0.0,68.98
2023-01-26 03:00:00+00:00,28491.3,-4.35,11.81,0.0,201.6
2023-01-26 04:00:00+00:00,28353.6,-4.54,11.22,0.0,70.85
2023-01-26 05:00:00+00:00,29505.4,-5.37,10.38,0.0,72.12
2023-01-26 06:00:00+00:00,32553.4,-5.7,12.31,0.0,98.41
2023-01-26 07:00:00+00:00,35374.9,-4.45,12.14,28.2,114.7
2023-01-26 08:00:00+00:00,35834.4,-2.78,12.76,65.7,110.74
2023-01-26 09:00:00+00:00,36629.3,-2.28,13.01,54.6,112.1
2023-01-26 10:00:00+00:00,36440.6,-0.61,14.44,61.9,94.58
2023-01-26 11:00:00+00:00,35750.5,0.67,13.87,138.1,89.56
2023-01-26 12:00:00+00:00,34441.1,1.26,12.67,72.7,104.38
2023-01-26 13:00:00+00:00,33201.6,1.67,13.84,143.1,101.3
2023-01-26 14:00:00+00:00,32905.3,2.17,14.2,98.1,83.32
2023-01-26 15:00:00+00:00,33957.0,2.89,14.2,73.7,92.62
2023-01-26 16:00:00+00:00,35408.8,3.09,15.04,38.3,114.68
2023-01-26 17:00:00+00:00,38352.9,2.45,15.04,35.4,113.37
2023-01-26 18:00:00+00:00,39123.9,1.93,15.86,0.0,106.86
2023-01-26 19:00:00+00:00,38177.4,2.57,15.61,0.0,115.68
2023-01-26 20:00:00+00:00,36173.2,2.03,15.89,0.0,114.96
2023-01-26 21:00:00+00:00,33507.8,1.8,15.85,0.0,91.57
2023-01-26 22:00:00+00:00,30932.8,1.36,15.16,0.0,73.07
2023-01-26 23:00:00+00:00,29034.6,0.8,14.59,0.0,43.5
2023-01-27 00:00:00+00:00,28244.5,0.27,13.9,0.0,46.26
2023-01-27 01:00:00+00:00,26823.5,0.32,13.77,0.0,57.27
2023-01-27 02:00:00+00:00,26112.6,0.43,13.07,0.0,49.89
2023-01-27 03:00:00+00:00,26847.5,0.45,13.11,0.0,56.65
2023-01-27 04:00:00+00:00,26976.2,0.1,13.12,0.0,68.07
2023-01-27 05:00:00+00:00,28082.9,0.61,12.97,0.0,53.16
2023-01-27 06:00:00+00:00,30205.8,1.01,12.85,0.0,72.89
2023-01-27 07:00:00+00:00,33053.2,1.42,12.11,29.8,110.04
2023-01-27 08:00:00+00:00,34300.1,3.73,11.64,68.9,92.73
2023-01-27 09:00:00+00:00,33952.5,3.51,10.1,94.6,121.22
2023-01-27 10:00:00+00:00,33687.0,4.82,9.85,57.0,115.59
2023-01-27 11:00:00+00:00,33279.4,4.97,8.94,91.6,110.79
2023-01-27 12:00:00+00:00,32936.0,5.63,8.92,139.3,108.1
2023-01-27 13:00:00+00:00,31580.1,7.61,8.26,134.4,106.06
2023-01-27 14:00:00+00:00,31418.6,7.25,6.6,103.5,119.19
2023-01-27 15:00:00+00:00,32090.5,6.85,8.38,50.3,90.48
2023-01-27 16:00:00+00:00,33748.7,6.69,8.13,49.1,134.89
2023-01-27 17:00:00+00:00,37443.9,5.83,9.2,38.6,141.78
2023-01-27 18:00:00+00:00,37793.2,5.85,8.68,0.0,158.53
2023-01-27 19:00:00+00:00,37315.6,4.86,9.92,0.0,141.89
2023-01-27 20:00:00+00:00,34666.2,4.5,8.88,0.0,148.99
2023-01-27 21:00:00+00:00,33070.8,2.88,8.92,0.0,110.21
2023-01-27 22:00:00+00:00,31555.4,0.99,7.97,0.0,129.53
2023-01-27 23:00:00+00:00,29654.0,0.14,9.96,0.0,82.6
2023-01-28 00:00:00+00:00,26460.4,-1.37,9.61,0.0,79.35
2023-01-28 01:00:00+00:00,25107.0,-0.9,10.13,0.0,73.59
2023-01-28 02:00:00+00:00,25516.1,-2.1,10.33,0.0,64.54
2023-01-28 03:00:00+00:00,25551.0,-2.78,10.14,0.0,46.08
2023-01-28 04:00:00+00:00,26571.4,-2.37,10.39,0.0,71.67
2023-01-28 05:00:00+00:00,27874.5,-2.37,11.28,0.0,68.6
2023-01-28 06:00:00+00:00,30039.0,-2.75,11.59,0.0,93.65
2023-01-28 07:00:00+00:00,30996.6,-0.82,11.49,18.9,80.66
2023-01-28 08:00:00+00:00,32200.0,-0.65,11.67,39.3,88.85
2023-01-28 09:00:00+00:00,32678.3,0.07,12.93,76.1,80.96
2023-01-28 10:00:00+00:00,31943.7,0.79,12.31,132.3,79.46
2023-01-28 11:00:00+00:00,31429.0,2.0,10.6,124.3,90.17
2023-01-28 12:00:00+00:00,31153.1,2.95,9.56,73.2,102.65
2023-01-28 13:00:00+00:00,30620.5,2.97,8.63,147.2,98.34
2023-01-28 14:00:00+00:00,30330.3,3.13,7.86,116.5,85.23
2023-01-28 15:00:00+00:00,31679.9,3.16,7.15,93.2,102.93
2023-01-28 16:00:00+00:00,33320.7,3.57,7.13,57.2,118.29
2023-01-28 17:00:00+00:00,35988.7,2.61,7.32,25.8,137.91
2023-01-28 18:00:00+00:00,36123.5,3.41,7.49,0.0,134.49
2023-01-28 19:00:00+00:00,35099.3,2.36,6.89,0.0,132.71
2023-01-28 20:00:00+00:00,33108.6,1.67,7.67,0.0,136.99
2023-01-28 21:00:00+00:00,32457.6,0.24,8.06,0.0,121.11
2023-01-28 22:00:00+00:00,30795.1,-1.26,9.24,0.0,90.59
2023-01-28 23:00:00+00:00,29956.8,-2.43,9.79,0.0,97.63
2023-01-29 00:00:00+00:00,29035.6,-3.5,9.38,0.0,86.21
2023-01-29 01:00:00+00:00,28432.1,-4.12,10.28,0.0,100.29
2023-01-29 02:00:00+00:00,27405.1,-4.9,10.33,0.0,69.07
2023-01-29 03:00:00+00:00,26922.7,-4.45,10.79,0.0,65.06
2023-01-29 04:00:00+00:00,26805.4,-4.71,11.16,0.0,64.3
2023-01-29 05:00:00+00:00,27830.5,-4.83,10.86,0.0,64.0
2023-01-29 06:00:00+00:00,30129.7,-4.45,10.74,0.0,94.07
2023-01-29 07:00:00+00:00,32199.1,-3.1,10.45,27.2,101.91
2023-01-29 08:00:00+00:00,33071.3,-2.13,9.61,51.7,112.84
2023-01-29 09:00:00+00:00,34010.6,-1.31,7.81,109.1,120.98
2023-01-29 10:00:00+00:00,33325.0,-1.28,7.22,65.5,124.69
2023-01-29 11:00:00+00:00,33937.0,-1.12,7.37,75.9,141.21
2023-01-29 12:00:00+00:00,33289.7,-1.12,8.2,136.5,117.74
2023-01-29 13:00:00+00:00,32492.3,0.31,8.76,64.1,91.67
2023-01-29 14:00:00+00:00,32207.5,1.06,8.45,109.9,109.38
2023-01-29 15:00:00+00:00,32081.2,0.77,7.85,96.3,121.4
2023-01-29 16:00:00+00:00,34272.4,0.46,7.67,62.4,103.13
2023-01-29 17:00:00+00:00,37011.0,-0.19,6.87,23.8,138.16
2023-01-29 18:00:00+00:00,38515.6,-1.05,5.22,0.0,175.43
2023-01-29 19:00:00+00:00,37568.4,-1.23,4.1,0.0,179.48
2023-01-29 20:00:00+00:00,35960.7,-1.98,5.32,0.0,155.25
2023-01-29 21:00:00+00:00,33034.1,-1.36,6.86,0.0,132.03
2023-01-29 22:00:00+00:00,30460.6,-1.28,7.46,0.0,122.68
2023-01-29 23:00:00+00:00,28182.1,-1.13,7.39,0.0,90.53
2023-01-30 00:00:00+00:00,29003.7,-1.26,6.28,0.0,97.15
2023-01-30 01:00:00+00:00,28362.1,-1.95,6.19,0.0,100.68
2023-01-30 02:00:00+00:00,28011.5,-1.84,6.71,0.0,100.03
2023-01-30 03:00:00+00:00,28037.9,-2.12,7.37,0.0,97.99
2023-01-30 04:00:00+00:00,27956.6,-1.0,7.89,0.0,99.25
2023-01-30 05:00:00+00:00,29051.2,-0.44,8.79,0.0,109.87
2023-01-30 06:00:00+00:00,30889.8,0.19,10.22,0.0,98.37
2023-01-30 07:00:00+00:00,34182.7,0.89,9.75,28.5,104.27
2023-01-30 08:00:00+00:00,35450.9,2.65,11.8,54.6,103.69
2023-01-30 09:00:00+00:00,35896.8,2.54,9.98,94.5,122.4
2023-01-30 10:00:00+00:00,35542.5,4.41,9.22,97.1,137.33
2023-01-30 11:00:00+00:00,34572.4,4.98,9.27,81.1,124.41
2023-01-30 12:00:00+00:00,34293.8,4.72,9.59,91.5,104.83
2023-01-30 13:00:00+00:00,33975.3,4.73,9.31,102.7,105.95
2023-01-30 14:00:00+00:00,33215.4,4.05,8.81,101.3,107.78
2023-01-30 15:00:00+00:00,34286.4,4.58,10.44,110.9,108.36
2023-01-30 16:00:00+00:00,35866.2,3.87,9.85,37.6,122.86
2023-01-30 17:00:00+00:00,37997.9,3.71,8.91,37.6,134.7
2023-01-30 18:00:00+00:00,38756.8,3.95,10.13,0.0,136.54
2023-01-30 19:00:00+00:00,37924.7,2.94,10.64,0.0,135.58
2023-01-30 20:00:00+00:00,36421.2,2.08,11.31,0.0,125.74
2023-01-30 21:00:00+00:00,35416.9,0.55,11.25,0.0,108.22
2023-01-30 22:00:00+00:00,33089.2,-0.41,9.96,0.0,114.14
2023-01-30 23:00:00+00:00,30899.5,0.47,9.88,0.0,116.37
2023-01-31 00:00:00+00:00,28855.4,0.36,8.55,0.0,95.18
2023-01-31 01:00:00+00:00,27400.8,-0.28,8.67,0.0,86.5
2023-01-31 02:00:00+00:00,27096.5,-0.95,9.09,0.0,65.9
2023-01-31 03:00:00+00:00,27076.9,-1.07,9.83,0.0,82.88
2023-01-31 04:00:00+00:00,27311.2,-0.87,9.62,0.0,72.27
2023-01-31 05:00:00+00:00,28751.8,-0.82,10.07,0.0,94.95
2023-01-31 06:00:00+00:00,30792.2,-0.01,9.21,0.0,119.13
2023-01-31 07:00:00+00:00,33650.2,0.05,9.85,27.0,106.05
2023-01-31 08:00:00+00:00,36473.7,0.22,10.24,42.1,120.12
2023-01-31 09:00:00+00:00,36351.6,1.26,9.45,66.4,133.67
2023-01-31 10:00:00+00:00,36622.9,1.36,9.74,110.7,112.49
2023-01-31 11:00:00+00:00,35068.5,2.58,10.46,158.1,109.57
2023-01-31 12:00:00+00:00,34529.8,3.22,10.35,141.3,104.25
2023-01-31 13:00:00+00:00,33799.1,2.64,9.54,142.9,106.21
2023-01-31 14:00:00+00:00,34247.0,3.07,9.55,111.6,91.68
2023-01-31 15:00:00+00:00,34456.2,2.23,9.85,74.2,119.24
2023-01-31 16:00:00+00:00,36009.4,2.63,9.06,82.3,151.75
2023-01-31 17:00:00+00:00,38120.1,2.26,8.17,19.6,145.01
2023-01-31 18:00:00+00:00,38377.5,2.98,8.52,0.0,135.81
2023-01-31 19:00:00+00:00,36918.9,3.04,9.09,0.0,146.37
2023-01-31 20:00:00+00:00,35577.3,1.7,10.66,0.0,113.11
2023-01-31 21:00:00+00:00,34730.4,-0.24,11.0,0.0,115.19
2023-01-31 22:00:00+00:00,32442.5,-1.4,9.86,0.0,100.23
2023-01-31 23:00:00+00:00,30894.2,-2.77,11.31,0.0,75.9
2023-02-01 00:00:00+00:00,30090.3,-2.15,11.92,0.0,85.17
2023-02-01 01:00:00+00:00,29691.2,-2.56,10.1,0.0,82.55
2023-02-01 02:00:00+00:00,28726.3,-2.23,9.14,0.0,72.85
2023-02-01 03:00:00+00:00,28566.8,-2.45,8.65,0.0,93.44
2023-02-01 04:00:00+00:00,29434.7,-2.4,9.22,0.0,121.35
2023-02-01 05:00:00+00:00,31416.9,-2.07,7.25,0.0,125.33
2023-02-01 06:00:00+00:00,33087.1,-0.87,7.15,0.0,125.35
2023-02-01 07:00:00+00:00,35697.4,-0.03,7.75,41.8,165.45
2023-02-01 08:00:00+00:00,37118.3,0.08,5.5,72.6,136.01
2023-02-01 09:00:00+00:00,36042.3,1.88,6.16,53.3,150.7
2023-02-01 10:00:00+00:00,35835.5,2.49,6.88,118.9,153.4
2023-02-01 11:00:00+00:00,35839.8,2.96,6.22,142.5,126.75
2023-02-01 12:00:00+00:00,35368.8,1.91,5.36,158.2,140.64
2023-02-01 13:00:00+00:00,33462.3,2.84,4.76,99.6,127.29
2023-02-01 14:00:00+00:00,33340.7,3.27,2.79,116.3,138.94
2023-02-01 15:00:00+00:00,32771.7,3.49,2.74,69.0,146.65
2023-02-01 16:00:00+00:00,34136.2,3.2,3.13,78.4,130.32
2023-02-01 17:00:00+00:00,36293.9,2.62,2.37,41.3,157.62
2023-02-01 18:00:00+00:00,36895.8,1.99,3.36,0.0,169.28
2023-02-01 19:00:00+00:00,36445.6,1.72,3.62,0.0,147.22
2023-02-01 20:00:00+00:00,34795.0,1.44,3.99,0.0,149.16
2023-02-01 21:00:00+00:00,34162.4,0.58,3.83,0.0,134.71
2023-02-01 22:00:00+00:00,32137.1,0.42,4.57,0.0,119.12
2023-02-01 23:00:00+00:00,31467.0,-0.31,5.7,0.0,132.84
2023-02-02 00:00:00+00:00,30051.9,-1.16,5.45,0.0,117.49
2023-02-02 01:00:00+00:00,28994.5,-1.48,6.12,0.0,104.32
2023-02-02 02:00:00+00:00,28085.8,-2.55,6.77,0.0,93.14
2023-02-02 03:00:00+00:00,27622.4,-2.46,7.11,0.0,96.07
2023-02-02 04:00:00+00:00,28883.9,-3.22,8.41,0.0,88.65
2023-02-02 05:00:00+00:00,30045.3,-3.46,7.77,0.0,96.3
2023-02-02 06:00:00+00:00,32497.5,-4.1,7.4,0.0,130.98
2023-02-02 07:00:00+00:00,35195.4,-3.45,6.78,24.3,132.18
2023-02-02 08:00:00+00:00,36333.7,-1.63,7.35,36.9,154.54
2023-02-02 09:00:00+00:00,36652.6,-0.83,7.12,106.7,133.7
2023-02-02 10:00:00+00:00,36728.3,0.43,6.57,76.4,152.35
2023-02-02 11:00:00+00:00,35104.9,2.65,7.9,79.8,130.27
2023-02-02 12:00:00+00:00,34309.2,3.55,9.27,115.3,118.59
2023-02-02 13:00:00+00:00,33706.0,3.59,8.9,162.7,110.83
2023-02-02 14:00:00+00:00,32980.2,3.56,7.73,127.2,119.54
2023-02-02 15:00:00+00:00,33075.9,3.71,9.15,109.8,121.09
2023-02-02 16:00:00+00:00,35469.3,3.28,9.41,49.6,115.01
2023-02-02 17:00:00+00:00,37715.3,2.71,9.62,41.2,151.65
2023-02-02 18:00:00+00:00,39867.2,2.89,9.57,0.0,149.92
2023-02-02 19:00:00+00:00,38896.1,2.93,8.82,0.0,133.01
2023-02-02 20:00:00+00:00,37215.1,1.25,8.4,0.0,150.11
2023-02-02 21:00:00+00:00,35577.8,0.04,8.86,0.0,139.24
2023-02-02 22:00:00+00:00,33641.9,-0.95,8.42,0.0,126.74
2023-02-02 23:00:00+00:00,31928.5,-1.23,8.69,0.0,106.59
2023-02-03 00:00:00+00:00,30436.3,-1.06,8.61,0.0,92.03
2023-02-03 01:00:00+00:00,29799.4,0.12,7.71,0.0,97.19
2023-02-03 02:00:00+00:00,28672.1,-0.46,8.94,0.0,90.71
2023-02-03 03:00:00+00:00,28054.4,-0.82,9.31,0.0,80.6
2023-02-03 04:00:00+00:00,28024.3,-0.35,9.45,0.0,71.94
2023-02-03 05:00:00+00:00,29401.4,-0.47,9.76,0.0,86.35
2023-02-03 06:00:00+00:00,32371.3,-0.07,8.22,0.0,106.76
2023-02-03 07:00:00+00:00,34897.4,0.32,7.77,35.5,123.36
2023-02-03 08:00:00+00:00,37011.8,-0.51,6.54,46.5,155.9
2023-02-03 09:00:00+00:00,37176.0,0.4,6.66,92.4,133.75
2023-02-03 10:00:00+00:00,36618.3,1.13,6.93,100.0,143.55
2023-02-03 11:00:00+00:00,36101.0,2.68,7.05,173.9,125.8
2023-02-03 12:00:00+00:00,35480.3,3.34,7.97,79.5,132.01
2023-02-03 13:00:00+00:00,35168.3,3.1,6.75,158.1,119.09
2023-02-03 14:00:00+00:00,34371.9,3.3,6.14,156.7,124.76
2023-02-03 15:00:00+00:00,34639.9,2.21,6.5,92.8,122.57
2023-02-03 16:00:00+00:00,36449.6,1.48,6.73,73.1,145.09
2023-02-03 17:00:00+00:00,38848.8,1.67,5.72,22.3,147.43
2023-02-03 18:00:00+00:00,40375.8,1.15,6.72,0.0,170.09
2023-02-03 19:00:00+00:00,39645.6,1.18,7.94,0.0,146.84
2023-02-03 20:00:00+00:00,37999.1,-0.64,8.22,0.0,142.05
2023-02-03 21:00:00+00:00,36774.5,-1.44,6.98,0.0,144.56
2023-02-03 22:00:00+00:00,34632.3,-2.39,7.11,0.0,141.52
2023-02-03 23:00:00+00:00,32179.4,-2.42,7.37,0.0,101.33
2023-02-04 00:00:00+00:00,28629.9,-2.49,7.14,0.0,79.43
2023-02-04 01:00:00+00:00,27583.5,-2.5,8.19,0.0,97.41
2023-02-04 02:00:00+00:00,26874.7,-1.8,8.04,0.0,79.29
2023-02-04 03:00:00+00:00,26209.6,-2.08,9.63,0.0,52.7
2023-02-04 04:00:00+00:00,25826.5,-1.13,10.11,0.0,61.01
2023-02-04 05:00:00+00:00,26894.4,-1.44,10.17,0.0,66.51
2023-02-04 06:00:00+00:00,29207.9,-1.57,10.73,0.0,76.34
2023-02-04 07:00:00+00:00,31895.3,-0.44,11.74,33.9,92.59
2023-02-04 08:00:00+00:00,34553.1,-0.58,12.21,47.2,85.81
2023-02-04 09:00:00+00:00,34307.0,0.61,11.89,94.5,100.02
2023-02-04 10:00:00+00:00,33103.7,1.5,11.13,108.8,90.74
2023-02-04 11:00:00+00:00,31544.4,2.92,10.04,135.3,89.34
2023-02-04 12:00:00+00:00,31568.2,3.54,7.98,136.8,110.03
2023-02-04 13:00:00+00:00,30595.9,4.08,8.07,115.0,106.43
2023-02-04 14:00:00+00:00,30288.3,4.72,7.71,139.4,110.51
2023-02-04 15:00:00+00:00,30440.3,4.44,7.42,80.5,82.3
2023-02-04 16:00:00+00:00,32477.8,3.94,8.2,63.4,114.17
2023-02-04 17:00:00+00:00,34827.3,3.97,8.05,31.5,135.49
2023-02-04 18:00:00+00:00,35707.8,3.51,9.48,0.0,121.7
2023-02-04 19:00:00+00:00,35234.1,2.68,8.91,0.0,127.51
2023-02-04 20:00:00+00:00,34013.9,1.94,8.06,0.0,138.37
2023-02-04 21:00:00+00:00,32009.6,2.16,7.02,0.0,116.55
2023-02-04 22:00:00+00:00,30777.2,1.13,7.58,0.0,121.13
2023-02-04 23:00:00+00:00,28461.7,0.14,8.45,0.0,89.01
2023-02-05 00:00:00+00:00,27643.2,-1.43,7.92,0.0,92.08
2023-02-05 01:00:00+00:00,26378.0,-1.88,7.04,0.0,93.9
2023-02-05 02:00:00+00:00,26009.8,-1.73,8.23,0.0,65.06
2023-02-05 03:00:00+00:00,24886.6,-1.29,7.04,0.0,79.97
2023-02-05 04:00:00+00:00,25456.7,-1.1,7.83,0.0,70.03
2023-02-05 05:00:00+00:00,25641.2,-0.21,7.34,0.0,90.74
2023-02-05 06:00:00+00:00,28137.5,0.71,7.63,0.0,88.92
2023-02-05 07:00:00+00:00,31190.8,1.99,8.44,45.6,99.43
2023-02-05 08:00:00+00:00,31905.2,3.28,8.74,67.1,95.42
2023-02-05 09:00:00+00:00,31735.9,4.95,8.42,132.9,99.31
2023-02-05 10:00:00+00:00,32101.1,5.55,9.45,102.1,104.2
2023-02-05 11:00:00+00:00,32420.2,5.41,9.55,73.4,102.89
2023-02-05 12:00:00+00:00,30932.5,6.39,12.3,147.4,95.21
2023-02-05 13:00:00+00:00,30152.3,7.28,10.7,97.4,76.17
2023-02-05 14:00:00+00:00,29657.0,8.46,9.17,89.8,77.79
2023-02-05 15:00:00+00:00,29563.9,9.24,9.84,55.1,83.53
2023-02-05 16:00:00+00:00,31574.5,10.19,9.67,68.2,100.28
2023-02-05 17:00:00+00:00,33567.5,10.12,10.16,26.9,96.4
2023-02-05 18:00:00+00:00,34365.8,9.63,9.14,0.0,134.47
2023-02-05 19:00:00+00:00,33134.4,8.03,9.08,0.0,111.76
2023-02-05 20:00:00+00:00,31419.8,7.37,9.33,0.0,119.61
2023-02-05 21:00:00+00:00,29663.9,6.14,8.79,0.0,108.37
2023-02-05 22:00:00+00:00,27966.8,5.38,8.88,0.0,90.95
2023-02-05 23:00:00+00:00,26253.6,4.58,7.72,0.0,80.09
2023-02-06 00:00:00+00:00,27311.9,4.19,8.0,0.0,75.06
2023-02-06 01:00:00+00:00,26472.7,3.54,9.08,0.0,67.99
2023-02-06 02:00:00+00:00,25442.3,3.69,8.01,0.0,63.13
2023-02-06 03:00:00+00:00,26381.6,1.84,6.94,0.0,74.08
2023-02-06 04:00:00+00:00,26903.6,1.98,7.87,0.0,86.22
2023-02-06 05:00:00+00:00,27949.8,2.93,6.8,0.0,98.66
2023-02-06 06:00:00+00:00,29189.3,4.44,7.47,0.0,83.66
2023-02-06 07:00:00+00:00,32517.4,5.39,7.49,27.0,112.25
2023-02-06 08:00:00+00:00,32727.1,6.99,7.14,53.0,110.31
2023-02-06 09:00:00+00:00,33435.0,7.71,8.28,89.2,128.45
2023-02-06 10:00:00+00:00,33233.7,8.34,8.94,138.2,84.59
2023-02-06 11:00:00+00:00,32861.0,9.23,9.06,88.2,125.44
2023-02-06 12:00:00+00:00,32200.3,9.69,7.27,180.9,111.05
2023-02-06 13:00:00+00:00,31642.2,9.55,7.82,103.4,78.92
2023-02-06 14:00:00+00:00,31662.8,9.41,6.94,80.2,104.65
2023-02-06 15:00:00+00:00,32120.9,8.72,6.77,104.3,117.45
2023-02-06 16:00:00+00:00,33891.5,8.84,6.79,54.9,120.25
2023-02-06 17:00:00+00:00,36468.9,8.45,8.28,32.4,133.33
2023-02-06 18:00:00+00:00,38567.7,7.66,8.02,0.0,175.15
2023-02-06 19:00:00+00:00,36479.0,6.61,6.86,0.0,141.9
2023-02-06 20:00:00+00:00,35079.8,6.11,8.01,0.0,120.66
2023-02-06 21:00:00+00:00,33158.4,5.72,8.53,0.0,126.31
2023-02-06 22:00:00+00:00,31315.3,4.17,9.05,0.0,89.24
2023-02-06 23:00:00+00:00,29365.3,2.6,10.11,0.0,92.85
2023-02-07 00:00:00+00:00,28676.0,2.56,11.3,0.0,81.08
2023-02-07 01:00:00+00:00,27361.0,1.2,10.39,0.0,90.53
2023-02-07 02:00:00+00:00,27429.7,1.19,9.13,0.0,83.6
2023-02-07 03:00:00+00:00,26442.2,2.01,9.68,0.0,68.2
2023-02-07 04:00:00+00:00,26969.3,3.02,9.35,0.0,75.23
2023-02-07 05:00:00+00:00,27429.0,3.66,9.09,0.0,101.01
2023-02-07 06:00:00+00:00,29030.1,4.45,8.11,0.0,95.16
2023-02-07 07:00:00+00:00,31303.5,6.31,8.51,22.4,102.24
2023-02-07 08:00:00+00:00,33111.6,5.47,8.75,94.7,108.07
2023-02-07 09:00:00+00:00,33544.7,5.86,8.54,93.1,117.31
2023-02-07 10:00:00+00:00,33943.1,7.05,7.38,86.6,117.91
2023-02-07 11:00:00+00:00,33158.6,7.46,8.31,179.5,94.94
2023-02-07 12:00:00+00:00,32442.8,8.73,8.44,130.4,97.06
2023-02-07 13:00:00+00:00,32405.8,9.06,9.24,134.3,90.08
2023-02-07 14:00:00+00:00,31948.6,9.32,7.49,127.8,104.59
2023-02-07 15:00:00+00:00,32669.3,9.15,7.51,132.7,103.84
2023-02-07 16:00:00+00:00,34694.2,8.63,6.92,69.8,128.02
2023-02-07 17:00:00+00:00,37588.7,7.9,6.95,48.0,147.05
2023-02-07 18:00:00+00:00,38335.2,7.51,7.69,0.0,155.12
2023-02-07 19:00:00+00:00,37328.6,6.34,7.95,0.0,135.43
2023-02-07 20:00:00+00:00,35902.8,6.12,7.91,0.0,153.71
2023-02-07 21:00:00+00:00,33490.3,5.66,7.88,0.0,134.84
2023-02-07 22:00:00+00:00,31114.7,5.45,6.61,0.0,120.34
2023-02-07 23:00:00+00:00,29350.8,3.94,5.93,0.0,115.44
2023-02-08 00:00:00+00:00,29128.0,2.27,6.86,0.0,90.34
2023-02-08 01:00:00+00:00,27185.0,1.74,6.47,0.0,86.29
2023-02-08 02:00:00+00:00,25919.3,3.13,7.39,0.0,74.83
2023-02-08 03:00:00+00:00,25883.8,3.68,8.01,0.0,61.74
2023-02-08 04:00:00+00:00,26176.4,3.33,8.65,0.0,70.48
2023-02-08 05:00:00+00:00,26356.4,3.78,8.83,0.0,97.09
2023-02-08 06:00:00+00:00,28230.7,4.58,8.4,0.0,89.01
2023-02-08 07:00:00+00:00,31214.6,4.26,8.21,39.2,119.34
2023-02-08 08:00:00+00:00,33368.2,5.71,8.65,98.4,124.93
2023-02-08 09:00:00+00:00,34126.7,6.28,6.9,123.4,113.02
2023-02-08 10:00:00+00:00,34236.9,6.89,7.88,104.6,119.55
2023-02-08 11:00:00+00:00,33014.5,7.52,7.45,163.9,105.95
2023-02-08 12:00:00+00:00,32266.4,8.73,7.36,163.4,115.26
2023-02-08 13:00:00+00:00,32409.2,8.64,7.28,167.2,111.64
2023-02-08 14:00:00+00:00,32691.3,7.81,7.23,104.2,130.05
2023-02-08 15:00:00+00:00,32487.3,8.04,6.19,101.5,120.02
2023-02-08 16:00:00+00:00,35067.6,6.64,6.35,94.4,141.35
2023-02-08 17:00:00+00:00,36929.5,6.13,6.85,51.9,138.19
2023-02-08 18:00:00+00:00,37355.8,6.34,5.26,0.0,144.84
2023-02-08 19:00:00+00:00,35200.5,6.02,4.33,0.0,158.29
2023-02-08 20:00:00+00:00,33334.1,5.86,5.16,0.0,137.35
2023-02-08 21:00:00+00:00,31891.1,5.39,5.81,0.0,129.24
2023-02-08 22:00:00+00:00,28929.4,5.98,6.1,0.0,118.49
2023-02-08 23:00:00+00:00,27706.8,4.78,5.61,0.0,103.0
2023-02-09 00:00:00+00:00,26432.9,4.34,6.24,0.0,96.87
2023-02-09 01:00:00+00:00,25477.0,3.49,5.34,0.0,97.93
2023-02-09 02:00:00+00:00,24542.7,3.66,5.32,0.0,80.75
2023-02-09 03:00:00+00:00,25153.9,3.41,4.38,0.0,84.94
2023-02-09 04:00:00+00:00,24847.3,4.43,4.38,0.0,108.85
2023-02-09 05:00:00+00:00,26131.4,4.28,3.71,0.0,104.27
2023-02-09 06:00:00+00:00,27972.1,5.47,4.46,0.0,110.23
2023-02-09 07:00:00+00:00,30950.8,6.3,4.93,38.2,110.12
2023-02-09 08:00:00+00:00,33755.7,6.86,4.59,60.6,139.48
2023-02-09 09:00:00+00:00,35097.5,7.81,5.56,76.0,141.91
2023-02-09 10:00:00+00:00,34332.4,8.59,4.88,99.2,126.7
2023-02-09 11:00:00+00:00,33646.1,9.38,4.96,125.6,137.0
2023-02-09 12:00:00+00:00,33390.5,9.72,4.58,179.8,123.66
2023-02-09 13:00:00+00:00,33096.9,9.63,5.28,94.7,104.68
2023-02-09 14:00:00+00:00,32747.4,9.6,5.87,141.7,112.87
2023-02-09 15:00:00+00:00,33600.4,8.57,6.95,62.2,132.82
2023-02-09 16:00:00+00:00,35098.0,8.89,7.02,44.3,124.06
2023-02-09 17:00:00+00:00,37316.5,7.75,4.7,30.4,184.02
2023-02-09 18:00:00+00:00,38761.6,7.07,4.48,0.0,176.66
2023-02-09 19:00:00+00:00,37172.3,6.77,5.83,0.0,177.41
2023-02-09 20:00:00+00:00,35110.8,6.48,5.63,0.0,132.7
2023-02-09 21:00:00+00:00,32924.9,4.54,4.2,0.0,126.23
2023-02-09 22:00:00+00:00,30469.7,3.66,4.69,0.0,118.54
2023-02-09 23:00:00+00:00,28719.0,3.16,5.22,0.0,94.9
2023-02-10 00:00:00+00:00,28041.2,2.57,4.74,0.0,101.53
2023-02-10 01:00:00+00:00,27547.0,2.84,4.66,0.0,119.43
2023-02-10 02:00:00+00:00,27468.4,1.97,4.11,0.0,102.93
2023-02-10 03:00:00+00:00,27417.3,0.58,4.67,0.0,86.79
2023-02-10 04:00:00+00:00,26915.6,1.14,4.83,0.0,101.84
2023-02-10 05:00:00+00:00,28674.6,1.08,4.02,0.0,126.93
2023-02-10 06:00:00+00:00,31315.6,0.48,4.17,0.0,110.06
2023-02-10 07:00:00+00:00,32538.6,1.01,3.73,32.7,122.57
2023-02-10 08:00:00+00:00,34429.2,2.48,5.04,69.1,138.3
2023-02-10 09:00:00+00:00,35246.1,2.48,5.84,63.7,126.74
2023-02-10 10:00:00+00:00,33454.3,4.67,5.8,167.9,118.97
2023-02-10 11:00:00+00:00,33561.6,4.86,5.92,188.8,133.52
2023-02-10 12:00:00+00:00,33153.2,5.51,6.77,196.4,107.75
2023-02-10 13:00:00+00:00,32139.4,5.24,6.65,104.8,117.28
2023-02-10 14:00:00+00:00,32809.9,5.57,7.26,181.7,113.17
2023-02-10 15:00:00+00:00,33256.6,5.6,8.4,120.0,100.9
2023-02-10 16:00:00+00:00,35142.4,4.61,7.94,80.4,114.88
2023-02-10 17:00:00+00:00,36632.6,6.03,9.18,45.9,140.1
2023-02-10 18:00:00+00:00,37806.6,5.24,10.14,0.0,135.85
2023-02-10 19:00:00+00:00,36651.9,4.31,10.17,0.0,130.3
2023-02-10 20:00:00+00:00,34931.0,4.17,9.67,0.0,120.25
2023-02-10 21:00:00+00:00,32612.0,4.46,9.72,0.0,105.13
2023-02-10 22:00:00+00:00,30105.1,4.31,9.39,0.0,95.06
2023-02-10 23:00:00+00:00,29005.9,2.8,8.65,0.0,79.34
2023-02-11 00:00:00+00:00,25620.4,2.32,8.99,0.0,72.28
2023-02-11 01:00:00+00:00,25059.2,0.67,8.09,0.0,59.85
2023-02-11 02:00:00+00:00,25054.6,0.9,7.77,0.0,94.81
2023-02-11 03:00:00+00:00,24883.4,-0.22,7.47,0.0,78.22
2023-02-11 04:00:00+00:00,25230.8,-0.59,6.38,0.0,82.88
2023-02-11 05:00:00+00:00,25947.7,-0.28,6.93,0.0,70.75
2023-02-11 06:00:00+00:00,28609.1,0.48,6.75,0.0,109.35
2023-02-11 07:00:00+00:00,30612.0,0.95,7.78,31.3,97.76
2023-02-11 08:00:00+00:00,31518.7,2.6,7.55,96.9,110.5
2023-02-11 09:00:00+00:00,32145.6,3.79,7.21,100.7,103.12
2023-02-11 10:00:00+00:00,31710.2,4.93,6.49,176.7,86.44
2023-02-11 11:00:00+00:00,31892.0,4.88,6.54,100.3,127.28
2023-02-11 12:00:00+00:00,30859.6,6.5,6.6,179.2,105.45
2023-02-11 13:00:00+00:00,29971.5,6.45,7.2,138.3,90.11
2023-02-11 14:00:00+00:00,29174.3,7.76,7.24,89.8,112.16
2023-02-11 15:00:00+00:00,28472.3,9.02,8.87,113.2,77.63
2023-02-11 16:00:00+00:00,30020.0,9.13,9.13,57.4,101.78
2023-02-11 17:00:00+00:00,32951.1,9.35,8.25,32.4,97.47
2023-02-11 18:00:00+00:00,34743.7,6.9,7.35,0.0,128.46
2023-02-11 19:00:00+00:00,33620.3,6.11,7.75,0.0,119.91
2023-02-11 20:00:00+00:00,31692.9,5.99,6.92,0.0,105.89
2023-02-11 21:00:00+00:00,29045.5,5.7,7.39,0.0,88.49
2023-02-11 22:00:00+00:00,26728.5,4.1,8.07,0.0,81.23
2023-02-11 23:00:00+00:00,25748.6,3.14,8.74,0.0,68.52
2023-02-12 00:00:00+00:00,25367.3,1.01,7.97,0.0,70.14
2023-02-12 01:00:00+00:00,24348.5,0.77,8.64,0.0,57.24
2023-02-12 02:00:00+00:00,24746.4,-0.67,8.81,0.0,74.01
2023-02-12 03:00:00+00:00,23881.6,-0.07,8.25,0.0,49.21
2023-02-12 04:00:00+00:00,23768.5,0.74,8.06,0.0,62.52
2023-02-12 05:00:00+00:00,24983.5,0.73,8.37,0.0,63.05
2023-02-12 06:00:00+00:00,27408.3,1.51,7.78,0.0,80.0
2023-02-12 07:00:00+00:00,30172.8,1.98,7.98,44.5,75.83
2023-02-12 08:00:00+00:00,31480.4,2.83,9.06,86.2,96.21
2023-02-12 09:00:00+00:00,32966.7,2.9,9.71,80.0,96.31
2023-02-12 10:00:00+00:00,32515.0,4.05,9.64,116.4,100.26
2023-02-12 11:00:00+00:00,32583.3,3.77,9.69,145.1,126.28
2023-02-12 12:00:00+00:00,31560.3,3.32,9.13,144.0,94.2
2023-02-12 13:00:00+00:00,30304.4,3.77,8.63,174.4,90.12
2023-02-12 14:00:00+00:00,30375.8,4.0,7.34,162.7,85.83
2023-02-12 15:00:00+00:00,30547.7,4.32,7.52,66.8,102.36
2023-02-12 16:00:00+00:00,32445.8,3.87,8.03,94.3,106.16
2023-02-12 17:00:00+00:00,34197.3,4.76,7.92,53.4,113.04
2023-02-12 18:00:00+00:00,35851.2,4.4,7.19,0.0,129.91
2023-02-12 19:00:00+00:00,34877.4,3.94,7.23,0.0,137.68
2023-02-12 20:00:00+00:00,32958.4,3.35,8.27,0.0,109.08
2023-02-12 21:00:00+00:00,31026.1,3.19,8.91,0.0,91.33
2023-02-12 22:00:00+00:00,28629.2,2.75,8.79,0.0,100.19
2023-02-12 23:00:00+00:00,26708.8,2.27,10.3,0.0,82.6
2023-02-13 00:00:00+00:00,27595.4,2.13,12.25,0.0,52.82
2023-02-13 01:00:00+00:00,27451.0,0.52,11.61,0.0,75.25
2023-02-13 02:00:00+00:00,27207.4,-0.86,11.19,0.0,49.1
2023-02-13 03:00:00+00:00,27023.2,-0.98,11.52,0.0,53.06
2023-02-13 04:00:00+00:00,27155.6,-0.96,10.58,0.0,56.29
2023-02-13 05:00:00+00:00,28583.5,-0.29,11.07,0.0,69.36
2023-02-13 06:00:00+00:00,30463.4,0.22,10.94,0.0,86.3
2023-02-13 07:00:00+00:00,33805.8,1.21,11.04,31.4,91.03
2023-02-13 08:00:00+00:00,35241.2,1.2,10.38,85.5,107.45
2023-02-13 09:00:00+00:00,35241.2,2.0,9.6,127.5,103.55
2023-02-13 10:00:00+00:00,36163.1,2.0,7.92,85.0,133.02
2023-02-13 11:00:00+00:00,34836.3,3.01,9.03,218.2,108.27
2023-02-13 12:00:00+00:00,34659.9,2.54,9.67,170.2,119.94
2023-02-13 13:00:00+00:00,34200.9,3.31,10.06,172.1,83.54
2023-02-13 14:00:00+00:00,33290.8,2.79,10.18,146.2,108.1
2023-02-13 15:00:00+00:00,33770.8,2.76,8.22,131.1,122.69
2023-02-13 16:00:00+00:00,34693.3,3.29,7.57,90.4,117.89
2023-02-13 17:00:00+00:00,37294.5,3.2,7.34,51.8,139.19
2023-02-13 18:00:00+00:00,39758.4,1.81,6.48,0.0,169.32
2023-02-13 19:00:00+00:00,37463.9,0.88,5.18,0.0,169.34
2023-02-13 20:00:00+00:00,36047.0,-0.63,4.51,0.0,133.86
2023-02-13 21:00:00+00:00,34493.2,-2.29,4.67,0.0,139.56
2023-02-13 22:00:00+00:00,31984.5,-2.84,4.82,0.0,132.64
2023-02-13 23:00:00+00:00,29785.6,-3.08,5.64,0.0,111.35
2023-02-14 00:00:00+00:00,29436.0,-3.23,7.32,0.0,99.72
2023-02-14 01:00:00+00:00,28460.6,-3.22,7.84,0.0,74.51
2023-02-14 02:00:00+00:00,27192.4,-3.42,7.67,0.0,79.17
2023-02-14 03:00:00+00:00,26771.4,-3.58,9.04,0.0,70.29
2023-02-14 04:00:00+00:00,27267.3,-4.01,7.7,0.0,75.5
2023-02-14 05:00:00+00:00,27971.4,-3.85,6.04,0.0,108.68
2023-02-14 06:00:00+00:00,30841.1,-4.04,5.39,0.0,114.54
2023-02-14 07:00:00+00:00,34135.4,-3.78,6.11,49.8,122.02
2023-02-14 08:00:00+00:00,35888.5,-2.84,6.29,87.9,157.0
2023-02-14 09:00:00+00:00,37210.2,-1.98,5.44,132.1,151.19
2023-02-14 10:00:00+00:00,35664.9,0.79,4.95,169.5,138.99
2023-02-14 11:00:00+00:00,35177.3,0.79,4.08,205.7,135.22
2023-02-14 12:00:00+00:00,34454.8,1.45,3.26,185.0,131.4
2023-02-14 13:00:00+00:00,34439.9,1.19,4.66,161.5,123.78
2023-02-14 14:00:00+00:00,34401.6,1.39,4.66,102.6,124.41
2023-02-14 15:00:00+00:00,34116.1,1.42,6.16,102.7,122.96
2023-02-14 16:00:00+00:00,36409.7,1.96,5.51,52.4,132.06
2023-02-14 17:00:00+00:00,38481.9,1.51,5.97,50.4,166.31
2023-02-14 18:00:00+00:00,39953.4,1.04,6.2,0.0,161.78
2023-02-14 19:00:00+00:00,39028.5,0.29,6.92,0.0,167.6
2023-02-14 20:00:00+00:00,37526.6,-1.15,7.13,0.0,140.56
2023-02-14 21:00:00+00:00,35528.2,-2.17,7.89,0.0,136.65
2023-02-14 22:00:00+00:00,33230.8,-3.02,8.28,0.0,102.84
2023-02-14 23:00:00+00:00,31809.1,-3.54,7.36,0.0,106.91
2023-02-15 00:00:00+00:00,30798.2,-3.6,7.92,0.0,99.02
2023-02-15 01:00:00+00:00,29994.7,-4.08,7.79,0.0,102.58
2023-02-15 02:00:00+00:00,29685.1,-4.4,7.14,0.0,89.14
2023-02-15 03:00:00+00:00,29735.6,-5.39,7.68,0.0,113.61
2023-02-15 04:00:00+00:00,30270.3,-4.8,8.37,0.0,98.37
2023-02-15 05:00:00+00:00,30919.2,-4.77,7.92,0.0,104.24
2023-02-15 06:00:00+00:00,32765.8,-3.69,7.6,0.0,103.14
2023-02-15 07:00:00+00:00,34792.6,-2.13,6.48,25.2,137.09
2023-02-15 08:00:00+00:00,37361.7,-1.41,5.1,81.8,163.81
2023-02-15 09:00:00+00:00,37936.7,-1.14,5.0,86.1,147.17
2023-02-15 10:00:00+00:00,37772.6,-0.24,5.72,162.8,140.05
2023-02-15 11:00:00+00:00,36956.4,0.81,5.34,167.5,140.3
2023-02-15 12:00:00+00:00,36130.9,1.36,6.54,214.0,124.92
2023-02-15 13:00:00+00:00,36407.1,1.61,6.4,202.3,121.81
2023-02-15 14:00:00+00:00,35941.4,2.38,6.27,127.0,138.64
2023-02-15 15:00:00+00:00,35455.1,2.89,6.08,97.1,146.64
2023-02-15 16:00:00+00:00,36884.0,2.67,6.9,53.4,141.52
2023-02-15 17:00:00+00:00,39597.5,1.48,6.15,52.5,153.56
2023-02-15 18:00:00+00:00,40071.6,1.4,6.09,0.0,158.34
2023-02-15 19:00:00+00:00,38662.1,0.44,5.71,0.0,187.35
2023-02-15 20:00:00+00:00,35991.7,-0.03,5.34,0.0,144.71
2023-02-15 21:00:00+00:00,33114.3,-0.6,5.45,0.0,136.27
2023-02-15 22:00:00+00:00,32570.7,-2.4,5.44,0.0,111.39
2023-02-15 23:00:00+00:00,30794.1,-2.93,6.34,0.0,104.94
2023-02-16 00:00:00+00:00,29581.9,-3.04,6.36,0.0,115.86
2023-02-16 01:00:00+00:00,28497.1,-3.01,6.83,0.0,87.24
2023-02-16 02:00:00+00:00,28326.3,-3.13,6.97,0.0,85.98
2023-02-16 03:00:00+00:00,28819.3,-4.32,8.07,0.0,94.84
2023-02-16 04:00:00+00:00,29125.8,-3.31,7.78,0.0,88.05
2023-02-16 05:00:00+00:00,30183.1,-2.66,7.51,0.0,107.89
2023-02-16 06:00:00+00:00,32344.7,-2.81,8.06,0.0,105.79
2023-02-16 07:00:00+00:00,35698.1,-2.54,7.76,47.8,129.68
2023-02-16 08:00:00+00:00,36836.0,-1.55,8.12,77.3,139.99
2023-02-16 09:00:00+00:00,37256.4,-0.25,9.89,142.3,117.16
2023-02-16 10:00:00+00:00,36128.8,0.34,8.98,150.0,106.77
2023-02-16 11:00:00+00:00,35879.1,1.66,10.08,147.7,107.69
2023-02-16 12:00:00+00:00,35174.3,1.3,9.54,157.7,100.07
2023-02-16 13:00:00+00:00,33899.5,1.27,10.46,194.6,89.78
2023-02-16 14:00:00+00:00,33424.2,0.47,10.82,92.4,97.33
2023-02-16 15:00:00+00:00,34117.4,0.2,11.1,155.1,95.46
2023-02-16 16:00:00+00:00,36714.7,1.18,10.78,52.8,129.14
2023-02-16 17:00:00+00:00,38523.0,2.26,10.39,30.1,126.8
2023-02-16 18:00:00+00:00,39403.8,2.03,9.66,0.0,145.85
2023-02-16 19:00:00+00:00,38559.2,1.13,9.53,0.0,155.34
2023-02-16 20:00:00+00:00,36388.0,0.38,9.26,0.0,133.33
2023-02-16 21:00:00+00:00,34341.1,-0.01,9.3,0.0,127.04
2023-02-16 22:00:00+00:00,32392.1,-1.63,8.08,0.0,111.91
2023-02-16 23:00:00+00:00,31862.5,-2.57,8.04,0.0,117.52
2023-02-17 00:00:00+00:00,30372.7,-2.13,8.98,0.0,93.64
2023-02-17 01:00:00+00:00,29759.9,-3.14,9.62,0.0,74.25
2023-02-17 02:00:00+00:00,28907.7,-3.77,9.5,0.0,90.29
2023-02-17 03:00:00+00:00,28009.6,-3.74,11.38,0.0,71.97
2023-02-17 04:00:00+00:00,28502.4,-3.35,10.71,0.0,75.25
2023-02-17 05:00:00+00:00,29777.2,-3.32,10.46,0.0,74.39
2023-02-17 06:00:00+00:00,32353.7,-2.67,9.15,0.0,121.93
2023-02-17 07:00:00+00:00,34409.4,-1.57,8.73,57.0,124.82
2023-02-17 08:00:00+00:00,35385.8,0.43,10.04,112.5,105.31
2023-02-17 09:00:00+00:00,35107.2,1.19,9.6,171.0,122.34
2023-02-17 10:00:00+00:00,34684.1,2.0,8.28,194.8,124.7
2023-02-17 11:00:00+00:00,33218.8,3.7,8.89,210.3,95.73
2023-02-17 12:00:00+00:00,32903.1,4.03,9.1,128.4,92.06
2023-02-17 13:00:00+00:00,33210.7,3.75,9.65,204.4,98.76
2023-02-17 14:00:00+00:00,32382.9,4.26,9.28,167.5,91.74
2023-02-17 15:00:00+00:00,32105.2,5.07,8.38,171.4,123.53
2023-02-17 16:00:00+00:00,33947.3,5.22,8.17,103.2,103.39
2023-02-17 17:00:00+00:00,36544.2,4.89,8.55,35.7,147.76
2023-02-17 18:00:00+00:00,38431.2,3.57,8.41,0.0,142.65
2023-02-17 19:00:00+00:00,36618.2,2.97,8.64,0.0,132.24
2023-02-17 20:00:00+00:00,33516.1,3.04,8.14,0.0,110.25
2023-02-17 21:00:00+00:00,32356.0,1.55,8.42,0.0,111.39
2023-02-17 22:00:00+00:00,31319.5,0.68,8.34,0.0,95.64
2023-02-17 23:00:00+00:00,29839.9,-0.22,7.72,0.0,96.51
2023-02-18 00:00:00+00:00,27031.5,-1.13,7.8,0.0,68.95
2023-02-18 01:00:00+00:00,25913.5,-1.39,7.46,0.0,56.73
2023-02-18 02:00:00+00:00,25660.7,-1.36,7.92,0.0,70.42
2023-02-18 03:00:00+00:00,25099.3,-1.15,8.55,0.0,78.91
2023-02-18 04:00:00+00:00,25520.7,-1.59,8.87,0.0,69.14
2023-02-18 05:00:00+00:00,27692.9,-2.21,7.5,0.0,85.38
2023-02-18 06:00:00+00:00,30183.1,-1.49,6.72,0.0,132.35
2023-02-18 07:00:00+00:00,32497.2,-1.09,6.23,59.4,95.21
2023-02-18 08:00:00+00:00,33154.1,0.82,5.65,63.3,128.04
2023-02-18 09:00:00+00:00,32708.4,2.78,5.29,162.4,108.53
2023-02-18 10:00:00+00:00,31474.7,4.77,6.1,177.1,104.92
2023-02-18 11:00:00+00:00,30996.0,4.91,6.69,112.4,95.22
2023-02-18 12:00:00+00:00,30424.3,5.87,6.38,136.0,92.9
2023-02-18 13:00:00+00:00,29230.7,6.86,6.87,131.3,92.86
2023-02-18 14:00:00+00:00,29057.7,7.58,7.13,114.8,86.98
2023-02-18 15:00:00+00:00,28754.4,7.43,7.1,107.6,80.4
2023-02-18 16:00:00+00:00,30007.8,8.06,7.99,119.7,76.09
2023-02-18 17:00:00+00:00,33125.0,7.71,7.43,35.0,125.0
2023-02-18 18:00:00+00:00,35222.0,7.26,7.45,0.0,129.97
2023-02-18 19:00:00+00:00,34407.5,5.66,6.6,0.0,119.69
2023-02-18 20:00:00+00:00,32018.2,5.3,5.84,0.0,104.8
2023-02-18 21:00:00+00:00,29819.4,4.33,4.83,0.0,116.76
2023-02-18 22:00:00+00:00,27578.4,3.8,4.17,0.0,101.02
2023-02-18 23:00:00+00:00,26719.7,3.18,4.38,0.0,99.54
2023-02-19 00:00:00+00:00,25926.6,2.7,4.27,0.0,119.02
2023-02-19 01:00:00+00:00,24327.1,2.16,4.2,0.0,92.53
2023-02-19 02:00:00+00:00,23910.9,2.29,4.1,0.0,82.1
2023-02-19 03:00:00+00:00,24385.1,2.01,5.63,0.0,60.22
2023-02-19 04:00:00+00:00,25417.8,1.2,4.81,0.0,103.92
2023-02-19 05:00:00+00:00,26786.6,1.82,3.95,0.0,101.28
2023-02-19 06:00:00+00:00,29286.4,1.78,3.44,0.0,142.73
2023-02-19 07:00:00+00:00,31488.7,1.59,3.56,60.4,118.34
2023-02-19 08:00:00+00:00,32761.6,1.71,4.14,110.1,114.52
2023-02-19 09:00:00+00:00,33752.3,2.68,4.76,118.1,143.76
2023-02-19 10:00:00+00:00,33143.8,3.42,5.61,146.8,121.58
2023-02-19 11:00:00+00:00,32084.3,2.89,5.6,201.6,121.32
2023-02-19 12:00:00+00:00,31969.2,3.34,5.36,105.1,104.19
2023-02-19 13:00:00+00:00,31386.9,4.59,6.72,158.0,89.41
2023-02-19 14:00:00+00:00,30937.8,4.66,4.56,113.8,103.68
2023-02-19 15:00:00+00:00,31404.0,4.71,4.73,93.0,89.53
2023-02-19 16:00:00+00:00,32514.5,5.28,5.18,94.5,116.22
2023-02-19 17:00:00+00:00,34622.2,5.49,6.73,36.7,111.12
2023-02-19 18:00:00+00:00,34688.9,5.64,5.45,0.0,140.57
2023-02-19 19:00:00+00:00,33768.8,3.36,5.2,0.0,134.68
2023-02-19 20:00:00+00:00,32428.7,3.72,4.23,0.0,123.88
2023-02-19 21:00:00+00:00,29053.6,3.34,2.96,0.0,124.53
2023-02-19 22:00:00+00:00,26568.1,4.04,3.0,0.0,105.86
2023-02-19 23:00:00+00:00,25316.8,2.8,3.85,0.0,105.45
2023-02-20 00:00:00+00:00,27506.3,1.18,4.95,0.0,117.82
2023-02-20 01:00:00+00:00,25713.1,0.71,4.64,0.0,91.6
2023-02-20 02:00:00+00:00,25287.7,0.25,5.28,0.0,88.58
2023-02-20 03:00:00+00:00,24952.4,0.55,5.21,0.0,88.44
2023-02-20 04:00:00+00:00,25479.3,1.3,5.73,0.0,102.19
2023-02-20 05:00:00+00:00,26814.8,1.52,6.7,0.0,71.62
2023-02-20 06:00:00+00:00,28532.0,1.84,6.56,0.0,91.05
2023-02-20 07:00:00+00:00,31323.8,2.76,7.43,62.6,90.52
2023-02-20 08:00:00+00:00,32832.1,3.3,6.46,119.2,108.22
2023-02-20 09:00:00+00:00,33712.6,3.86,7.0,132.4,112.05
2023-02-20 10:00:00+00:00,33258.9,5.25,7.81,102.7,102.19
2023-02-20 11:00:00+00:00,33364.5,6.7,8.49,192.4,105.59
2023-02-20 12:00:00+00:00,32280.3,7.92,7.49,226.3,102.89
2023-02-20 13:00:00+00:00,31350.7,8.22,7.31,142.2,99.26
2023-02-20 14:00:00+00:00,31294.7,7.17,7.53,116.6,102.87
2023-02-20 15:00:00+00:00,31627.7,7.16,7.85,130.4,116.66
2023-02-20 16:00:00+00:00,34136.0,6.59,7.9,112.2,118.6
2023-02-20 17:00:00+00:00,36495.1,6.2,8.97,48.0,114.64
2023-02-20 18:00:00+00:00,37602.4,5.32,7.86,0.0,136.13
2023-02-20 19:00:00+00:00,36575.9,4.69,7.63,0.0,130.45
2023-02-20 20:00:00+00:00,34586.7,3.36,6.28,0.0,148.65
2023-02-20 21:00:00+00:00,33454.9,1.84,6.8,0.0,119.84
2023-02-20 22:00:00+00:00,30911.7,1.84,7.24,0.0,96.91
2023-02-20 23:00:00+00:00,29249.1,0.57,9.85,0.0,71.72
2023-02-21 00:00:00+00:00,27537.9,0.07,10.51,0.0,63.56
2023-02-21 01:00:00+00:00,26057.1,0.21,10.59,0.0,53.81
2023-02-21 02:00:00+00:00,25573.9,0.48,10.61,0.0,49.31
2023-02-21 03:00:00+00:00,25356.7,0.86,10.18,0.0,66.7
2023-02-21 04:00:00+00:00,25647.8,1.13,10.13,0.0,57.07
2023-02-21 05:00:00+00:00,26112.6,1.85,10.19,0.0,61.64
2023-02-21 06:00:00+00:00,28229.8,3.13,8.49,0.0,91.78
2023-02-21 07:00:00+00:00,30473.5,3.95,8.57,50.2,101.94
2023-02-21 08:00:00+00:00,32212.4,3.52,8.57,103.6,94.18
2023-02-21 09:00:00+00:00,33524.7,3.95,9.86,90.5,114.17
2023-02-21 10:00:00+00:00,33229.0,5.14,9.62,130.8,98.52
2023-02-21 11:00:00+00:00,33179.7,5.46,8.89,256.3,87.45
2023-02-21 12:00:00+00:00,33017.8,7.04,9.0,224.0,103.19
2023-02-21 13:00:00+00:00,32187.5,7.44,8.96,178.6,96.51
2023-02-21 14:00:00+00:00,32163.6,7.75,8.76,166.4,97.33
2023-02-21 15:00:00+00:00,32240.8,8.49,7.67,86.3,102.87
2023-02-21 16:00:00+00:00,33691.5,8.22,7.52,117.2,113.78
2023-02-21 17:00:00+00:00,36082.5,7.98,7.04,30.9,129.63
2023-02-21 18:00:00+00:00,36623.9,7.98,6.87,0.0,141.2
2023-02-21 19:00:00+00:00,36050.7,6.41,7.45,0.0,132.54
2023-02-21 20:00:00+00:00,34742.6,5.48,6.9,0.0,134.3
2023-02-21 21:00:00+00:00,32046.8,5.16,6.73,0.0,131.96
2023-02-21 22:00:00+00:00,29592.8,4.38,7.17,0.0,97.73
2023-02-21 23:00:00+00:00,27704.2,4.49,6.95,0.0,97.18
2023-02-22 00:00:00+00:00,26852.1,2.93,8.99,0.0,74.51
2023-02-22 01:00:00+00:00,26301.0,1.4,9.08,0.0,80.82
2023-02-22 02:00:00+00:00,25965.2,1.55,8.01,0.0,90.16
2023-02-22 03:00:00+00:00,26188.7,1.94,7.3,0.0,73.16
2023-02-22 04:00:00+00:00,26240.7,1.89,6.55,0.0,65.56
2023-02-22 05:00:00+00:00,27013.2,2.4,5.93,0.0,78.16
2023-02-22 06:00:00+00:00,29305.1,3.28,6.4,0.0,111.66
2023-02-22 07:00:00+00:00,32265.8,3.36,5.57,62.9,122.73
2023-02-22 08:00:00+00:00,33280.5,3.62,5.38,119.3,112.8
2023-02-22 09:00:00+00:00,33315.7,4.49,6.35,154.7,130.99
2023-02-22 10:00:00+00:00,32866.3,5.78,5.98,207.0,107.33
2023-02-22 11:00:00+00:00,33113.5,5.77,6.56,120.3,111.54
2023-02-22 12:00:00+00:00,33211.5,6.25,5.26,171.6,116.07
2023-02-22 13:00:00+00:00,31979.8,6.57,5.06,159.8,126.2
2023-02-22 14:00:00+00:00,31195.6,7.11,4.46,235.5,98.95
2023-02-22 15:00:00+00:00,31976.9,7.19,4.83,132.9,129.52
2023-02-22 16:00:00+00:00,33759.4,6.74,4.12,59.1,142.13
2023-02-22 17:00:00+00:00,36209.8,7.19,5.89,39.5,156.74
2023-02-22 18:00:00+00:00,37352.9,6.36,4.66,0.0,167.06
2023-02-22 19:00:00+00:00,36205.0,5.54,5.67,0.0,150.59
2023-02-22 20:00:00+00:00,34580.5,3.85,6.42,0.0,140.21
2023-02-22 21:00:00+00:00,33487.1,2.67,6.69,0.0,126.15
2023-02-22 22:00:00+00:00,30496.9,2.23,6.75,0.0,99.9
2023-02-22 23:00:00+00:00,28805.9,1.72,8.21,0.0,95.51
2023-02-23 00:00:00+00:00,28239.0,1.55,10.08,0.0,74.66
2023-02-23 01:00:00+00:00,26993.7,1.41,9.77,0.0,82.24
2023-02-23 02:00:00+00:00,25998.2,2.35,9.75,0.0,75.98
2023-02-23 03:00:00+00:00,26376.4,1.76,9.18,0.0,74.88
2023-02-23 04:00:00+00:00,27156.2,0.86,8.16,0.0,89.16
2023-02-23 05:00:00+00:00,28763.7,0.52,8.46,0.0,92.16
2023-02-23 06:00:00+00:00,31519.2,0.6,8.59,0.0,108.12
2023-02-23 07:00:00+00:00,33611.8,0.66,7.25,43.8,113.39
2023-02-23 08:00:00+00:00,34835.5,1.49,7.59,79.0,125.2
2023-02-23 09:00:00+00:00,34463.2,3.06,7.78,114.8,121.25
2023-02-23 10:00:00+00:00,34025.2,4.78,7.27,181.4,115.8
2023-02-23 11:00:00+00:00,33832.5,5.8,6.74,205.9,114.81
2023-02-23 12:00:00+00:00,31616.4,7.69,7.08,267.1,94.62
2023-02-23 13:00:00+00:00,30391.3,7.9,8.34,171.9,106.05
2023-02-23 14:00:00+00:00,29709.8,7.17,8.58,193.0,79.65
2023-02-23 15:00:00+00:00,29754.0,7.89,9.11,194.2,83.03
2023-02-23 16:00:00+00:00,32439.7,6.65,8.36,95.3,103.22
2023-02-23 17:00:00+00:00,36165.1,5.9,7.96,63.0,133.11
2023-02-23 18:00:00+00:00,36635.6,5.75,8.39,0.0,126.31
2023-02-23 19:00:00+00:00,36668.8,5.07,7.26,0.0,135.34
2023-02-23 20:00:00+00:00,35063.2,4.23,7.41,0.0,125.87
2023-02-23 21:00:00+00:00,33683.0,2.76,7.77,0.0,323.46
2023-02-23 22:00:00+00:00,31764.7,2.0,7.71,0.0,110.6
2023-02-23 23:00:00+00:00,29197.8,1.91,7.92,0.0,83.88
2023-02-24 00:00:00+00:00,27920.9,1.4,7.92,0.0,74.39
2023-02-24 01:00:00+00:00,26675.8,0.43,7.39,0.0,102.09
2023-02-24 02:00:00+00:00,26885.0,-0.59,6.45,0.0,98.44
2023-02-24 03:00:00+00:00,26428.0,-1.14,6.4,0.0,104.96
2023-02-24 04:00:00+00:00,26597.4,-0.74,7.45,0.0,79.15
2023-02-24 05:00:00+00:00,27398.3,-0.18,8.23,0.0,77.46
2023-02-24 06:00:00+00:00,30575.7,-0.15,7.9,0.0,105.35
2023-02-24 07:00:00+00:00,33539.2,-0.8,7.57,56.1,120.77
2023-02-24 08:00:00+00:00,34484.8,0.27,7.2,64.3,120.67
2023-02-24 09:00:00+00:00,35315.9,0.59,6.84,162.1,116.36
2023-02-24 10:00:00+00:00,34864.7,1.88,7.08,164.4,125.79
2023-02-24 11:00:00+00:00,35121.3,2.23,7.9,199.4,98.57
2023-02-24 12:00:00+00:00,34833.8,2.35,9.62,252.1,105.4
2023-02-24 13:00:00+00:00,34008.7,3.03,8.84,140.5,103.87
2023-02-24 14:00:00+00:00,33316.4,4.85,9.26,130.3,108.96
2023-02-24 15:00:00+00:00,33435.5,5.45,9.57,190.3,106.62
2023-02-24 16:00:00+00:00,35417.2,5.47,9.19,120.8,120.59
2023-02-24 17:00:00+00:00,37949.0,5.43,8.27,41.3,129.01
2023-02-24 18:00:00+00:00,39042.9,3.93,8.43,0.0,134.35
2023-02-24 19:00:00+00:00,37319.1,2.7,10.01,0.0,114.65
2023-02-24 20:00:00+00:00,35943.0,0.54,10.07,0.0,116.81
2023-02-24 21:00:00+00:00,32799.4,0.93,9.3,0.0,92.25
2023-02-24 22:00:00+00:00,30166.0,1.15,9.06,0.0,91.89
2023-02-24 23:00:00+00:00,28566.0,0.72,8.07,0.0,79.13
2023-02-25 00:00:00+00:00,26110.3,0.32,8.03,0.0,67.8
2023-02-25 01:00:00+00:00,25409.0,-1.05,8.51,0.0,66.57
2023-02-25 02:00:00+00:00,25787.9,-1.41,7.9,0.0,76.14
2023-02-25 03:00:00+00:00,25186.9,-0.36,5.31,0.0,74.58
2023-02-25 04:00:00+00:00,24535.3,-0.14,5.61,0.0,72.73
2023-02-25 05:00:00+00:00,26292.1,-0.15,5.28,0.0,92.8
2023-02-25 06:00:00+00:00,29292.4,-0.68,4.78,0.0,108.72
2023-02-25 07:00:00+00:00,30807.2,0.84,4.3,46.7,116.75
2023-02-25 08:00:00+00:00,32687.0,1.57,4.75,127.2,128.15
2023-02-25 09:00:00+00:00,33983.3,1.34,4.54,111.5,122.36
2023-02-25 10:00:00+00:00,32742.4,1.64,5.39,252.6,117.41
2023-02-25 11:00:00+00:00,32001.8,1.69,6.22,224.3,125.08
2023-02-25 12:00:00+00:00,32028.1,2.34,6.04,273.6,102.58
2023-02-25 13:00:00+00:00,31110.6,3.05,5.69,130.4,102.03
2023-02-25 14:00:00+00:00,31481.8,3.16,5.85,163.8,90.94
2023-02-25 15:00:00+00:00,31853.3,3.83,5.79,124.1,105.82
2023-02-25 16:00:00+00:00,33852.1,3.87,4.48,143.3,132.09
2023-02-25 17:00:00+00:00,36413.1,4.3,6.11,36.8,141.55
2023-02-25 18:00:00+00:00,36914.9,3.67,6.71,0.0,144.56
2023-02-25 19:00:00+00:00,34650.5,4.95,6.36,0.0,132.29
2023-02-25 20:00:00+00:00,33740.6,3.9,4.9,0.0,130.87
2023-02-25 21:00:00+00:00,31732.7,2.61,4.86,0.0,123.39
2023-02-25 22:00:00+00:00,30177.0,1.25,4.51,0.0,108.44
2023-02-25 23:00:00+00:00,28361.3,0.46,4.58,0.0,106.19
2023-02-26 00:00:00+00:00,27223.3,-1.05,3.01,0.0,108.41
2023-02-26 01:00:00+00:00,25596.9,-1.26,2.84,0.0,111.98
2023-02-26 02:00:00+00:00,25802.4,-2.62,2.73,0.0,92.15
2023-02-26 03:00:00+00:00,26029.9,-2.52,2.79,0.0,108.19
2023-02-26 04:00:00+00:00,26646.8,-3.12,2.82,0.0,112.88
2023-02-26 05:00:00+00:00,27736.3,-2.92,3.07,0.0,107.08
2023-02-26 06:00:00+00:00,29108.5,-1.95,4.45,0.0,103.65
2023-02-26 07:00:00+00:00,31293.1,0.17,4.18,50.5,134.64
2023-02-26 08:00:00+00:00,33109.8,0.31,3.61,114.5,117.64
2023-02-26 09:00:00+00:00,32996.8,1.09,2.43,97.1,129.46
2023-02-26 10:00:00+00:00,33089.6,1.52,2.26,117.3,126.89
2023-02-26 11:00:00+00:00,32375.4,1.82,1.4,279.1,119.54
2023-02-26 12:00:00+00:00,31853.3,2.12,2.43,248.5,117.44
2023-02-26 13:00:00+00:00,31277.9,3.21,2.58,144.6,137.82
2023-02-26 14:00:00+00:00,31659.7,3.32,3.54,195.3,112.24
2023-02-26 15:00:00+00:00,31906.4,4.88,4.86,182.6,132.75
2023-02-26 16:00:00+00:00,33313.8,5.09,4.29,112.9,137.25
2023-02-26 17:00:00+00:00,36098.4,4.24,4.15,51.5,145.06
2023-02-26 18:00:00+00:00,37324.0,3.61,5.33,0.0,149.84
2023-02-26 19:00:00+00:00,36281.8,2.58,5.57,0.0,149.21
2023-02-26 20:00:00+00:00,34070.0,2.43,6.05,0.0,132.15
2023-02-26 21:00:00+00:00,33001.2,0.74,6.9,0.0,108.7
2023-02-26 22:00:00+00:00,30617.4,-0.74,7.61,0.0,94.92
2023-02-26 23:00:00+00:00,28506.5,-1.7,7.9,0.0,72.51
2023-02-27 00:00:00+00:00,29636.6,-1.7,8.94,0.0,106.68
2023-02-27 01:00:00+00:00,28101.6,-1.32,8.79,0.0,82.09
2023-02-27 02:00:00+00:00,28116.8,-0.71,9.11,0.0,75.95
2023-02-27 03:00:00+00:00,27319.8,-0.44,8.87,0.0,68.89
2023-02-27 04:00:00+00:00,27942.5,-0.34,9.57,0.0,69.94
2023-02-27 05:00:00+00:00,28865.9,0.48,8.89,0.0,70.04
2023-02-27 06:00:00+00:00,30520.2,0.3,7.48,0.0,103.86
2023-02-27 07:00:00+00:00,33931.4,-0.13,7.97,49.3,124.27
2023-02-27 08:00:00+00:00,34962.1,0.93,7.13,91.0,139.93
2023-02-27 09:00:00+00:00,36552.8,1.18,6.24,117.8,144.55
2023-02-27 10:00:00+00:00,35670.0,2.0,7.27,133.4,132.13
2023-02-27 11:00:00+00:00,34519.6,2.88,8.01,141.6,124.8
2023-02-27 12:00:00+00:00,32916.8,3.74,7.69,143.3,103.55
2023-02-27 13:00:00+00:00,31747.7,4.85,5.28,242.1,90.61
2023-02-27 14:00:00+00:00,31677.9,5.7,5.78,251.5,107.98
2023-02-27 15:00:00+00:00,31532.7,5.96,6.36,134.6,97.47
2023-02-27 16:00:00+00:00,33877.6,5.63,6.8,70.2,120.05
2023-02-27 17:00:00+00:00,36570.3,5.43,7.17,41.8,126.99
2023-02-27 18:00:00+00:00,37393.2,4.64,7.02,0.0,157.39
2023-02-27 19:00:00+00:00,36237.6,3.95,6.7,0.0,149.15
2023-02-27 20:00:00+00:00,33491.9,4.84,5.85,0.0,114.74
2023-02-27 21:00:00+00:00,32211.4,4.18,5.36,0.0,124.72
2023-02-27 22:00:00+00:00,29251.3,3.67,5.7,0.0,114.55
2023-02-27 23:00:00+00:00,28440.0,2.51,6.03,0.0,96.22
2023-02-28 00:00:00+00:00,26989.6,2.6,6.69,0.0,85.02
2023-02-28 01:00:00+00:00,26006.8,2.56,5.61,0.0,94.79
2023-02-28 02:00:00+00:00,25676.6,2.69,4.38,0.0,87.12
2023-02-28 03:00:00+00:00,25492.2,2.68,4.21,0.0,88.69
2023-02-28 04:00:00+00:00,26486.6,3.35,3.56,0.0,106.92
2023-02-28 05:00:00+00:00,26952.2,4.35,3.87,0.0,90.06
2023-02-28 06:00:00+00:00,28426.9,4.92,3.01,0.0,106.82
2023-02-28 07:00:00+00:00,32274.2,5.38,4.13,46.8,110.19
2023-02-28 08:00:00+00:00,33635.2,6.56,3.63,143.9,151.25
2023-02-28 09:00:00+00:00,34091.8,6.7,5.04,184.6,124.51
2023-02-28 10:00:00+00:00,34856.9,6.97,5.55,216.1,133.41
2023-02-28 11:00:00+00:00,33414.7,7.6,4.8,152.2,110.98
2023-02-28 12:00:00+00:00,33127.5,7.12,6.55,139.5,125.04
2023-02-28 13:00:00+00:00,31580.4,8.07,6.78,274.0,89.49
2023-02-28 14:00:00+00:00,31371.2,7.76,6.92,198.5,109.61
2023-02-28 15:00:00+00:00,31129.3,7.55,6.87,213.8,91.52
2023-02-28 16:00:00+00:00,33211.7,7.31,7.24,109.6,100.68
2023-02-28 17:00:00+00:00,35839.4,7.03,7.64,60.3,139.54
2023-02-28 18:00:00+00:00,37075.0,6.34,6.93,0.0,144.84
2023-02-28 19:00:00+00:00,34880.2,5.68,6.77,0.0,120.23
2023-02-28 20:00:00+00:00,33678.4,4.92,6.87,0.0,107.73
2023-02-28 21:00:00+00:00,32013.6,3.87,7.33,0.0,115.84
2023-02-28 22:00:00+00:00,31399.3,2.64,7.79,0.0,105.28
2023-02-28 23:00:00+00:00,29279.4,2.59,7.87,0.0,94.4
2023-03-01 00:00:00+00:00,28412.2,0.81,7.4,0.0,92.03
2023-03-01 01:00:00+00:00,27507.3,0.25,6.91,0.0,85.48
2023-03-01 02:00:00+00:00,26550.2,-0.29,5.98,0.0,89.96
2023-03-01 03:00:00+00:00,26832.3,-0.09,6.5,0.0,92.28
2023-03-01 04:00:00+00:00,26964.1,-0.82,6.04,0.0,86.83
2023-03-01 05:00:00+00:00,27831.5,-0.76,5.94,0.0,99.26
2023-03-01 06:00:00+00:00,30551.5,-0.27,6.18,0.0,114.81
2023-03-01 07:00:00+00:00,33188.4,1.07,6.22,51.6,131.64
2023-03-01 08:00:00+00:00,34725.2,2.04,6.26,138.8,101.37
2023-03-01 09:00:00+00:00,34670.4,2.15,5.59,96.5,125.72
2023-03-01 10:00:00+00:00,35020.9,2.7,5.87,117.1,134.63
2023-03-01 11:00:00+00:00,33762.8,4.03,5.68,242.1,134.53
2023-03-01 12:00:00+00:00,32804.8,3.98,5.68,272.0,117.49
2023-03-01 13:00:00+00:00,32416.1,4.48,6.65,191.5,115.91
2023-03-01 14:00:00+00:00,32035.6,4.85,7.06,219.3,123.94
2023-03-01 15:00:00+00:00,32394.2,4.79,6.61,209.5,101.79
2023-03-01 16:00:00+00:00,34027.5,6.38,6.52,72.4,143.54
2023-03-01 17:00:00+00:00,36531.4,5.86,7.79,73.1,137.74
2023-03-01 18:00:00+00:00,36779.1,5.68,7.51,0.0,129.36
2023-03-01 19:00:00+00:00,35740.6,4.62,7.52,0.0,115.79
2023-03-01 20:00:00+00:00,34111.5,4.25,8.01,0.0,118.18
2023-03-01 21:00:00+00:00,32313.1,4.02,8.13,0.0,115.62
2023-03-01 22:00:00+00:00,30349.8,2.9,7.78,0.0,96.45
2023-03-01 23:00:00+00:00,30004.3,2.16,7.16,0.0,101.54
2023-03-02 00:00:00+00:00,29801.7,1.12,7.14,0.0,118.4
2023-03-02 01:00:00+00:00,28224.5,-0.01,7.65,0.0,87.48
2023-03-02 02:00:00+00:00,26760.6,0.36,8.65,0.0,92.47
2023-03-02 03:00:00+00:00,27249.2,-0.04,7.42,0.0,90.12
2023-03-02 04:00:00+00:00,28436.2,-1.34,8.78,0.0,92.82
2023-03-02 05:00:00+00:00,29587.4,0.1,8.47,0.0,88.51
2023-03-02 06:00:00+00:00,31504.0,0.15,9.12,0.0,98.01
2023-03-02 07:00:00+00:00,34055.1,0.68,8.43,72.8,112.66
2023-03-02 08:00:00+00:00,34256.9,2.46,7.1,65.3,120.54
2023-03-02 09:00:00+00:00,34706.9,3.18,6.07,125.5,131.86
2023-03-02 10:00:00+00:00,34183.8,3.9,5.86,167.1,133.26
2023-03-02 11:00:00+00:00,33609.4,3.92,6.32,283.4,130.63
2023-03-02 12:00:00+00:00,33978.6,3.62,6.38,271.9,101.74
2023-03-02 13:00:00+00:00,33160.6,4.08,6.22,181.0,111.23
2023-03-02 14:00:00+00:00,33038.8,4.69,7.13,242.1,111.13
2023-03-02 15:00:00+00:00,33107.3,5.05,7.13,200.7,105.2
2023-03-02 16:00:00+00:00,35249.8,4.73,7.34,113.3,109.62
2023-03-02 17:00:00+00:00,37069.0,4.52,9.75,58.4,132.34
2023-03-02 18:00:00+00:00,38158.8,3.01,9.61,0.0,127.88
2023-03-02 19:00:00+00:00,37092.6,2.77,8.94,0.0,135.11
2023-03-02 20:00:00+00:00,36026.8,2.24,9.22,0.0,142.44
2023-03-02 21:00:00+00:00,33852.0,2.73,9.68,0.0,116.73
2023-03-02 22:00:00+00:00,31614.4,2.01,9.78,0.0,102.0
2023-03-02 23:00:00+00:00,30865.5,0.77,9.76,0.0,106.21
2023-03-03 00:00:00+00:00,29541.0,0.28,10.78,0.0,191.37
2023-03-03 01:00:00+00:00,28064.3,-0.33,11.66,0.0,67.66
2023-03-03 02:00:00+00:00,27408.4,-0.3,11.33,0.0,60.27
2023-03-03 03:00:00+00:00,27247.8,-0.33,10.61,0.0,72.82
2023-03-03 04:00:00+00:00,27140.6,-0.93,10.77,0.0,50.16
2023-03-03 05:00:00+00:00,28691.0,-1.54,10.07,0.0,67.65
2023-03-03 06:00:00+00:00,30072.8,-0.8,10.61,0.0,82.23
2023-03-03 07:00:00+00:00,32535.6,0.74,10.76,62.4,97.39
2023-03-03 08:00:00+00:00,34122.0,1.58,12.66,136.7,104.3
2023-03-03 09:00:00+00:00,34357.3,2.91,13.53,106.6,75.21
2023-03-03 10:00:00+00:00,33058.8,4.34,12.36,203.0,75.08
2023-03-03 11:00:00+00:00,32735.2,5.25,11.69,126.6,85.46
2023-03-03 12:00:00+00:00,32982.7,5.41,9.96,177.5,78.57
2023-03-03 13:00:00+00:00,32868.7,6.04,8.14,218.0,88.8
2023-03-03 14:00:00+00:00,32768.1,7.09,8.17,165.1,81.36
2023-03-03 15:00:00+00:00,32743.1,7.52,7.18,199.0,107.6
2023-03-03 16:00:00+00:00,35386.1,7.87,8.45,127.6,108.12
2023-03-03 17:00:00+00:00,37333.1,7.27,9.28,47.3,141.4
2023-03-03 18:00:00+00:00,37934.5,6.67,8.96,0.0,142.09
2023-03-03 19:00:00+00:00,36611.9,5.97,8.6,0.0,129.95
2023-03-03 20:00:00+00:00,35093.4,5.22,9.68,0.0,109.41
2023-03-03 21:00:00+00:00,33174.9,5.15,10.89,0.0,102.72
2023-03-03 22:00:00+00:00,30379.9,2.94,9.97,0.0,84.55
2023-03-03 23:00:00+00:00,28484.9,2.26,8.99,0.0,86.39
2023-03-04 00:00:00+00:00,25788.5,1.71,8.65,0.0,78.17
2023-03-04 01:00:00+00:00,24725.2,0.43,8.91,0.0,51.26
2023-03-04 02:00:00+00:00,24131.4,0.58,8.41,0.0,53.64
2023-03-04 03:00:00+00:00,24292.9,0.08,8.69,0.0,70.2
2023-03-04 04:00:00+00:00,24890.5,0.01,10.14,0.0,67.11
2023-03-04 05:00:00+00:00,25923.3,1.47,8.88,0.0,56.53
2023-03-04 06:00:00+00:00,28400.6,2.57,8.44,0.0,75.03
2023-03-04 07:00:00+00:00,31143.1,3.53,7.28,53.7,93.75
2023-03-04 08:00:00+00:00,31836.1,4.47,6.61,133.8,106.62
2023-03-04 09:00:00+00:00,32402.2,5.13,6.4,103.9,97.01
2023-03-04 10:00:00+00:00,32053.2,7.09,5.86,274.4,99.79
2023-03-04 11:00:00+00:00,31348.9,8.24,6.33,270.0,92.63
2023-03-04 12:00:00+00:00,31411.7,8.35,6.48,326.4,82.38
2023-03-04 13:00:00+00:00,30817.7,7.93,6.74,294.9,86.71
2023-03-04 14:00:00+00:00,29998.6,8.55,6.51,189.3,90.6
2023-03-04 15:00:00+00:00,29733.0,8.59,6.37,187.3,85.46
2023-03-04 16:00:00+00:00,32764.3,7.6,6.12,150.7,127.97
2023-03-04 17:00:00+00:00,34480.2,7.55,5.97,44.9,125.81
2023-03-04 18:00:00+00:00,35533.9,6.9,6.35,0.0,137.8
2023-03-04 19:00:00+00:00,33918.6,6.59,4.88,0.0,129.61
2023-03-04 20:00:00+00:00,31372.5,6.12,5.21,0.0,128.26
2023-03-04 21:00:00+00:00,30214.1,4.95,4.62,0.0,103.45
2023-03-04 22:00:00+00:00,28193.3,4.55,4.48,0.0,104.93
2023-03-04 23:00:00+00:00,26854.8,3.5,3.38,0.0,92.25
2023-03-05 00:00:00+00:00,25615.3,2.71,3.28,0.0,77.26
2023-03-05 01:00:00+00:00,24983.0,1.91,3.68,0.0,81.74
2023-03-05 02:00:00+00:00,24076.8,2.29,4.21,0.0,73.81
2023-03-05 03:00:00+00:00,24091.2,2.01,3.42,0.0,89.87
2023-03-05 04:00:00+00:00,24637.6,2.92,3.92,0.0,76.61
2023-03-05 05:00:00+00:00,24059.7,4.26,4.96,0.0,55.21
2023-03-05 06:00:00+00:00,27006.1,4.23,4.68,0.0,75.28
2023-03-05 07:00:00+00:00,31499.6,3.04,4.8,35.5,120.55
2023-03-05 08:00:00+00:00,33326.9,4.4,3.29,139.6,135.2
2023-03-05 09:00:00+00:00,33722.5,4.96,2.77,220.7,131.6
2023-03-05 10:00:00+00:00,33836.4,5.2,3.2,120.6,131.19
2023-03-05 11:00:00+00:00,32626.6,5.58,4.13,295.9,113.65
2023-03-05 12:00:00+00:00,32055.7,5.97,3.81,165.5,99.73
2023-03-05 13:00:00+00:00,30695.7,7.25,6.06,295.6,68.4
2023-03-05 14:00:00+00:00,29883.4,7.65,6.35,212.3,73.49
2023-03-05 15:00:00+00:00,30218.4,8.52,5.38,148.7,98.05
2023-03-05 16:00:00+00:00,31713.0,8.69,6.47,163.1,109.72
2023-03-05 17:00:00+00:00,33371.6,8.17,5.52,67.1,113.84
2023-03-05 18:00:00+00:00,34833.0,7.43,5.85,0.0,126.78
2023-03-05 19:00:00+00:00,33463.2,7.13,5.18,0.0,137.42
2023-03-05 20:00:00+00:00,31798.3,6.87,4.21,0.0,122.17
2023-03-05 21:00:00+00:00,29555.0,6.65,5.1,0.0,109.87
2023-03-05 22:00:00+00:00,26759.5,5.65,4.99,0.0,92.86
2023-03-05 23:00:00+00:00,24933.2,4.98,6.44,0.0,60.61
2023-03-06 00:00:00+00:00,25818.9,4.76,5.68,0.0,100.47
2023-03-06 01:00:00+00:00,24702.2,3.99,4.52,0.0,73.21
2023-03-06 02:00:00+00:00,24537.2,2.96,4.27,0.0,101.39
2023-03-06 03:00:00+00:00,25086.0,2.34,6.67,0.0,78.21
2023-03-06 04:00:00+00:00,24950.8,2.28,7.34,0.0,71.05
2023-03-06 05:00:00+00:00,26543.2,2.96,7.75,0.0,60.72
2023-03-06 06:00:00+00:00,28037.3,4.17,8.17,0.0,85.72
2023-03-06 07:00:00+00:00,31170.2,3.94,7.74,37.6,99.94
2023-03-06 08:00:00+00:00,33028.5,4.28,9.83,155.7,89.79
2023-03-06 09:00:00+00:00,33451.0,4.83,10.05,206.7,76.72
2023-03-06 10:00:00+00:00,33416.3,6.09,10.18,261.4,93.64
2023-03-06 11:00:00+00:00,32992.0,6.48,10.79,192.1,93.23
2023-03-06 12:00:00+00:00,32553.6,6.83,9.61,313.0,61.96
2023-03-06 13:00:00+00:00,31092.8,6.47,8.79,270.7,71.76
2023-03-06 14:00:00+00:00,31007.3,7.08,8.51,292.3,74.34
2023-03-06 15:00:00+00:00,32322.8,7.11,9.21,100.2,98.54
2023-03-06 16:00:00+00:00,34055.8,6.63,8.08,150.4,109.43
2023-03-06 17:00:00+00:00,36937.6,6.21,7.98,68.9,131.01
2023-03-06 18:00:00+00:00,37337.2,6.44,7.76,0.0,145.09
2023-03-06 19:00:00+00:00,36782.2,5.23,6.49,0.0,162.41
2023-03-06 20:00:00+00:00,35315.2,4.04,6.12,0.0,134.0
2023-03-06 21:00:00+00:00,32951.4,4.06,6.59,0.0,130.55
2023-03-06 22:00:00+00:00,30586.5,3.35,5.45,0.0,129.72
2023-03-06 23:00:00+00:00,29198.7,3.04,6.63,0.0,112.75
2023-03-07 00:00:00+00:00,28066.6,2.78,7.02,0.0,95.18
2023-03-07 01:00:00+00:00,26456.2,2.28,7.29,0.0,84.02
2023-03-07 02:00:00+00:00,25436.0,1.77,7.28,0.0,75.69
2023-03-07 03:00:00+00:00,25444.5,2.17,6.41,0.0,93.03
2023-03-07 04:00:00+00:00,25205.1,2.96,5.93,0.0,73.39
2023-03-07 05:00:00+00:00,26223.4,3.89,6.27,0.0,77.8
2023-03-07 06:00:00+00:00,29114.1,3.6,5.79,0.0,94.85
2023-03-07 07:00:00+00:00,31091.0,4.98,6.0,81.7,130.68
2023-03-07 08:00:00+00:00,32401.3,5.44,5.35,104.0,131.41
2023-03-07 09:00:00+00:00,33828.5,5.73,5.79,125.2,114.7
2023-03-07 10:00:00+00:00,33413.9,6.38,6.26,228.0,96.24
2023-03-07 11:00:00+00:00,33167.4,7.58,5.02,186.9,114.46
2023-03-07 12:00:00+00:00,33599.3,8.49,5.17,347.3,107.36
2023-03-07 13:00:00+00:00,32734.6,8.77,4.07,301.7,113.22
2023-03-07 14:00:00+00:00,31522.0,9.53,2.77,283.0,96.42
2023-03-07 15:00:00+00:00,31718.3,9.66,2.51,222.8,111.28
2023-03-07 16:00:00+00:00,33523.7,9.16,4.92,163.0,132.94
2023-03-07 17:00:00+00:00,36182.3,8.4,5.63,54.6,146.82
2023-03-07 18:00:00+00:00,37447.0,8.14,6.79,0.0,138.98
2023-03-07 19:00:00+00:00,36479.6,7.44,7.28,0.0,147.2
2023-03-07 20:00:00+00:00,33915.6,5.86,7.42,0.0,131.12
2023-03-07 21:00:00+00:00,32505.7,5.58,8.1,0.0,131.45
2023-03-07 22:00:00+00:00,30574.6,4.5,7.55,0.0,98.46
2023-03-07 23:00:00+00:00,28354.9,4.72,7.89,0.0,78.71
2023-03-08 00:00:00+00:00,28005.1,3.32,8.76,0.0,77.13
2023-03-08 01:00:00+00:00,26485.2,2.72,9.22,0.0,76.27
2023-03-08 02:00:00+00:00,25745.4,1.99,10.08,0.0,45.38
2023-03-08 03:00:00+00:00,26300.2,1.31,10.07,0.0,61.34
2023-03-08 04:00:00+00:00,26693.9,1.14,11.24,0.0,57.73
2023-03-08 05:00:00+00:00,28064.2,2.53,10.87,0.0,80.87
2023-03-08 06:00:00+00:00,29796.7,3.09,12.33,0.0,64.7
2023-03-08 07:00:00+00:00,32819.3,3.23,12.51,47.3,82.34
2023-03-08 08:00:00+00:00,34862.0,2.86,11.94,127.7,98.6
2023-03-08 09:00:00+00:00,35635.4,2.65,10.77,249.5,89.41
2023-03-08 10:00:00+00:00,35605.6,3.17,9.95,186.8,96.35
2023-03-08 11:00:00+00:00,35208.8,3.59,9.05,289.0,118.14
2023-03-08 12:00:00+00:00,34543.2,4.17,8.88,319.9,99.69
2023-03-08 13:00:00+00:00,33246.0,3.37,7.79,308.8,105.16
2023-03-08 14:00:00+00:00,33267.2,3.74,8.76,151.0,106.51
2023-03-08 15:00:00+00:00,32159.4,4.58,8.76,136.6,92.47
2023-03-08 16:00:00+00:00,33232.6,5.56,8.72,95.1,97.18
2023-03-08 17:00:00+00:00,36104.4,4.19,7.73,53.3,123.21
2023-03-08 18:00:00+00:00,38015.2,3.33,7.09,0.0,140.25
2023-03-08 19:00:00+00:00,36945.0,2.31,5.35,0.0,143.27
2023-03-08 20:00:00+00:00,36016.5,1.8,6.7,0.0,129.91
2023-03-08 21:00:00+00:00,33758.6,0.41,5.6,0.0,137.87
2023-03-08 22:00:00+00:00,30798.4,0.78,4.62,0.0,107.98
2023-03-08 23:00:00+00:00,28370.8,0.19,5.85,0.0,110.33
2023-03-09 00:00:00+00:00,27170.2,-0.3,6.21,0.0,94.78
2023-03-09 01:00:00+00:00,25833.3,0.28,6.34,0.0,85.22
2023-03-09 02:00:00+00:00,26335.4,0.04,6.64,0.0,82.26
2023-03-09 03:00:00+00:00,26577.5,0.24,7.4,0.0,81.37
2023-03-09 04:00:00+00:00,27120.7,-0.05,7.46,0.0,75.91
2023-03-09 05:00:00+00:00,28351.9,-0.51,6.23,0.0,85.73
2023-03-09 06:00:00+00:00,31046.4,-0.31,6.84,0.0,102.57
2023-03-09 07:00:00+00:00,33799.5,1.72,7.18,52.6,104.8
2023-03-09 08:00:00+00:00,34715.3,2.88,8.09,76.8,121.35
2023-03-09 09:00:00+00:00,34631.2,3.87,7.06,217.4,101.72
2023-03-09 10:00:00+00:00,34348.7,4.1,6.48,257.0,116.76
2023-03-09 11:00:00+00:00,32802.6,5.42,6.82,280.6,104.27
2023-03-09 12:00:00+00:00,33293.5,5.26,6.09,279.0,107.06
2023-03-09 13:00:00+00:00,32624.6,4.86,4.29,202.4,110.58
2023-03-09 14:00:00+00:00,32259.9,4.91,4.58,147.1,107.4
2023-03-09 15:00:00+00:00,32788.9,6.27,5.4,194.4,103.94
2023-03-09 16:00:00+00:00,33875.1,7.37,5.38,152.0,111.63
2023-03-09 17:00:00+00:00,37058.0,6.81,5.89,83.1,142.06
2023-03-09 18:00:00+00:00,37385.1,5.96,6.26,0.0,147.01
2023-03-09 19:00:00+00:00,36801.9,4.39,6.31,0.0,163.42
2023-03-09 20:00:00+00:00,34737.6,3.78,6.45,0.0,149.79
2023-03-09 21:00:00+00:00,32204.6,3.17,7.53,0.0,125.43
2023-03-09 22:00:00+00:00,29563.5,2.92,6.75,0.0,96.52
2023-03-09 23:00:00+00:00,28121.7,2.79,7.37,0.0,72.38
2023-03-10 00:00:00+00:00,26902.3,2.18,6.43,0.0,86.13
2023-03-10 01:00:00+00:00,26151.0,2.06,5.83,0.0,80.5
2023-03-10 02:00:00+00:00,25634.3,1.36,6.83,0.0,74.89
2023-03-10 03:00:00+00:00,24699.2,1.61,5.89,0.0,78.27
2023-03-10 04:00:00+00:00,25801.9,1.43,5.76,0.0,88.31
2023-03-10 05:00:00+00:00,27055.3,2.03,7.66,0.0,60.7
2023-03-10 06:00:00+00:00,28463.1,2.75,8.43,0.0,95.73
2023-03-10 07:00:00+00:00,31738.2,3.42,7.79,41.0,112.55
2023-03-10 08:00:00+00:00,33264.5,4.63,7.3,124.6,102.97
2023-03-10 09:00:00+00:00,33829.1,4.46,7.16,199.1,116.41
2023-03-10 10:00:00+00:00,33705.6,4.62,8.17,181.1,100.05
2023-03-10 11:00:00+00:00,33906.1,5.22,7.33,193.2,107.79
2023-03-10 12:00:00+00:00,33806.0,5.02,6.48,268.9,104.49
2023-03-10 13:00:00+00:00,33671.9,5.32,7.07,336.8,89.87
2023-03-10 14:00:00+00:00,33368.6,5.47,5.75,149.8,103.31
2023-03-10 15:00:00+00:00,33235.5,6.44,5.1,152.4,145.71
2023-03-10 16:00:00+00:00,34522.7,6.48,5.13,80.0,137.43
2023-03-10 17:00:00+00:00,36795.9,6.84,5.2,56.7,147.48
2023-03-10 18:00:00+00:00,38195.8,6.58,4.22,0.0,181.97
2023-03-10 19:00:00+00:00,36941.4,5.66,4.63,0.0,137.26
2023-03-10 20:00:00+00:00,35825.4,5.04,5.19,0.0,141.94
2023-03-10 21:00:00+00:00,34032.0,4.73,4.76,0.0,129.77
2023-03-10 22:00:00+00:00,30802.5,4.69,6.17,0.0,104.0
2023-03-10 23:00:00+00:00,28953.8,3.88,6.48,0.0,96.48
2023-03-11 00:00:00+00:00,26361.2,2.37,5.72,0.0,80.33
2023-03-11 01:00:00+00:00,24923.2,0.89,7.05,0.0,51.08
2023-03-11 02:00:00+00:00,24484.2,0.45,6.64,0.0,58.32
2023-03-11 03:00:00+00:00,24361.1,-1.0,6.79,0.0,57.67
2023-03-11 04:00:00+00:00,24315.2,0.28,6.42,0.0,64.14
2023-03-11 05:00:00+00:00,24918.5,1.01,6.94,0.0,59.87
2023-03-11 06:00:00+00:00,27894.9,1.15,6.57,0.0,87.5
2023-03-11 07:00:00+00:00,30691.0,1.17,6.26,75.0,100.84
2023-03-11 08:00:00+00:00,32321.8,2.59,6.17,93.5,89.68
2023-03-11 09:00:00+00:00,32183.4,2.76,5.82,142.6,98.03
2023-03-11 10:00:00+00:00,32086.3,3.0,6.72,308.6,93.53
2023-03-11 11:00:00+00:00,31208.0,3.36,5.75,231.7,95.75
2023-03-11 12:00:00+00:00,31365.0,4.15,5.78,196.5,82.58
2023-03-11 13:00:00+00:00,30126.2,5.1,5.91,258.2,95.61
2023-03-11 14:00:00+00:00,29494.6,6.2,5.87,295.1,87.42
2023-03-11 15:00:00+00:00,29761.1,6.99,6.68,238.1,105.95
2023-03-11 16:00:00+00:00,31303.7,6.93,5.52,149.2,122.2
2023-03-11 17:00:00+00:00,33141.2,7.28,6.04,86.0,108.8
2023-03-11 18:00:00+00:00,34648.5,6.42,5.12,0.0,136.29
2023-03-11 19:00:00+00:00,33059.4,4.73,4.81,0.0,129.98
2023-03-11 20:00:00+00:00,32254.0,3.67,3.87,0.0,142.67
2023-03-11 21:00:00+00:00,30652.2,2.48,3.76,0.0,118.0
2023-03-11 22:00:00+00:00,28094.7,1.41,3.47,0.0,120.53
2023-03-11 23:00:00+00:00,26845.5,0.21,4.93,0.0,94.54
2023-03-12 00:00:00+00:00,26356.3,-0.47,5.22,0.0,79.2
2023-03-12 01:00:00+00:00,24888.0,-0.46,5.66,0.0,64.24
2023-03-12 02:00:00+00:00,23255.0,0.37,4.86,0.0,80.72
2023-03-12 03:00:00+00:00,23606.3,-0.71,5.54,0.0,78.61
2023-03-12 04:00:00+00:00,24718.4,-1.28,6.9,0.0,79.23
2023-03-12 05:00:00+00:00,26178.2,-1.34,7.58,0.0,47.53
2023-03-12 06:00:00+00:00,28440.6,-0.28,6.53,0.0,91.31
2023-03-12 07:00:00+00:00,31672.2,0.33,6.19,63.3,121.8
2023-03-12 08:00:00+00:00,33972.6,0.72,6.31,83.5,-0.43
2023-03-12 09:00:00+00:00,32666.0,2.05,5.9,141.8,116.83
2023-03-12 10:00:00+00:00,31607.5,3.5,7.93,197.2,84.26
2023-03-12 11:00:00+00:00,31272.2,4.29,7.51,235.5,77.9
2023-03-12 12:00:00+00:00,31154.3,4.5,7.45,329.2,72.9
2023-03-12 13:00:00+00:00,29664.8,5.23,6.96,183.7,100.16
2023-03-12 14:00:00+00:00,29127.6,5.48,7.14,146.0,91.81
2023-03-12 15:00:00+00:00,30422.5,5.52,8.21,202.4,79.58
2023-03-12 16:00:00+00:00,32219.7,5.2,8.24,77.0,122.41
2023-03-12 17:00:00+00:00,34640.7,5.55,8.01,94.3,97.02
2023-03-12 18:00:00+00:00,36470.8,5.3,7.12,0.0,131.11
2023-03-12 19:00:00+00:00,34848.9,5.36,8.06,0.0,138.7
2023-03-12 20:00:00+00:00,32936.3,5.49,7.89,0.0,110.31
2023-03-12 21:00:00+00:00,31109.2,5.01,7.7,0.0,100.1
2023-03-12 22:00:00+00:00,28779.3,3.94,5.84,0.0,97.04
2023-03-12 23:00:00+00:00,26714.7,3.86,5.8,0.0,81.51
2023-03-13 00:00:00+00:00,28273.9,3.64,5.54,0.0,106.09
2023-03-13 01:00:00+00:00,26507.2,4.72,4.19,0.0,85.25
2023-03-13 02:00:00+00:00,25394.7,4.55,5.1,0.0,108.78
2023-03-13 03:00:00+00:00,25476.6,4.81,4.78,0.0,69.98
2023-03-13 04:00:00+00:00,24309.9,5.02,6.37,0.0,85.43
2023-03-13 05:00:00+00:00,26330.6,5.19,7.51,0.0,82.74
2023-03-13 06:00:00+00:00,28547.8,5.44,6.92,0.0,84.14
2023-03-13 07:00:00+00:00,31286.1,6.18,8.0,78.4,98.51
2023-03-13 08:00:00+00:00,32765.3,7.15,9.21,106.7,104.69
2023-03-13 09:00:00+00:00,33434.5,8.55,8.66,128.4,107.9
2023-03-13 10:00:00+00:00,33063.1,9.42,7.77,270.5,74.97
2023-03-13 11:00:00+00:00,32508.3,9.77,6.04,248.3,105.42
2023-03-13 12:00:00+00:00,31562.9,10.12,6.39,251.2,79.92
2023-03-13 13:00:00+00:00,30806.7,9.73,5.66,365.2,95.48
2023-03-13 14:00:00+00:00,30398.5,10.98,6.05,157.6,106.09
2023-03-13 15:00:00+00:00,30916.4,10.68,5.65,214.8,82.82
2023-03-13 16:00:00+00:00,33301.4,11.09,5.11,84.3,103.39
2023-03-13 17:00:00+00:00,35250.6,10.88,4.76,81.1,133.88
2023-03-13 18:00:00+00:00,35715.6,10.5,3.86,0.0,148.02
2023-03-13 19:00:00+00:00,34702.5,9.73,3.58,0.0,145.95
2023-03-13 20:00:00+00:00,33067.6,8.45,3.17,0.0,142.46
2023-03-13 21:00:00+00:00,30990.8,7.03,3.35,0.0,123.25
2023-03-13 22:00:00+00:00,28400.9,7.24,3.62,0.0,108.87
2023-03-13 23:00:00+00:00,27342.5,6.51,2.95,0.0,96.75
2023-03-14 00:00:00+00:00,25566.8,6.61,4.01,0.0,78.41
2023-03-14 01:00:00+00:00,23917.7,6.87,4.04,0.0,84.68
2023-03-14 02:00:00+00:00,23473.2,6.21,5.36,0.0,74.03
2023-03-14 03:00:00+00:00,23087.7,6.26,5.63,0.0,61.47
2023-03-14 04:00:00+00:00,24001.2,6.28,5.75,0.0,59.33
2023-03-14 05:00:00+00:00,25281.9,5.78,5.43,0.0,94.8
2023-03-14 06:00:00+00:00,28470.4,6.06,5.99,0.0,112.49
2023-03-14 07:00:00+00:00,30642.8,6.96,6.07,99.5,112.23
2023-03-14 08:00:00+00:00,32558.0,7.3,6.78,119.8,113.3
2023-03-14 09:00:00+00:00,32977.9,7.81,8.05,263.3,81.43
2023-03-14 10:00:00+00:00,32777.1,8.42,7.43,297.7,104.8
2023-03-14 11:00:00+00:00,30658.1,10.35,7.89,203.1,89.39
2023-03-14 12:00:00+00:00,30322.4,9.78,8.3,289.6,62.88
2023-03-14 13:00:00+00:00,29664.8,10.49,8.59,237.6,78.39
2023-03-14 14:00:00+00:00,28695.3,10.57,8.18,299.3,58.22
2023-03-14 15:00:00+00:00,28185.3,10.23,7.79,259.9,73.45
2023-03-14 16:00:00+00:00,30113.1,9.92,7.3,151.8,98.63
2023-03-14 17:00:00+00:00,33203.8,9.98,6.81,79.0,118.79
2023-03-14 18:00:00+00:00,34773.1,9.88,6.16,0.0,123.84
2023-03-14 19:00:00+00:00,33232.4,9.31,6.12,0.0,129.33
2023-03-14 20:00:00+00:00,31436.0,9.18,5.57,0.0,120.94
2023-03-14 21:00:00+00:00,29856.9,9.08,5.99,0.0,96.61
2023-03-14 22:00:00+00:00,28397.5,8.69,6.08,0.0,90.94
2023-03-14 23:00:00+00:00,27657.1,7.53,6.26,0.0,107.99
2023-03-15 00:00:00+00:00,26899.3,7.22,6.08,0.0,101.9
2023-03-15 01:00:00+00:00,25414.2,6.93,6.18,0.0,70.41
2023-03-15 02:00:00+00:00,25062.8,6.03,6.03,0.0,54.38
2023-03-15 03:00:00+00:00,25174.5,4.89,6.69,0.0,86.53
2023-03-15 04:00:00+00:00,25774.7,3.72,6.36,0.0,98.28
2023-03-15 05:00:00+00:00,26215.4,4.03,6.68,0.0,93.7
2023-03-15 06:00:00+00:00,29132.8,4.66,5.68,0.0,97.34
2023-03-15 07:00:00+00:00,32329.2,4.55,6.3,95.0,116.56
2023-03-15 08:00:00+00:00,33936.9,5.89,5.9,136.6,109.43
2023-03-15 09:00:00+00:00,34377.4,6.73,5.24,234.3,128.65
2023-03-15 10:00:00+00:00,33421.4,8.29,4.44,231.8,110.78
2023-03-15 11:00:00+00:00,32010.9,9.18,3.61,293.4,101.8
2023-03-15 12:00:00+00:00,32135.4,9.11,3.41,225.1,114.07
2023-03-15 13:00:00+00:00,31551.1,9.82,4.76,269.0,95.35
2023-03-15 14:00:00+00:00,31052.4,10.48,4.37,271.2,107.26
2023-03-15 15:00:00+00:00,32338.5,10.2,2.77,187.5,113.73
2023-03-15 16:00:00+00:00,34002.5,9.19,3.27,170.6,156.65
2023-03-15 17:00:00+00:00,36196.8,8.93,2.58,57.8,161.26
2023-03-15 18:00:00+00:00,37505.0,7.84,3.44,0.0,159.63
2023-03-15 19:00:00+00:00,35662.0,7.89,3.29,0.0,143.11
2023-03-15 20:00:00+00:00,33796.7,6.91,3.26,0.0,138.73
2023-03-15 21:00:00+00:00,32060.8,7.16,4.38,0.0,123.27
2023-03-15 22:00:00+00:00,30066.4,5.06,5.0,0.0,107.35
2023-03-15 23:00:00+00:00,28230.4,4.42,4.12,0.0,98.81
2023-03-16 00:00:00+00:00,27193.4,4.77,3.41,0.0,93.17
2023-03-16 01:00:00+00:00,25771.8,3.73,2.19,0.0,108.49
2023-03-16 02:00:00+00:00,25390.2,3.32,4.47,0.0,98.97
2023-03-16 03:00:00+00:00,25251.6,2.97,3.92,0.0,236.0
2023-03-16 04:00:00+00:00,26033.6,2.66,4.99,0.0,85.38
2023-03-16 05:00:00+00:00,27430.8,3.11,4.67,0.0,77.96
2023-03-16 06:00:00+00:00,29806.1,2.82,3.95,0.0,108.68
2023-03-16 07:00:00+00:00,32508.2,3.4,4.12,42.2,146.08
2023-03-16 08:00:00+00:00,33866.1,4.46,4.0,109.4,142.29
2023-03-16 09:00:00+00:00,34059.4,5.13,4.78,128.5,132.06
2023-03-16 10:00:00+00:00,34581.0,5.33,5.53,300.1,101.04
2023-03-16 11:00:00+00:00,33878.2,6.71,5.14,361.0,99.12
2023-03-16 12:00:00+00:00,33609.6,7.79,4.11,262.3,112.0
2023-03-16 13:00:00+00:00,32452.4,7.65,3.32,277.6,123.6
2023-03-16 14:00:00+00:00,32792.8,7.2,1.72,269.1,137.68
2023-03-16 15:00:00+00:00,33118.7,6.78,1.77,130.8,136.4
2023-03-16 16:00:00+00:00,34955.9,7.07,2.02,138.0,154.53
2023-03-16 17:00:00+00:00,36337.7,6.98,1.37,102.2,152.52
2023-03-16 18:00:00+00:00,37972.8,7.03,0.67,0.0,184.08
2023-03-16 19:00:00+00:00,36839.4,6.24,0.97,0.0,182.92
2023-03-16 20:00:00+00:00,35906.3,5.0,0.78,0.0,183.82
2023-03-16 21:00:00+00:00,34089.9,4.82,0.92,0.0,144.59
2023-03-16 22:00:00+00:00,30851.0,3.74,0.94,0.0,151.18
2023-03-16 23:00:00+00:00,29875.4,3.17,1.44,0.0,152.24
2023-03-17 00:00:00+00:00,29091.3,1.78,1.27,0.0,110.13
2023-03-17 01:00:00+00:00,28291.5,1.02,1.18,0.0,104.21
2023-03-17 02:00:00+00:00,27593.5,1.4,0.0,0.0,138.52
2023-03-17 03:00:00+00:00,27224.2,0.92,0.31,0.0,114.63
2023-03-17 04:00:00+00:00,26936.7,1.57,0.71,0.0,112.73
2023-03-17 05:00:00+00:00,28765.0,0.52,0.89,0.0,136.84
2023-03-17 06:00:00+00:00,30568.9,0.75,2.69,0.0,117.23
2023-03-17 07:00:00+00:00,33315.7,1.36,3.03,104.7,135.89
2023-03-17 08:00:00+00:00,35009.4,3.23,3.11,142.2,126.64
2023-03-17 09:00:00+00:00,34859.8,3.36,3.69,128.8,145.91
2023-03-17 10:00:00+00:00,34282.3,4.62,5.51,335.9,117.66
2023-03-17 11:00:00+00:00,33977.4,6.04,5.78,386.1,103.89
2023-03-17 12:00:00+00:00,33123.8,6.28,4.1,222.9,117.99
2023-03-17 13:00:00+00:00,31543.9,6.58,4.59,234.1,104.82
2023-03-17 14:00:00+00:00,30351.3,7.03,4.02,347.5,90.98
2023-03-17 15:00:00+00:00,31030.4,6.3,2.67,119.0,119.79
2023-03-17 16:00:00+00:00,33992.8,6.01,4.21,122.2,138.45
2023-03-17 17:00:00+00:00,35922.0,6.56,5.51,70.0,120.19
2023-03-17 18:00:00+00:00,36865.8,6.46,4.87,0.0,170.51
2023-03-17 19:00:00+00:00,35776.2,5.79,4.28,0.0,150.72
2023-03-17 20:00:00+00:00,34505.7,5.19,4.54,0.0,162.32
2023-03-17 21:00:00+00:00,32917.9,4.81,3.97,0.0,135.85
2023-03-17 22:00:00+00:00,30462.7,4.53,4.02,0.0,118.46
2023-03-17 23:00:00+00:00,29266.9,3.5,3.61,0.0,119.64
2023-03-18 00:00:00+00:00,26072.0,3.95,3.46,0.0,82.48
2023-03-18 01:00:00+00:00,23835.2,4.26,2.54,0.0,75.84
2023-03-18 02:00:00+00:00,23040.1,4.35,3.41,0.0,75.04
2023-03-18 03:00:00+00:00,22482.9,3.7,4.53,0.0,68.4
2023-03-18 04:00:00+00:00,22795.7,3.18,4.58,0.0,79.59
2023-03-18 05:00:00+00:00,24425.1,3.28,4.67,0.0,79.32
2023-03-18 06:00:00+00:00,26170.2,3.8,5.28,0.0,100.24
2023-03-18 07:00:00+00:00,30548.7,3.37,5.37,64.9,80.08
2023-03-18 08:00:00+00:00,32174.8,4.43,6.8,105.8,123.98
2023-03-18 09:00:00+00:00,31798.7,6.01,5.78,155.4,101.47
2023-03-18 10:00:00+00:00,31273.0,7.13,6.52,274.2,96.72
2023-03-18 11:00:00+00:00,30256.0,7.44,6.45,301.8,94.15
2023-03-18 12:00:00+00:00,29336.0,7.59,5.6,373.2,62.91
2023-03-18 13:00:00+00:00,28518.8,8.27,7.43,313.6,80.04
2023-03-18 14:00:00+00:00,28928.8,8.49,9.27,237.3,71.11
2023-03-18 15:00:00+00:00,28496.1,8.88,9.0,260.2,78.56
2023-03-18 16:00:00+00:00,30913.5,9.14,9.24,85.5,87.32
2023-03-18 17:00:00+00:00,33116.2,9.49,8.76,88.7,102.1
2023-03-18 18:00:00+00:00,34604.3,8.32,8.43,0.0,111.81
2023-03-18 19:00:00+00:00,33328.2,7.83,7.48,0.0,109.68
2023-03-18 20:00:00+00:00,31933.9,6.88,6.45,0.0,113.25
2023-03-18 21:00:00+00:00,30573.1,6.04,7.92,0.0,103.62
2023-03-18 22:00:00+00:00,28017.1,5.79,7.84,0.0,90.37
2023-03-18 23:00:00+00:00,26398.7,5.64,7.84,0.0,63.05
2023-03-19 00:00:00+00:00,25536.2,5.94,7.17,0.0,70.6
2023-03-19 01:00:00+00:00,24585.8,5.67,7.31,0.0,67.41
2023-03-19 02:00:00+00:00,23711.4,5.24,6.11,0.0,44.79
2023-03-19 03:00:00+00:00,23278.4,4.93,5.55,0.0,75.35
2023-03-19 04:00:00+00:00,23397.2,3.94,4.69,0.0,69.51
2023-03-19 05:00:00+00:00,25000.9,5.03,5.81,0.0,75.77
2023-03-19 06:00:00+00:00,27281.8,5.27,4.58,0.0,110.52
2023-03-19 07:00:00+00:00,29152.3,6.16,3.78,78.6,95.88
2023-03-19 08:00:00+00:00,30159.4,7.25,2.34,111.8,108.55
2023-03-19 09:00:00+00:00,30773.9,7.23,1.88,157.9,97.22
2023-03-19 10:00:00+00:00,31377.8,7.42,1.77,275.8,115.01
2023-03-19 11:00:00+00:00,30306.6,9.06,2.8,306.6,112.46
2023-03-19 12:00:00+00:00,29958.5,9.82,2.84,297.7,78.76
2023-03-19 13:00:00+00:00,28924.2,9.9,2.72,333.7,81.3
2023-03-19 14:00:00+00:00,28841.1,10.09,3.17,286.8,93.72
2023-03-19 15:00:00+00:00,29392.9,10.82,3.02,155.7,101.04
2023-03-19 16:00:00+00:00,31228.5,11.23,5.1,91.7,105.49
2023-03-19 17:00:00+00:00,32792.9,9.99,4.73,61.6,125.08
2023-03-19 18:00:00+00:00,33505.4,10.46,5.17,0.0,148.25
2023-03-19 19:00:00+00:00,31630.4,10.36,5.91,0.0,115.07
2023-03-19 20:00:00+00:00,30316.1,9.46,5.48,0.0,111.48
2023-03-19 21:00:00+00:00,28897.3,7.9,5.68,0.0,104.27
2023-03-19 22:00:00+00:00,27378.7,7.71,5.36,0.0,72.62
2023-03-19 23:00:00+00:00,25497.0,7.2,5.65,0.0,82.45
2023-03-20 00:00:00+00:00,27010.5,5.75,5.8,0.0,72.07
2023-03-20 01:00:00+00:00,25944.3,5.09,5.75,0.0,81.63
2023-03-20 02:00:00+00:00,25045.3,6.63,4.91,0.0,91.44
2023-03-20 03:00:00+00:00,24283.7,6.44,6.47,0.0,63.31
2023-03-20 04:00:00+00:00,24309.9,6.01,6.96,0.0,75.76
2023-03-20 05:00:00+00:00,25500.2,5.63,5.72,0.0,61.58
2023-03-20 06:00:00+00:00,27729.0,7.11,5.45,0.0,96.41
2023-03-20 07:00:00+00:00,30850.9,8.16,4.3,94.0,114.73
2023-03-20 08:00:00+00:00,31998.0,9.63,5.03,148.1,83.88
2023-03-20 09:00:00+00:00,32524.8,10.43,5.11,160.4,117.8
2023-03-20 10:00:00+00:00,32138.4,11.84,5.21,294.7,70.28
2023-03-20 11:00:00+00:00,31674.5,11.91,4.64,407.7,93.98
2023-03-20 12:00:00+00:00,31028.0,12.51,4.51,306.7,100.82
2023-03-20 13:00:00+00:00,30511.3,13.04,5.25,227.7,90.66
2023-03-20 14:00:00+00:00,30574.8,14.04,6.17,157.8,97.08
2023-03-20 15:00:00+00:00,30997.3,14.2,6.87,140.5,118.03
2023-03-20 16:00:00+00:00,33274.0,13.57,5.66,186.1,106.79
2023-03-20 17:00:00+00:00,36390.9,13.18,5.58,76.8,127.55
2023-03-20 18:00:00+00:00,37125.4,11.57,5.85,0.0,168.15
2023-03-20 19:00:00+00:00,36434.0,9.47,5.34,0.0,148.29
2023-03-20 20:00:00+00:00,34783.9,9.2,4.12,0.0,154.55
2023-03-20 21:00:00+00:00,33132.0,8.13,3.26,0.0,121.28
2023-03-20 22:00:00+00:00,30449.9,7.15,4.62,0.0,89.45
2023-03-20 23:00:00+00:00,28138.7,6.88,3.81,0.0,95.88
2023-03-21 00:00:00+00:00,27434.1,7.16,4.0,0.0,97.48
2023-03-21 01:00:00+00:00,26258.8,6.92,4.03,0.0,86.81
2023-03-21 02:00:00+00:00,25264.9,7.68,4.06,0.0,80.67
2023-03-21 03:00:00+00:00,24724.8,7.76,3.96,0.0,64.48
2023-03-21 04:00:00+00:00,25467.7,7.92,4.73,0.0,85.7
2023-03-21 05:00:00+00:00,26708.7,8.23,4.87,0.0,87.54
2023-03-21 06:00:00+00:00,28876.3,7.81,4.48,0.0,83.2
2023-03-21 07:00:00+00:00,31640.2,8.9,4.65,103.4,110.34
2023-03-21 08:00:00+00:00,33580.4,8.04,3.77,170.7,123.65
2023-03-21 09:00:00+00:00,34208.1,8.39,4.3,191.8,134.94
2023-03-21 10:00:00+00:00,34277.5,9.13,3.9,212.4,120.04
2023-03-21 11:00:00+00:00,34128.3,9.32,3.57,383.3,123.72
2023-03-21 12:00:00+00:00,32556.9,9.63,4.14,395.7,109.18
2023-03-21 13:00:00+00:00,31452.9,11.18,3.97,400.3,86.33
2023-03-21 14:00:00+00:00,31313.1,12.08,3.85,328.6,106.27
2023-03-21 15:00:00+00:00,31174.2,11.69,4.92,157.4,116.66
2023-03-21 16:00:00+00:00,33894.2,11.24,4.26,137.9,137.42
2023-03-21 17:00:00+00:00,36703.6,10.12,4.79,67.3,149.07
2023-03-21 18:00:00+00:00,37774.4,10.04,5.64,0.0,151.12
2023-03-21 19:00:00+00:00,36694.1,9.22,6.62,0.0,126.73
2023-03-21 20:00:00+00:00,34383.8,7.28,8.34,0.0,129.09
2023-03-21 21:00:00+00:00,32850.9,6.57,7.77,0.0,96.45
2023-03-21 22:00:00+00:00,30656.6,6.05,7.05,0.0,100.12
2023-03-21 23:00:00+00:00,28500.1,5.9,7.69,0.0,96.24
2023-03-22 00:00:00+00:00,28115.6,5.33,8.39,0.0,69.28
2023-03-22 01:00:00+00:00,26087.7,4.6,7.7,0.0,70.73
2023-03-22 02:00:00+00:00,24849.5,5.48,8.05,0.0,45.73
2023-03-22 03:00:00+00:00,25291.9,5.33,10.13,0.0,49.29
2023-03-22 04:00:00+00:00,25756.4,5.81,10.05,0.0,46.11
2023-03-22 05:00:00+00:00,26571.8,5.72,10.62,0.0,50.04
2023-03-22 06:00:00+00:00,28240.1,6.56,11.67,0.0,67.95
2023-03-22 07:00:00+00:00,31276.9,6.25,13.4,93.2,71.04
2023-03-22 08:00:00+00:00,33103.3,6.66,13.27,141.6,66.84
2023-03-22 09:00:00+00:00,33508.6,6.69,13.94,279.7,64.22
2023-03-22 10:00:00+00:00,33365.6,7.1,12.97,158.5,69.95
2023-03-22 11:00:00+00:00,32593.3,8.58,12.69,278.1,59.26
2023-03-22 12:00:00+00:00,32088.2,8.82,12.06,288.7,50.87
2023-03-22 13:00:00+00:00,31005.7,9.73,10.33,321.2,57.7
2023-03-22 14:00:00+00:00,29816.0,10.92,8.91,235.4,49.91
2023-03-22 15:00:00+00:00,30268.5,10.97,9.15,200.4,94.62
2023-03-22 16:00:00+00:00,32022.5,11.42,9.4,185.8,95.83
2023-03-22 17:00:00+00:00,34137.2,11.38,8.46,57.5,135.27
2023-03-22 18:00:00+00:00,35525.3,10.91,9.61,0.0,128.38
2023-03-22 19:00:00+00:00,34764.8,10.68,8.61,0.0,120.97
2023-03-22 20:00:00+00:00,32567.9,10.98,8.73,0.0,82.19
2023-03-22 21:00:00+00:00,31128.6,9.71,8.32,0.0,108.03
2023-03-22 22:00:00+00:00,29672.1,8.27,8.34,0.0,102.31
2023-03-22 23:00:00+00:00,28262.4,6.86,8.97,0.0,65.55
2023-03-23 00:00:00+00:00,27345.6,6.91,9.47,0.0,74.36
2023-03-23 01:00:00+00:00,24898.5,7.04,9.9,0.0,53.29
2023-03-23 02:00:00+00:00,24328.2,6.33,10.2,0.0,45.96
2023-03-23 03:00:00+00:00,24213.3,4.88,9.05,0.0,57.71
2023-03-23 04:00:00+00:00,25476.3,4.54,9.83,0.0,60.22
2023-03-23 05:00:00+00:00,26763.1,5.15,8.86,0.0,58.56
2023-03-23 06:00:00+00:00,28434.3,5.55,8.69,0.0,89.18
2023-03-23 07:00:00+00:00,30813.1,6.26,8.33,57.4,76.96
2023-03-23 08:00:00+00:00,32007.3,6.64,8.54,104.7,99.06
2023-03-23 09:00:00+00:00,32483.5,8.0,8.08,176.8,97.25
2023-03-23 10:00:00+00:00,32380.3,8.95,7.9,216.1,84.29
2023-03-23 11:00:00+00:00,31615.1,9.98,9.12,245.2,91.0
2023-03-23 12:00:00+00:00,30799.9,10.64,8.0,247.1,60.6
2023-03-23 13:00:00+00:00,30089.7,11.38,7.95,315.2,73.33
2023-03-23 14:00:00+00:00,30904.4,11.9,7.03,223.8,89.01
2023-03-23 15:00:00+00:00,31118.4,11.37,7.56,273.5,97.74
2023-03-23 16:00:00+00:00,33350.5,11.45,6.96,96.7,117.83
2023-03-23 17:00:00+00:00,35422.7,11.57,6.99,89.6,101.77
2023-03-23 18:00:00+00:00,36611.1,11.72,5.96,0.0,138.52
2023-03-23 19:00:00+00:00,35396.0,11.26,7.02,0.0,146.29
2023-03-23 20:00:00+00:00,33628.0,9.87,7.08,0.0,117.59
2023-03-23 21:00:00+00:00,32179.2,8.53,7.18,0.0,98.77
2023-03-23 22:00:00+00:00,30561.0,7.44,7.82,0.0,96.19
2023-03-23 23:00:00+00:00,28794.2,6.79,6.8,0.0,108.38
2023-03-24 00:00:00+00:00,27543.7,6.17,6.33,0.0,78.15
2023-03-24 01:00:00+00:00,26950.7,4.98,6.5,0.0,71.69
2023-03-24 02:00:00+00:00,27287.5,3.98,5.14,0.0,89.21
2023-03-24 03:00:00+00:00,26591.1,2.62,3.94,0.0,87.3
2023-03-24 04:00:00+00:00,26873.5,0.89,3.45,0.0,105.5
2023-03-24 05:00:00+00:00,28620.9,1.2,2.74,0.0,108.94
2023-03-24 06:00:00+00:00,29928.5,3.16,2.68,0.0,124.12
2023-03-24 07:00:00+00:00,32790.5,4.91,3.31,55.2,146.72
2023-03-24 08:00:00+00:00,34090.8,5.06,4.08,194.1,114.57
2023-03-24 09:00:00+00:00,34088.1,5.96,5.64,270.3,120.49
2023-03-24 10:00:00+00:00,34586.0,5.88,5.69,241.6,123.95
2023-03-24 11:00:00+00:00,34527.9,5.87,5.88,277.4,98.54
2023-03-24 12:00:00+00:00,33585.9,5.85,5.91,341.5,114.26
2023-03-24 13:00:00+00:00,33078.9,6.29,6.22,249.3,90.13
2023-03-24 14:00:00+00:00,32308.0,6.57,6.57,292.6,78.23
2023-03-24 15:00:00+00:00,32682.0,6.92,7.31,299.6,82.11
2023-03-24 16:00:00+00:00,34332.9,7.31,8.01,151.5,99.24
2023-03-24 17:00:00+00:00,36788.6,6.88,8.37,61.4,123.12
2023-03-24 18:00:00+00:00,37545.9,6.5,9.48,0.0,118.45
2023-03-24 19:00:00+00:00,35799.9,5.3,9.38,0.0,125.3
2023-03-24 20:00:00+00:00,34151.9,3.86,8.78,0.0,111.64
2023-03-24 21:00:00+00:00,33166.5,2.3,8.34,0.0,324.8
2023-03-24 22:00:00+00:00,31170.9,2.05,8.19,0.0,105.01
2023-03-24 23:00:00+00:00,29344.4,1.25,7.28,0.0,107.4
2023-03-25 00:00:00+00:00,27118.7,-0.25,6.79,0.0,77.13
2023-03-25 01:00:00+00:00,26209.2,-0.61,5.91,0.0,74.62
2023-03-25 02:00:00+00:00,26188.9,-1.51,6.23,0.0,86.89
2023-03-25 03:00:00+00:00,24931.9,-0.44,6.55,0.0,82.19
2023-03-25 04:00:00+00:00,26111.9,-0.56,5.19,0.0,84.86
2023-03-25 05:00:00+00:00,27064.7,0.29,4.77,0.0,92.75
2023-03-25 06:00:00+00:00,29525.1,1.55,6.31,0.0,96.39
2023-03-25 07:00:00+00:00,31923.6,1.69,6.83,98.9,96.74
2023-03-25 08:00:00+00:00,32412.8,2.58,7.2,195.6,92.97
2023-03-25 09:00:00+00:00,32168.3,3.8,6.67,282.3,91.25
2023-03-25 10:00:00+00:00,32399.0,4.74,6.91,349.7,93.9
2023-03-25 11:00:00+00:00,31201.2,5.77,6.9,221.5,97.74
2023-03-25 12:00:00+00:00,31712.4,5.68,6.28,255.2,84.17
2023-03-25 13:00:00+00:00,30388.7,6.59,5.93,387.1,78.41
2023-03-25 14:00:00+00:00,30250.4,6.69,5.62,194.8,85.32
2023-03-25 15:00:00+00:00,30485.5,7.09,4.52,154.5,100.14
2023-03-25 16:00:00+00:00,31908.5,7.63,3.61,227.1,112.24
2023-03-25 17:00:00+00:00,34108.5,7.8,3.63,116.9,141.59
2023-03-25 18:00:00+00:00,34674.4,7.59,3.13,0.0,145.07
2023-03-25 19:00:00+00:00,34239.5,7.4,3.09,0.0,148.52
2023-03-25 20:00:00+00:00,32390.2,7.12,2.03,0.0,128.02
2023-03-25 21:00:00+00:00,29389.0,7.26,2.9,0.0,104.62
2023-03-25 22:00:00+00:00,26736.9,6.46,4.74,0.0,87.57
2023-03-25 23:00:00+00:00,25580.1,5.82,5.65,0.0,111.63
2023-03-26 00:00:00+00:00,24437.2,5.88,6.6,0.0,58.4
2023-03-26 01:00:00+00:00,22790.6,5.08,7.11,0.0,55.16
2023-03-26 02:00:00+00:00,23975.2,3.97,7.32,0.0,63.72
2023-03-26 03:00:00+00:00,22289.0,4.17,7.37,0.0,49.56
2023-03-26 04:00:00+00:00,22596.3,4.15,6.63,0.0,49.06
2023-03-26 05:00:00+00:00,24172.3,3.72,7.19,0.0,67.03
2023-03-26 06:00:00+00:00,26124.8,4.53,7.68,0.0,61.46
2023-03-26 07:00:00+00:00,29133.3,6.02,7.28,65.5,89.84
2023-03-26 08:00:00+00:00,31342.3,5.75,7.68,148.9,85.31
2023-03-26 09:00:00+00:00,31486.7,7.16,7.1,153.3,104.76
2023-03-26 10:00:00+00:00,31737.8,6.41,6.6,167.3,80.1
2023-03-26 11:00:00+00:00,31485.1,6.94,7.23,427.6,73.23
2023-03-26 12:00:00+00:00,30372.4,8.72,7.55,428.5,54.65
2023-03-26 13:00:00+00:00,28964.1,9.02,7.34,428.1,66.8
2023-03-26 14:00:00+00:00,29080.3,9.39,7.06,325.7,76.56
2023-03-26 15:00:00+00:00,29959.4,9.97,7.19,134.6,60.2
2023-03-26 16:00:00+00:00,32077.6,8.84,5.74,229.6,87.71
2023-03-26 17:00:00+00:00,34482.6,8.62,5.21,99.7,136.09
2023-03-26 18:00:00+00:00,35410.2,8.22,4.31,0.0,143.03
2023-03-26 19:00:00+00:00,33031.8,8.74,4.46,0.0,135.42
2023-03-26 20:00:00+00:00,31295.9,7.28,5.44,0.0,113.44
2023-03-26 21:00:00+00:00,30018.7,6.29,5.89,0.0,105.11
2023-03-26 22:00:00+00:00,28230.4,4.98,5.54,0.0,104.52
2023-03-26 23:00:00+00:00,27675.5,3.68,5.06,0.0,81.98
2023-03-27 00:00:00+00:00,28747.4,3.92,4.57,0.0,98.56
2023-03-27 01:00:00+00:00,27320.6,3.5,6.26,0.0,74.96
2023-03-27 02:00:00+00:00,27124.5,2.9,6.35,0.0,86.36
2023-03-27 03:00:00+00:00,26714.3,2.53,6.54,0.0,67.09
2023-03-27 04:00:00+00:00,26232.0,2.35,4.91,0.0,95.28
2023-03-27 05:00:00+00:00,27933.2,2.42,4.09,0.0,95.33
2023-03-27 06:00:00+00:00,30596.8,2.21,4.2,0.0,121.17
2023-03-27 07:00:00+00:00,34627.3,2.76,3.95,91.2,127.6
2023-03-27 08:00:00+00:00,35628.0,3.36,4.21,153.8,143.2
2023-03-27 09:00:00+00:00,36184.2,3.77,4.44,207.9,145.17
2023-03-27 10:00:00+00:00,35242.0,4.75,5.04,341.8,122.38
2023-03-27 11:00:00+00:00,34060.2,5.71,3.67,425.3,100.2
2023-03-27 12:00:00+00:00,34644.1,6.09,2.98,245.1,143.86
2023-03-27 13:00:00+00:00,32703.1,6.58,3.1,400.5,112.67
2023-03-27 14:00:00+00:00,31745.8,8.28,2.79,205.5,109.38
2023-03-27 15:00:00+00:00,32290.3,9.71,2.76,249.4,118.8
2023-03-27 16:00:00+00:00,33514.7,8.99,3.05,214.9,139.59
2023-03-27 17:00:00+00:00,36010.2,8.18,2.67,115.5,139.48
2023-03-27 18:00:00+00:00,37780.2,7.11,3.04,0.0,156.14
2023-03-27 19:00:00+00:00,35672.7,7.19,3.66,0.0,148.07
2023-03-27 20:00:00+00:00,34148.5,6.28,3.88,0.0,125.03
2023-03-27 21:00:00+00:00,31947.2,5.7,4.6,0.0,123.03
2023-03-27 22:00:00+00:00,30069.8,6.17,3.02,0.0,126.5
2023-03-27 23:00:00+00:00,29087.9,5.45,2.76,0.0,116.41
2023-03-28 00:00:00+00:00,27543.5,5.39,3.67,0.0,93.26
2023-03-28 01:00:00+00:00,25037.7,5.22,3.16,0.0,97.3
2023-03-28 02:00:00+00:00,25119.2,4.56,2.57,0.0,90.19
2023-03-28 03:00:00+00:00,25188.3,5.09,2.69,0.0,83.74
2023-03-28 04:00:00+00:00,25883.6,4.66,2.89,0.0,97.3
2023-03-28 05:00:00+00:00,26794.9,5.76,2.68,0.0,113.38
2023-03-28 06:00:00+00:00,29201.9,5.85,4.34,0.0,101.02
2023-03-28 07:00:00+00:00,31842.9,6.17,4.7,113.6,128.55
2023-03-28 08:00:00+00:00,33237.7,6.23,4.1,183.6,119.84
2023-03-28 09:00:00+00:00,33803.6,6.46,3.12,232.5,125.51
2023-03-28 10:00:00+00:00,33513.0,7.01,3.63,341.7,113.01
2023-03-28 11:00:00+00:00,33826.6,6.31,3.08,236.1,118.81
2023-03-28 12:00:00+00:00,32897.6,6.87,4.96,215.6,97.42
2023-03-28 13:00:00+00:00,32057.2,7.12,5.39,337.4,113.48
2023-03-28 14:00:00+00:00,31543.6,7.98,5.91,168.8,88.37
2023-03-28 15:00:00+00:00,31391.4,8.41,6.16,165.6,110.57
2023-03-28 16:00:00+00:00,32850.7,7.94,7.08,198.8,116.83
2023-03-28 17:00:00+00:00,35942.9,7.44,5.2,116.7,127.0
2023-03-28 18:00:00+00:00,36570.8,6.89,4.35,0.0,157.09
2023-03-28 19:00:00+00:00,35227.5,7.24,5.29,0.0,144.66
2023-03-28 20:00:00+00:00,33958.0,6.08,6.55,0.0,130.26
2023-03-28 21:00:00+00:00,33002.4,4.93,5.61,0.0,116.38
2023-03-28 22:00:00+00:00,32092.0,3.55,4.26,0.0,120.65
2023-03-28 23:00:00+00:00,31197.2,2.03,4.52,0.0,125.75
2023-03-29 00:00:00+00:00,29420.2,1.84,5.03,0.0,87.92
2023-03-29 01:00:00+00:00,27978.9,1.59,5.24,0.0,74.5
2023-03-29 02:00:00+00:00,27163.5,2.16,5.28,0.0,90.43
2023-03-29 03:00:00+00:00,26473.9,2.76,3.92,0.0,91.31
2023-03-29 04:00:00+00:00,26134.9,4.35,3.78,0.0,92.89
2023-03-29 05:00:00+00:00,27699.5,4.61,3.77,0.0,93.56
2023-03-29 06:00:00+00:00,29842.9,4.94,3.5,0.0,122.93
2023-03-29 07:00:00+00:00,33145.9,4.8,2.17,101.6,143.23
2023-03-29 08:00:00+00:00,33775.8,5.98,2.87,190.3,129.99
2023-03-29 09:00:00+00:00,34192.1,6.85,3.76,263.2,107.61
2023-03-29 10:00:00+00:00,32888.3,8.03,3.3,294.6,123.64
2023-03-29 11:00:00+00:00,33144.1,8.08,3.34,403.0,89.16
2023-03-29 12:00:00+00:00,32388.8,8.94,3.13,446.0,87.59
2023-03-29 13:00:00+00:00,30912.2,9.56,2.94,411.1,102.46
2023-03-29 14:00:00+00:00,30443.1,9.96,3.53,289.8,86.35
2023-03-29 15:00:00+00:00,31180.0,9.67,4.11,297.5,90.98
2023-03-29 16:00:00+00:00,32226.6,10.31,5.09,207.0,107.15
2023-03-29 17:00:00+00:00,34024.6,11.24,6.01,84.6,129.66
2023-03-29 18:00:00+00:00,35391.3,10.06,5.93,0.0,141.0
2023-03-29 19:00:00+00:00,34536.9,9.86,8.2,0.0,130.99
2023-03-29 20:00:00+00:00,32551.9,7.39,9.36,0.0,95.14
2023-03-29 21:00:00+00:00,31035.6,7.04,8.72,0.0,85.29
2023-03-29 22:00:00+00:00,29391.9,5.15,8.74,0.0,71.2
2023-03-29 23:00:00+00:00,28597.5,4.16,7.1,0.0,89.22
2023-03-30 00:00:00+00:00,28063.5,2.94,7.11,0.0,222.74
2023-03-30 01:00:00+00:00,27656.6,2.41,8.42,0.0,99.8
2023-03-30 02:00:00+00:00,26996.1,2.7,10.52,0.0,66.12
2023-03-30 03:00:00+00:00,26442.4,1.54,10.25,0.0,40.99
2023-03-30 04:00:00+00:00,26934.3,1.52,10.35,0.0,72.03
2023-03-30 05:00:00+00:00,28276.4,1.61,10.66,0.0,58.48
2023-03-30 06:00:00+00:00,29700.1,3.14,12.02,0.0,54.97
2023-03-30 07:00:00+00:00,32089.7,4.09,11.0,107.9,90.51
2023-03-30 08:00:00+00:00,32821.0,4.17,12.88,203.1,75.97
2023-03-30 09:00:00+00:00,33784.2,4.74,12.34,298.6,80.28
2023-03-30 10:00:00+00:00,33170.7,6.54,11.15,229.3,70.83
2023-03-30 11:00:00+00:00,32272.1,7.75,10.7,352.0,87.53
2023-03-30 12:00:00+00:00,31621.0,7.86,9.88,425.0,69.71
2023-03-30 13:00:00+00:00,30860.9,8.24,10.07,218.0,60.39
2023-03-30 14:00:00+00:00,30883.2,8.46,8.62,233.3,98.91
2023-03-30 15:00:00+00:00,31451.3,8.3,8.65,241.3,85.17
2023-03-30 16:00:00+00:00,33587.6,7.24,9.09,159.3,95.58
2023-03-30 17:00:00+00:00,35764.4,6.63,10.14,120.6,100.31
2023-03-30 18:00:00+00:00,36520.6,7.1,10.52,0.0,84.94
2023-03-30 19:00:00+00:00,35117.0,6.33,11.45,0.0,111.25
2023-03-30 20:00:00+00:00,33401.9,5.63,10.76,0.0,90.87
2023-03-30 21:00:00+00:00,32004.9,5.02,10.88,0.0,85.68
2023-03-30 22:00:00+00:00,29218.6,5.65,8.94,0.0,80.79
2023-03-30 23:00:00+00:00,28555.6,4.97,8.75,0.0,70.16
2023-03-31 00:00:00+00:00,26971.1,5.17,8.97,0.0,73.3
2023-03-31 01:00:00+00:00,25321.3,4.35,9.24,0.0,48.32
2023-03-31 02:00:00+00:00,24946.3,3.92,7.9,0.0,45.71
2023-03-31 03:00:00+00:00,24548.4,3.86,7.55,0.0,61.88
2023-03-31 04:00:00+00:00,26684.6,3.52,7.33,0.0,69.45
2023-03-31 05:00:00+00:00,27424.4,3.74,6.97,0.0,62.0
2023-03-31 06:00:00+00:00,28642.7,4.79,7.54,0.0,73.54
2023-03-31 07:00:00+00:00,31641.2,4.96,7.35,70.9,101.44
2023-03-31 08:00:00+00:00,33108.7,5.72,7.41,179.0,101.85
2023-03-31 09:00:00+00:00,32752.5,6.96,7.0,340.4,102.78
2023-03-31 10:00:00+00:00,32934.4,7.27,7.84,299.8,100.14
2023-03-31 11:00:00+00:00,32426.6,8.69,8.68,304.8,84.78
2023-03-31 12:00:00+00:00,31914.2,9.37,8.36,290.8,73.02
2023-03-31 13:00:00+00:00,31045.6,9.77,10.52,244.7,61.05
2023-03-31 14:00:00+00:00,30941.8,8.88,9.75,407.6,62.72
2023-03-31 15:00:00+00:00,31040.1,8.81,10.4,176.9,81.96
2023-03-31 16:00:00+00:00,32293.7,8.99,9.48,107.6,94.9
2023-03-31 17:00:00+00:00,35252.8,9.79,9.96,62.5,103.18
2023-03-31 18:00:00+00:00,37316.3,9.67,10.36,0.0,124.69
2023-03-31 19:00:00+00:00,35128.8,9.73,9.4,0.0,112.09
2023-03-31 20:00:00+00:00,33244.2,8.27,9.18,0.0,83.41
2023-03-31 21:00:00+00:00,30977.0,7.43,10.53,0.0,81.51
2023-03-31 22:00:00+00:00,29086.9,7.39,9.72,0.0,72.58
2023-03-31 23:00:00+00:00,27308.8,6.13,9.89,0.0,73.0
2023-04-01 00:00:00+00:00,24275.9,6.22,10.01,0.0,35.17
2023-04-01 01:00:00+00:00,23295.6,6.17,9.83,0.0,31.43
2023-04-01 02:00:00+00:00,22655.7,6.01,8.33,0.0,56.12
2023-04-01 03:00:00+00:00,23081.0,5.68,8.91,0.0,35.75
2023-04-01 04:00:00+00:00,23286.6,5.17,8.83,0.0,39.76
2023-04-01 05:00:00+00:00,23896.7,6.53,9.6,0.0,51.11
2023-04-01 06:00:00+00:00,25378.4,7.35,9.65,0.0,61.88
2023-04-01 07:00:00+00:00,27045.8,8.13,9.57,104.7,71.62
2023-04-01 08:00:00+00:00,29430.8,8.55,9.73,206.0,60.24
2023-04-01 09:00:00+00:00,29585.1,9.31,8.82,282.7,61.11
2023-04-01 10:00:00+00:00,29940.4,10.14,9.95,230.9,62.23
2023-04-01 11:00:00+00:00,29149.6,11.06,9.51,291.5,51.1
2023-04-01 12:00:00+00:00,28461.3,12.08,9.1,368.7,53.99
2023-04-01 13:00:00+00:00,28020.7,12.02,10.01,234.9,48.45
2023-04-01 14:00:00+00:00,27734.1,11.4,10.05,216.0,38.93
2023-04-01 15:00:00+00:00,27319.1,11.53,9.71,291.7,27.35
2023-04-01 16:00:00+00:00,29367.2,10.36,9.9,125.7,66.98
2023-04-01 17:00:00+00:00,31757.4,9.88,10.24,53.4,92.13
2023-04-01 18:00:00+00:00,33206.0,9.12,9.99,0.0,92.97
2023-04-01 19:00:00+00:00,32544.1,8.82,10.56,0.0,79.71
2023-04-01 20:00:00+00:00,30010.7,9.3,9.39,0.0,99.24
2023-04-01 21:00:00+00:00,28738.2,7.34,9.47,0.0,72.25
2023-04-01 22:00:00+00:00,26326.2,7.95,9.98,0.0,67.6
2023-04-01 23:00:00+00:00,24573.0,7.06,10.31,0.0,56.78
2023-04-02 00:00:00+00:00,23784.9,6.76,8.4,0.0,66.99
2023-04-02 01:00:00+00:00,23658.7,5.41,8.23,0.0,51.46
2023-04-02 02:00:00+00:00,23075.1,5.71,7.22,0.0,39.69
2023-04-02 03:00:00+00:00,22715.4,5.62,8.21,0.0,27.33
2023-04-02 04:00:00+00:00,22564.9,5.67,7.84,0.0,44.87
2023-04-02 05:00:00+00:00,24077.8,4.79,8.72,0.0,68.83
2023-04-02 06:00:00+00:00,25970.3,5.33,7.68,0.0,69.55
2023-04-02 07:00:00+00:00,28367.7,6.47,7.95,79.8,89.56
2023-04-02 08:00:00+00:00,30021.3,7.06,7.91,221.9,66.18
2023-04-02 09:00:00+00:00,30077.9,8.55,10.03,267.4,76.05
2023-04-02 10:00:00+00:00,30106.1,9.99,10.8,321.2,60.41
2023-04-02 11:00:00+00:00,29421.9,10.29,11.48,435.8,38.93
2023-04-02 12:00:00+00:00,28755.1,11.85,12.84,416.7,37.03
2023-04-02 13:00:00+00:00,27778.3,12.3,12.77,483.6,11.65
2023-04-02 14:00:00+00:00,27007.6,12.58,12.41,272.6,34.51
2023-04-02 15:00:00+00:00,27656.2,12.69,11.97,350.6,22.06
2023-04-02 16:00:00+00:00,29726.7,12.58,11.98,228.5,45.58
2023-04-02 17:00:00+00:00,32583.2,10.66,9.56,91.8,82.52
2023-04-02 18:00:00+00:00,32350.0,10.07,9.43,0.0,88.65
2023-04-02 19:00:00+00:00,32221.1,8.63,9.49,0.0,79.14
2023-04-02 20:00:00+00:00,30520.4,8.91,9.24,0.0,110.38
2023-04-02 21:00:00+00:00,28928.9,9.08,7.93,0.0,73.13
2023-04-02 22:00:00+00:00,27124.9,8.79,7.77,0.0,85.54
2023-04-02 23:00:00+00:00,25521.3,7.88,6.53,0.0,55.38
2023-04-03 00:00:00+00:00,26637.4,6.74,7.94,0.0,65.56
2023-04-03 01:00:00+00:00,24906.2,5.85,7.69,0.0,58.71
2023-04-03 02:00:00+00:00,24151.3,6.71,6.05,0.0,80.87
2023-04-03 03:00:00+00:00,23937.8,6.15,5.93,0.0,69.29
2023-04-03 04:00:00+00:00,24495.9,4.81,6.69,0.0,54.53
2023-04-03 05:00:00+00:00,24881.6,5.74,6.84,0.0,64.29
2023-04-03 06:00:00+00:00,26539.9,7.11,6.13,0.0,92.36
2023-04-03 07:00:00+00:00,28619.2,8.7,5.65,101.3,98.81
2023-04-03 08:00:00+00:00,30728.4,9.99,5.49,169.2,90.23
2023-04-03 09:00:00+00:00,31482.3,11.41,5.22,350.2,75.15
2023-04-03 10:00:00+00:00,30930.7,12.12,4.33,341.8,85.56
2023-04-03 11:00:00+00:00,31525.2,11.5,4.41,427.9,95.7
2023-04-03 12:00:00+00:00,31026.7,12.08,3.49,309.9,81.79
2023-04-03 13:00:00+00:00,30757.1,12.88,4.41,424.7,82.76
2023-04-03 14:00:00+00:00,30512.1,13.04,5.38,375.5,69.15
2023-04-03 15:00:00+00:00,30944.2,12.97,4.67,362.6,83.8
2023-04-03 16:00:00+00:00,32934.9,12.24,4.23,205.4,119.43
2023-04-03 17:00:00+00:00,35184.6,11.3,4.04,126.8,133.87
2023-04-03 18:00:00+00:00,35178.7,11.91,4.16,0.0,149.89
2023-04-03 19:00:00+00:00,33653.0,12.37,4.5,0.0,144.17
2023-04-03 20:00:00+00:00,31841.7,11.56,4.99,0.0,155.73
2023-04-03 21:00:00+00:00,31201.0,10.88,5.44,0.0,121.25
2023-04-03 22:00:00+00:00,29476.1,9.43,6.73,0.0,100.86
2023-04-03 23:00:00+00:00,27211.7,9.03,6.79,0.0,74.36
2023-04-04 00:00:00+00:00,25671.7,9.53,5.78,0.0,86.06
2023-04-04 01:00:00+00:00,24791.2,8.04,4.58,0.0,93.94
2023-04-04 02:00:00+00:00,24175.1,7.94,5.98,0.0,60.28
2023-04-04 03:00:00+00:00,23206.8,8.09,6.43,0.0,53.19
2023-04-04 04:00:00+00:00,23887.5,8.43,6.62,0.0,55.37
2023-04-04 05:00:00+00:00,24453.6,9.62,6.99,0.0,-12.85
2023-04-04 06:00:00+00:00,26581.2,11.2,7.12,0.0,75.17
2023-04-04 07:00:00+00:00,29152.1,11.53,7.45,78.5,69.82
2023-04-04 08:00:00+00:00,30427.6,12.52,7.14,173.5,84.81
2023-04-04 09:00:00+00:00,31096.1,13.2,7.96,215.5,85.56
2023-04-04 10:00:00+00:00,30062.5,13.45,7.5,295.5,75.71
2023-04-04 11:00:00+00:00,30101.2,14.2,6.77,406.5,64.1
2023-04-04 12:00:00+00:00,30216.1,15.1,5.46,271.5,71.05
2023-04-04 13:00:00+00:00,30181.5,15.56,5.35,406.2,89.41
2023-04-04 14:00:00+00:00,29365.8,15.19,6.42,200.7,63.64
2023-04-04 15:00:00+00:00,29742.6,14.9,6.09,147.9,90.33
2023-04-04 16:00:00+00:00,31420.4,14.42,5.06,140.8,120.16
2023-04-04 17:00:00+00:00,33450.3,13.52,5.38,70.4,121.74
2023-04-04 18:00:00+00:00,34628.3,13.15,4.95,0.0,148.05
2023-04-04 19:00:00+00:00,32715.5,12.7,6.26,0.0,121.79
2023-04-04 20:00:00+00:00,31157.6,12.47,7.14,0.0,88.67
2023-04-04 21:00:00+00:00,30051.5,11.08,6.14,0.0,114.48
2023-04-04 22:00:00+00:00,28694.2,9.88,6.05,0.0,87.83
2023-04-04 23:00:00+00:00,26958.4,10.02,5.5,0.0,81.95
2023-04-05 00:00:00+00:00,25694.1,9.33,4.67,0.0,89.98
2023-04-05 01:00:00+00:00,24545.3,8.79,4.74,0.0,66.38
2023-04-05 02:00:00+00:00,24147.0,8.29,5.5,0.0,78.79
2023-04-05 03:00:00+00:00,24273.2,8.79,5.51,0.0,74.3
2023-04-05 04:00:00+00:00,24801.6,9.49,5.18,0.0,91.58
2023-04-05 05:00:00+00:00,25375.0,10.34,3.55,0.0,98.77
2023-04-05 06:00:00+00:00,27876.1,10.7,3.2,0.0,102.12
2023-04-05 07:00:00+00:00,30403.9,10.67,3.82,131.1,102.38
2023-04-05 08:00:00+00:00,31573.0,12.44,2.93,114.8,112.21
2023-04-05 09:00:00+00:00,31415.9,13.58,4.14,297.6,96.41
2023-04-05 10:00:00+00:00,31293.7,13.93,3.82,369.7,85.65
2023-04-05 11:00:00+00:00,30116.0,15.37,4.13,460.9,76.27
2023-04-05 12:00:00+00:00,29169.5,15.51,3.96,360.4,69.17
2023-04-05 13:00:00+00:00,28130.7,16.68,3.2,277.5,75.96
2023-04-05 14:00:00+00:00,28302.8,17.7,3.73,194.9,103.46
2023-04-05 15:00:00+00:00,28216.7,17.06,3.43,253.9,73.26
2023-04-05 16:00:00+00:00,30055.7,17.14,2.95,177.3,91.48
2023-04-05 17:00:00+00:00,33041.1,17.13,1.3,83.8,132.08
2023-04-05 18:00:00+00:00,34512.9,18.04,2.6,0.0,160.82
2023-04-05 19:00:00+00:00,32525.4,16.75,2.83,0.0,124.61
2023-04-05 20:00:00+00:00,29396.0,16.68,3.9,0.0,106.36
2023-04-05 21:00:00+00:00,27191.0,15.69,4.54,0.0,95.56
2023-04-05 22:00:00+00:00,25556.0,13.96,5.53,0.0,82.86
2023-04-05 23:00:00+00:00,24635.9,12.97,5.16,0.0,72.96
2023-04-06 00:00:00+00:00,23260.6,12.31,4.18,0.0,74.98
2023-04-06 01:00:00+00:00,21943.2,11.02,4.92,0.0,68.84
2023-04-06 02:00:00+00:00,21344.5,10.76,5.12,0.0,41.61
2023-04-06 03:00:00+00:00,21018.6,11.08,4.85,0.0,47.18
2023-04-06 04:00:00+00:00,22537.7,11.16,5.54,0.0,50.99
2023-04-06 05:00:00+00:00,23919.5,10.97,5.85,0.0,62.28
2023-04-06 06:00:00+00:00,26559.2,11.21,6.41,0.0,91.22
2023-04-06 07:00:00+00:00,29845.5,11.68,5.64,101.5,105.11
2023-04-06 08:00:00+00:00,31050.0,12.4,6.47,241.3,87.18
2023-04-06 09:00:00+00:00,31142.9,13.7,6.5,236.8,96.84
2023-04-06 10:00:00+00:00,30903.8,14.49,7.37,364.0,94.65
2023-04-06 11:00:00+00:00,30913.8,14.22,8.11,485.3,48.35
2023-04-06 12:00:00+00:00,30387.6,14.38,8.59,498.9,47.43
2023-04-06 13:00:00+00:00,30005.8,14.84,8.42,350.9,60.63
2023-04-06 14:00:00+00:00,29989.4,15.71,8.91,266.9,70.44
2023-04-06 15:00:00+00:00,29939.7,16.46,9.68,280.8,66.35
2023-04-06 16:00:00+00:00,31929.1,17.28,10.02,254.7,62.55
2023-04-06 17:00:00+00:00,34314.2,16.88,10.03,111.7,99.52
2023-04-06 18:00:00+00:00,36224.9,16.69,10.43,0.0,123.51
2023-04-06 19:00:00+00:00,34739.0,15.02,9.85,0.0,97.07
2023-04-06 20:00:00+00:00,32646.2,14.41,10.89,0.0,92.59
2023-04-06 21:00:00+00:00,30539.3,12.83,9.38,0.0,80.46
2023-04-06 22:00:00+00:00,27804.0,11.89,9.29,0.0,56.25
2023-04-06 23:00:00+00:00,25783.2,12.86,8.86,0.0,70.7
2023-04-07 00:00:00+00:00,23877.1,12.39,8.26,0.0,57.31
2023-04-07 01:00:00+00:00,23910.8,11.22,8.44,0.0,42.92
2023-04-07 02:00:00+00:00,22363.9,11.01,7.49,0.0,56.92
2023-04-07 03:00:00+00:00,21922.7,10.44,9.15,0.0,57.35
2023-04-07 04:00:00+00:00,23084.2,9.83,7.98,0.0,50.46
2023-04-07 05:00:00+00:00,23772.5,11.27,7.19,0.0,43.99
2023-04-07 06:00:00+00:00,25933.8,12.23,6.36,0.0,72.23
2023-04-07 07:00:00+00:00,28393.1,12.89,6.55,119.5,60.98
2023-04-07 08:00:00+00:00,30092.0,13.21,7.36,122.8,84.72
2023-04-07 09:00:00+00:00,30909.1,13.64,7.76,228.9,77.22
2023-04-07 10:00:00+00:00,30015.5,15.2,8.87,231.2,77.34
2023-04-07 11:00:00+00:00,29670.2,15.93,8.13,277.3,62.15
2023-04-07 12:00:00+00:00,29631.6,14.53,8.59,398.7,65.63
2023-04-07 13:00:00+00:00,28797.2,16.35,8.27,315.5,51.36
2023-04-07 14:00:00+00:00,28911.3,16.61,8.39,200.6,66.5
2023-04-07 15:00:00+00:00,29411.5,16.77,9.18,350.3,41.54
2023-04-07 16:00:00+00:00,31117.7,17.17,7.75,217.3,72.47
2023-04-07 17:00:00+00:00,32722.2,16.98,9.27,135.9,98.27
2023-04-07 18:00:00+00:00,34285.2,16.78,9.04,0.0,121.52
2023-04-07 19:00:00+00:00,32368.1,15.73,7.69,0.0,100.11
2023-04-07 20:00:00+00:00,31490.6,14.1,7.11,0.0,109.68
2023-04-07 21:00:00+00:00,29199.8,13.36,7.18,0.0,98.14
2023-04-07 22:00:00+00:00,26936.2,13.3,6.63,0.0,69.05
2023-04-07 23:00:00+00:00,25883.7,12.03,5.05,0.0,86.47
2023-04-08 00:00:00+00:00,22725.3,10.96,5.22,0.0,62.19
2023-04-08 01:00:00+00:00,21574.1,11.09,4.75,0.0,61.23
2023-04-08 02:00:00+00:00,21058.2,10.37,5.37,0.0,50.06
2023-04-08 03:00:00+00:00,21766.8,9.89,4.62,0.0,38.28
2023-04-08 04:00:00+00:00,22060.6,9.65,6.5,0.0,52.83
2023-04-08 05:00:00+00:00,22981.5,9.8,6.93,0.0,52.71
2023-04-08 06:00:00+00:00,25584.0,9.22,7.09,0.0,65.81
2023-04-08 07:00:00+00:00,28886.5,9.45,7.57,135.1,60.19
2023-04-08 08:00:00+00:00,30358.8,10.25,6.12,218.3,97.31
2023-04-08 09:00:00+00:00,30525.2,11.09,5.77,235.0,89.36
2023-04-08 10:00:00+00:00,29173.5,12.5,7.23,333.8,45.63
2023-04-08 11:00:00+00:00,28722.9,14.24,6.97,269.7,82.79
2023-04-08 12:00:00+00:00,28179.7,15.65,6.92,287.7,69.14
2023-04-08 13:00:00+00:00,27258.9,16.54,6.56,494.2,55.64
2023-04-08 14:00:00+00:00,27049.7,16.59,7.73,429.7,40.55
2023-04-08 15:00:00+00:00,27901.3,16.18,7.5,218.9,64.89
2023-04-08 16:00:00+00:00,29838.4,15.96,6.49,171.4,96.13
2023-04-08 17:00:00+00:00,32912.1,15.88,8.54,137.7,99.67
2023-04-08 18:00:00+00:00,33858.7,15.77,7.38,0.0,115.75
2023-04-08 19:00:00+00:00,31134.3,15.37,7.29,0.0,94.92
2023-04-08 20:00:00+00:00,29707.9,14.43,6.62,0.0,70.75
2023-04-08 21:00:00+00:00,26791.2,13.98,6.09,0.0,90.86
2023-04-08 22:00:00+00:00,25059.9,13.81,5.3,0.0,85.0
2023-04-08 23:00:00+00:00,23672.0,13.44,4.97,0.0,76.52
2023-04-09 00:00:00+00:00,23308.7,12.75,5.84,0.0,73.58
2023-04-09 01:00:00+00:00,22450.9,11.6,4.41,0.0,55.47
2023-04-09 02:00:00+00:00,22072.2,10.63,5.52,0.0,52.97
2023-04-09 03:00:00+00:00,22328.7,9.98,6.45,0.0,48.22
2023-04-09 04:00:00+00:00,21738.3,10.12,6.87,0.0,27.56
2023-04-09 05:00:00+00:00,22628.7,10.61,6.98,0.0,45.93
2023-04-09 06:00:00+00:00,24998.0,10.11,7.2,0.0,66.64
2023-04-09 07:00:00+00:00,27647.9,10.33,8.3,62.0,80.89
2023-04-09 08:00:00+00:00,28873.6,11.12,6.87,264.3,76.11
2023-04-09 09:00:00+00:00,29523.6,11.27,7.44,237.6,67.34
2023-04-09 10:00:00+00:00,29493.2,12.24,6.84,408.2,74.0
2023-04-09 11:00:00+00:00,29632.7,12.7,7.49,503.0,57.98
2023-04-09 12:00:00+00:00,28982.1,12.82,6.99,224.4,57.47
2023-04-09 13:00:00+00:00,27927.4,13.28,7.54,252.5,64.54
2023-04-09 14:00:00+00:00,26114.6,13.76,6.3,245.7,66.89
2023-04-09 15:00:00+00:00,27456.0,13.3,5.01,363.3,70.92
2023-04-09 16:00:00+00:00,28787.3,13.01,5.03,200.6,73.48
2023-04-09 17:00:00+00:00,31572.4,12.96,6.25,83.7,94.34
2023-04-09 18:00:00+00:00,33050.5,11.99,6.7,0.0,136.9
2023-04-09 19:00:00+00:00,32654.5,10.34,7.13,0.0,102.47
2023-04-09 20:00:00+00:00,30720.6,8.7,7.8,0.0,96.9
2023-04-09 21:00:00+00:00,29287.0,7.71,7.45,0.0,64.38
2023-04-09 22:00:00+00:00,28173.0,6.18,7.9,0.0,93.59
2023-04-09 23:00:00+00:00,26639.8,5.31,7.41,0.0,81.88
2023-04-10 00:00:00+00:00,26869.2,5.89,7.14,0.0,94.06
2023-04-10 01:00:00+00:00,25445.7,4.62,6.98,0.0,58.54
2023-04-10 02:00:00+00:00,25767.5,4.21,6.56,0.0,85.5
2023-04-10 03:00:00+00:00,24741.6,5.44,6.53,0.0,56.9
2023-04-10 04:00:00+00:00,24786.9,5.81,6.35,0.0,84.02
2023-04-10 05:00:00+00:00,27106.2,5.9,5.83,0.0,61.14
2023-04-10 06:00:00+00:00,29554.4,6.31,5.78,0.0,110.64
2023-04-10 07:00:00+00:00,32473.2,7.21,5.96,89.6,110.66
2023-04-10 08:00:00+00:00,34038.6,8.96,5.15,121.9,128.53
2023-04-10 09:00:00+00:00,33376.2,9.4,5.57,166.1,117.93
2023-04-10 10:00:00+00:00,33773.4,9.71,5.26,432.0,101.8
2023-04-10 11:00:00+00:00,33985.0,9.62,5.5,490.9,117.27
2023-04-10 12:00:00+00:00,32840.6,10.33,5.06,439.5,110.59
2023-04-10 13:00:00+00:00,32450.0,9.99,5.97,492.1,86.93
2023-04-10 14:00:00+00:00,32283.5,10.06,6.77,464.0,79.97
2023-04-10 15:00:00+00:00,32104.7,9.68,5.96,320.0,106.41
2023-04-10 16:00:00+00:00,33901.0,10.3,6.43,263.9,119.45
2023-04-10 17:00:00+00:00,35997.9,9.74,7.59,137.3,120.49
2023-04-10 18:00:00+00:00,38007.6,9.56,6.82,0.0,146.1
2023-04-10 19:00:00+00:00,36829.9,8.03,6.14,0.0,132.46
2023-04-10 20:00:00+00:00,34919.4,7.46,6.76,0.0,130.39
2023-04-10 21:00:00+00:00,32352.7,6.04,5.75,0.0,119.52
2023-04-10 22:00:00+00:00,30413.5,5.1,5.21,0.0,118.45
2023-04-10 23:00:00+00:00,28801.2,5.8,4.5,0.0,120.85
2023-04-11 00:00:00+00:00,26963.5,5.93,5.21,0.0,100.24
2023-04-11 01:00:00+00:00,25656.9,5.41,4.76,0.0,93.03
2023-04-11 02:00:00+00:00,24099.7,7.07,4.65,0.0,71.47
2023-04-11 03:00:00+00:00,23593.7,6.4,4.18,0.0,69.16
2023-04-11 04:00:00+00:00,23158.1,7.2,5.22,0.0,72.47
2023-04-11 05:00:00+00:00,25303.0,6.55,4.64,0.0,86.82
2023-04-11 06:00:00+00:00,27103.3,6.89,3.66,0.0,104.11
2023-04-11 07:00:00+00:00,29560.2,6.71,2.69,140.7,97.09
2023-04-11 08:00:00+00:00,31088.6,7.62,3.45,113.0,104.1
2023-04-11 09:00:00+00:00,31692.1,8.45,4.23,263.9,97.35
2023-04-11 10:00:00+00:00,31953.5,9.07,5.34,232.0,107.47
2023-04-11 11:00:00+00:00,30854.5,10.48,4.44,285.2,94.74
2023-04-11 12:00:00+00:00,30367.8,10.77,4.38,391.4,99.76
2023-04-11 13:00:00+00:00,29951.8,11.46,6.41,312.7,66.45
2023-04-11 14:00:00+00:00,29867.3,12.26,6.21,385.1,61.98
2023-04-11 15:00:00+00:00,31037.1,11.47,5.81,222.4,90.63
2023-04-11 16:00:00+00:00,33149.3,10.94,5.85,243.8,98.17
2023-04-11 17:00:00+00:00,34764.6,10.71,6.32,74.4,114.82
2023-04-11 18:00:00+00:00,35343.2,10.65,6.76,0.0,130.18
2023-04-11 19:00:00+00:00,34428.3,10.9,6.29,0.0,127.56
2023-04-11 20:00:00+00:00,33431.7,10.05,5.87,0.0,110.05
2023-04-11 21:00:00+00:00,31484.9,9.08,5.69,0.0,257.82
2023-04-11 22:00:00+00:00,29365.8,7.79,5.19,0.0,109.08
2023-04-11 23:00:00+00:00,27217.4,7.28,4.31,0.0,91.0
2023-04-12 00:00:00+00:00,26921.1,6.63,5.86,0.0,75.34
2023-04-12 01:00:00+00:00,25367.9,6.01,5.6,0.0,72.03
2023-04-12 02:00:00+00:00,25781.6,5.68,5.39,0.0,66.95
2023-04-12 03:00:00+00:00,25175.7,5.93,5.22,0.0,94.27
2023-04-12 04:00:00+00:00,25042.1,5.71,5.25,0.0,84.37
2023-04-12 05:00:00+00:00,25465.5,5.57,5.68,0.0,100.28
2023-04-12 06:00:00+00:00,27588.7,6.35,5.38,0.0,91.05
2023-04-12 07:00:00+00:00,31110.2,5.18,6.35,136.8,92.58
2023-04-12 08:00:00+00:00,32717.9,5.62,6.85,147.0,93.66
2023-04-12 09:00:00+00:00,33377.6,5.8,6.71,195.6,108.07
2023-04-12 10:00:00+00:00,33489.6,7.41,6.2,411.0,86.91
2023-04-12 11:00:00+00:00,33216.5,7.95,7.09,435.2,73.61
2023-04-12 12:00:00+00:00,32770.1,8.32,6.96,439.9,94.13
2023-04-12 13:00:00+00:00,32386.0,8.86,5.99,387.9,87.96
2023-04-12 14:00:00+00:00,31484.0,8.9,6.84,235.3,91.17
2023-04-12 15:00:00+00:00,32061.0,8.86,6.28,334.7,90.08
2023-04-12 16:00:00+00:00,34039.1,8.93,6.99,141.5,113.92
2023-04-12 17:00:00+00:00,37134.5,8.48,5.03,106.9,123.98
2023-04-12 18:00:00+00:00,37400.7,7.85,4.84,0.0,140.27
2023-04-12 19:00:00+00:00,35854.0,6.73,5.85,0.0,155.44
2023-04-12 20:00:00+00:00,33892.8,5.44,5.92,0.0,124.45
2023-04-12 21:00:00+00:00,32318.3,4.84,6.44,0.0,116.77
2023-04-12 22:00:00+00:00,30215.8,4.39,5.76,0.0,111.65
2023-04-12 23:00:00+00:00,29222.1,2.93,6.09,0.0,92.17
2023-04-13 00:00:00+00:00,26975.8,3.05,6.14,0.0,71.48
2023-04-13 01:00:00+00:00,26543.3,3.17,6.38,0.0,64.65
2023-04-13 02:00:00+00:00,25883.5,3.57,8.0,0.0,55.49
2023-04-13 03:00:00+00:00,25734.9,3.74,8.97,0.0,52.56
2023-04-13 04:00:00+00:00,25909.7,4.3,9.49,0.0,50.06
2023-04-13 05:00:00+00:00,26094.5,5.99,10.0,0.0,43.17
2023-04-13 06:00:00+00:00,28585.6,6.31,9.14,0.0,84.85
2023-04-13 07:00:00+00:00,31548.0,6.34,8.66,65.1,106.03
2023-04-13 08:00:00+00:00,33375.6,6.19,7.38,166.8,92.51
2023-04-13 09:00:00+00:00,33422.2,8.1,6.37,213.4,87.12
2023-04-13 10:00:00+00:00,32576.4,9.98,5.71,210.7,103.53
2023-04-13 11:00:00+00:00,31537.5,10.16,5.75,355.1,101.22
2023-04-13 12:00:00+00:00,31151.0,10.37,4.85,315.8,78.11
2023-04-13 13:00:00+00:00,31236.9,10.69,4.93,256.1,82.78
2023-04-13 14:00:00+00:00,30193.5,11.77,4.91,417.2,54.36
2023-04-13 15:00:00+00:00,30764.8,11.12,4.13,385.1,90.58
2023-04-13 16:00:00+00:00,33388.3,9.88,5.47,222.0,98.26
2023-04-13 17:00:00+00:00,36239.0,10.96,4.51,142.5,145.07
2023-04-13 18:00:00+00:00,36854.9,10.7,5.51,0.0,152.08
2023-04-13 19:00:00+00:00,34734.8,10.38,3.82,0.0,156.17
2023-04-13 20:00:00+00:00,33210.5,9.56,3.87,0.0,142.78
2023-04-13 21:00:00+00:00,30831.8,9.08,3.09,0.0,105.9
2023-04-13 22:00:00+00:00,29198.1,7.41,2.77,0.0,110.86
2023-04-13 23:00:00+00:00,28094.2,6.22,4.4,0.0,109.63
2023-04-14 00:00:00+00:00,26740.8,5.86,4.26,0.0,77.19
2023-04-14 01:00:00+00:00,26079.5,4.07,3.53,0.0,87.04
2023-04-14 02:00:00+00:00,26006.5,3.68,4.08,0.0,88.08
2023-04-14 03:00:00+00:00,26218.8,3.45,3.95,0.0,88.87
2023-04-14 04:00:00+00:00,26381.0,3.47,4.22,0.0,91.84
2023-04-14 05:00:00+00:00,27506.0,3.54,3.65,0.0,91.95
2023-04-14 06:00:00+00:00,29290.7,3.52,3.14,0.0,102.83
2023-04-14 07:00:00+00:00,32486.2,3.17,2.71,98.4,131.07
2023-04-14 08:00:00+00:00,33741.6,4.13,3.55,200.3,120.44
2023-04-14 09:00:00+00:00,34128.5,4.87,3.55,220.7,144.24
2023-04-14 10:00:00+00:00,34749.4,4.97,2.9,442.3,103.26
2023-04-14 11:00:00+00:00,33478.4,5.89,3.23,467.7,102.53
2023-04-14 12:00:00+00:00,33489.5,6.5,3.48,297.8,100.81
2023-04-14 13:00:00+00:00,32743.9,6.86,4.11,287.6,110.61
2023-04-14 14:00:00+00:00,32653.0,6.02,3.87,462.0,93.02
2023-04-14 15:00:00+00:00,32219.4,6.73,3.97,390.6,102.36
2023-04-14 16:00:00+00:00,34416.7,6.07,4.45,287.6,107.97
2023-04-14 17:00:00+00:00,37809.5,6.0,3.79,122.0,132.57
2023-04-14 18:00:00+00:00,37653.8,5.23,4.64,0.0,166.96
2023-04-14 19:00:00+00:00,35590.4,4.57,4.77,0.0,150.1
2023-04-14 20:00:00+00:00,33577.1,4.74,4.02,0.0,142.5
2023-04-14 21:00:00+00:00,31932.3,4.45,3.31,0.0,135.97
2023-04-14 22:00:00+00:00,30063.0,4.51,3.41,0.0,116.28
2023-04-14 23:00:00+00:00,28635.5,4.12,3.16,0.0,114.18
2023-04-15 00:00:00+00:00,24521.4,3.99,3.94,0.0,70.09
2023-04-15 01:00:00+00:00,24270.9,2.56,3.87,0.0,73.87
2023-04-15 02:00:00+00:00,23772.6,2.21,4.27,0.0,84.27
2023-04-15 03:00:00+00:00,23960.0,2.11,3.74,0.0,97.18
2023-04-15 04:00:00+00:00,23528.2,3.09,3.88,0.0,76.79
2023-04-15 05:00:00+00:00,24031.1,3.2,5.07,0.0,37.06
2023-04-15 06:00:00+00:00,26106.2,3.96,5.05,0.0,86.23
2023-04-15 07:00:00+00:00,29169.8,4.83,4.71,83.0,111.08
2023-04-15 08:00:00+00:00,30657.6,6.35,4.15,205.8,96.97
2023-04-15 09:00:00+00:00,31010.7,7.13,4.28,229.8,89.66
2023-04-15 10:00:00+00:00,30252.2,8.48,5.52,439.6,82.97
2023-04-15 11:00:00+00:00,30062.4,8.24,4.53,544.2,66.49
2023-04-15 12:00:00+00:00,30601.9,7.99,4.61,296.5,87.04
2023-04-15 13:00:00+00:00,31372.1,7.22,3.39,228.4,90.07
2023-04-15 14:00:00+00:00,30623.3,8.14,3.25,228.7,86.51
2023-04-15 15:00:00+00:00,30871.5,8.79,3.64,365.5,100.88
2023-04-15 16:00:00+00:00,31825.4,9.34,2.58,126.7,108.84
2023-04-15 17:00:00+00:00,34884.0,8.74,2.45,128.6,157.78
2023-04-15 18:00:00+00:00,35628.5,8.03,2.9,0.0,171.31
2023-04-15 19:00:00+00:00,33596.3,7.46,3.21,0.0,127.07
2023-04-15 20:00:00+00:00,31885.4,7.72,3.67,0.0,117.88
2023-04-15 21:00:00+00:00,29573.2,8.04,3.07,0.0,121.17
2023-04-15 22:00:00+00:00,27783.3,7.79,3.49,0.0,116.36
2023-04-15 23:00:00+00:00,26326.2,7.31,3.2,0.0,95.62
2023-04-16 00:00:00+00:00,24166.1,7.66,3.95,0.0,70.42
2023-04-16 01:00:00+00:00,23206.5,7.03,2.29,0.0,76.24
2023-04-16 02:00:00+00:00,22321.5,6.51,2.3,0.0,75.86
2023-04-16 03:00:00+00:00,22668.2,6.34,2.61,0.0,69.76
2023-04-16 04:00:00+00:00,23083.5,5.88,3.89,0.0,82.93
2023-04-16 05:00:00+00:00,23811.3,6.11,4.11,0.0,66.96
2023-04-16 06:00:00+00:00,25345.5,5.95,4.4,0.0,86.11
2023-04-16 07:00:00+00:00,28552.5,7.24,4.83,84.5,100.01
2023-04-16 08:00:00+00:00,29819.4,8.33,5.92,252.2,82.14
2023-04-16 09:00:00+00:00,29728.8,9.99,5.67,310.0,76.38
2023-04-16 10:00:00+00:00,30093.2,9.79,4.64,331.3,84.62
2023-04-16 11:00:00+00:00,28688.2,11.68,3.51,483.4,62.87
2023-04-16 12:00:00+00:00,27919.5,11.35,4.21,496.6,70.01
2023-04-16 13:00:00+00:00,27698.4,11.13,4.52,300.9,72.02
2023-04-16 14:00:00+00:00,27140.0,11.1,4.44,212.9,74.21
2023-04-16 15:00:00+00:00,27251.6,12.04,4.11,229.7,67.01
2023-04-16 16:00:00+00:00,28808.6,12.1,4.4,275.1,101.97
2023-04-16 17:00:00+00:00,30971.2,11.68,4.69,97.7,115.22
2023-04-16 18:00:00+00:00,31777.5,10.75,5.18,0.0,101.27
2023-04-16 19:00:00+00:00,31239.8,9.34,4.41,0.0,122.48
2023-04-16 20:00:00+00:00,29922.5,9.36,3.16,0.0,109.58
2023-04-16 21:00:00+00:00,28498.6,9.11,2.63,0.0,100.86
2023-04-16 22:00:00+00:00,26109.7,9.17,1.8,0.0,92.82
2023-04-16 23:00:00+00:00,25151.2,8.68,0.96,0.0,104.09
2023-04-17 00:00:00+00:00,26583.6,6.61,2.49,0.0,97.79
2023-04-17 01:00:00+00:00,26157.3,5.42,0.94,0.0,104.52
2023-04-17 02:00:00+00:00,25211.1,5.47,1.61,0.0,98.57
2023-04-17 03:00:00+00:00,24645.0,5.19,2.59,0.0,96.44
2023-04-17 04:00:00+00:00,25407.2,5.02,3.58,0.0,109.37
2023-04-17 05:00:00+00:00,26866.7,4.72,3.97,0.0,90.28
2023-04-17 06:00:00+00:00,29043.7,5.85,5.15,0.0,95.34
2023-04-17 07:00:00+00:00,30891.0,6.81,6.64,125.2,94.68
2023-04-17 08:00:00+00:00,32783.6,7.89,6.42,252.7,104.02
2023-04-17 09:00:00+00:00,33460.0,8.33,6.8,236.7,111.11
2023-04-17 10:00:00+00:00,32813.3,9.26,7.81,230.9,81.28
2023-04-17 11:00:00+00:00,32735.6,9.23,7.09,486.2,100.49
2023-04-17 12:00:00+00:00,32601.6,9.84,6.9,441.7,67.91
2023-04-17 13:00:00+00:00,31864.8,8.88,6.41,565.2,77.91
2023-04-17 14:00:00+00:00,31363.9,8.35,6.8,432.9,80.92
2023-04-17 15:00:00+00:00,31523.2,8.4,5.33,404.6,70.34
2023-04-17 16:00:00+00:00,31799.2,9.86,6.54,233.2,94.53
2023-04-17 17:00:00+00:00,35062.0,8.57,6.98,108.1,100.58
2023-04-17 18:00:00+00:00,36940.2,7.48,7.44,0.0,126.29
2023-04-17 19:00:00+00:00,35867.9,7.13,5.57,0.0,137.58
2023-04-17 20:00:00+00:00,33783.7,7.6,4.83,0.0,131.16
2023-04-17 21:00:00+00:00,32296.4,7.04,6.1,0.0,126.39
2023-04-17 22:00:00+00:00,29811.7,6.78,6.01,0.0,92.61
2023-04-17 23:00:00+00:00,27524.6,5.93,4.71,0.0,96.46
2023-04-18 00:00:00+00:00,26711.9,5.22,5.0,0.0,95.65
2023-04-18 01:00:00+00:00,26262.7,4.88,5.63,0.0,79.7
2023-04-18 02:00:00+00:00,25969.3,4.27,6.11,0.0,-14.88
2023-04-18 03:00:00+00:00,25237.3,4.69,6.04,0.0,57.33
2023-04-18 04:00:00+00:00,26139.4,3.9,6.98,0.0,56.08
2023-04-18 05:00:00+00:00,27047.3,4.84,6.43,0.0,72.25
2023-04-18 06:00:00+00:00,29005.5,5.43,6.88,0.0,103.89
2023-04-18 07:00:00+00:00,31762.5,6.0,6.99,76.5,114.36
2023-04-18 08:00:00+00:00,33414.5,5.82,6.89,227.5,112.48
2023-04-18 09:00:00+00:00,34147.6,6.12,6.6,188.3,112.49
2023-04-18 10:00:00+00:00,33047.7,7.73,6.35,500.6,86.26
2023-04-18 11:00:00+00:00,32648.7,8.43,6.41,347.5,85.25
2023-04-18 12:00:00+00:00,32386.8,9.32,6.21,357.3,84.42
2023-04-18 13:00:00+00:00,31787.7,9.36,6.82,281.8,66.36
2023-04-18 14:00:00+00:00,31358.8,9.75,6.41,318.8,85.74
2023-04-18 15:00:00+00:00,31827.9,9.13,7.67,347.4,82.34
2023-04-18 16:00:00+00:00,33753.2,9.21,7.18,293.8,89.5
2023-04-18 17:00:00+00:00,35860.5,9.25,7.89,80.5,128.95
2023-04-18 18:00:00+00:00,36708.7,9.07,8.6,0.0,139.16
2023-04-18 19:00:00+00:00,35171.5,8.01,8.65,0.0,106.15
2023-04-18 20:00:00+00:00,33312.3,7.19,8.62,0.0,129.44
2023-04-18 21:00:00+00:00,30505.1,6.85,7.97,0.0,98.46
2023-04-18 22:00:00+00:00,28655.7,6.05,7.52,0.0,99.87
2023-04-18 23:00:00+00:00,27618.4,5.25,7.67,0.0,70.47
2023-04-19 00:00:00+00:00,26190.1,6.02,7.6,0.0,83.65
2023-04-19 01:00:00+00:00,25856.5,5.04,8.49,0.0,68.92
2023-04-19 02:00:00+00:00,25674.4,5.47,8.06,0.0,60.6
2023-04-19 03:00:00+00:00,25510.7,4.73,7.7,0.0,53.5
2023-04-19 04:00:00+00:00,25036.9,5.31,6.36,0.0,68.97
2023-04-19 05:00:00+00:00,26432.0,6.1,6.9,0.0,82.14
2023-04-19 06:00:00+00:00,29053.1,6.32,7.34,0.0,88.48
2023-04-19 07:00:00+00:00,32118.5,6.26,8.08,101.7,95.63
2023-04-19 08:00:00+00:00,33661.8,5.88,8.84,186.7,88.93
2023-04-19 09:00:00+00:00,34149.8,6.4,9.36,357.6,68.37
2023-04-19 10:00:00+00:00,33447.4,7.61,9.9,359.0,76.18
2023-04-19 11:00:00+00:00,32694.1,7.8,10.23,503.1,48.41
2023-04-19 12:00:00+00:00,32274.2,8.6,10.66,358.4,72.76
2023-04-19 13:00:00+00:00,31333.6,8.31,9.04,426.0,69.91
2023-04-19 14:00:00+00:00,31336.5,8.61,8.08,497.6,78.26
2023-04-19 15:00:00+00:00,31926.0,8.16,7.04,285.2,82.24
2023-04-19 16:00:00+00:00,33642.2,8.17,8.03,226.9,94.72
2023-04-19 17:00:00+00:00,36178.9,7.72,7.36,126.4,106.47
2023-04-19 18:00:00+00:00,36980.8,6.69,6.86,0.0,132.28
2023-04-19 19:00:00+00:00,35435.2,5.84,6.87,0.0,128.42
2023-04-19 20:00:00+00:00,34697.6,4.74,5.9,0.0,130.05
2023-04-19 21:00:00+00:00,33026.0,3.37,6.26,0.0,113.53
2023-04-19 22:00:00+00:00,29946.9,3.45,4.63,0.0,101.39
2023-04-19 23:00:00+00:00,28970.2,2.7,3.83,0.0,108.56
2023-04-20 00:00:00+00:00,27940.4,1.08,4.14,0.0,95.26
2023-04-20 01:00:00+00:00,27344.5,0.44,3.31,0.0,112.24
2023-04-20 02:00:00+00:00,27259.9,0.92,4.51,0.0,94.67
2023-04-20 03:00:00+00:00,26891.2,0.56,4.67,0.0,83.73
2023-04-20 04:00:00+00:00,27186.4,1.77,5.67,0.0,96.26
2023-04-20 05:00:00+00:00,28574.3,1.73,6.02,0.0,81.82
2023-04-20 06:00:00+00:00,31124.0,2.69,6.06,0.0,103.05
2023-04-20 07:00:00+00:00,33553.5,4.11,5.33,91.5,108.41
2023-04-20 08:00:00+00:00,34393.7,5.25,6.14,273.7,103.91
2023-04-20 09:00:00+00:00,33840.5,5.33,6.53,270.5,114.99
2023-04-20 10:00:00+00:00,33385.9,5.7,8.18,228.6,94.49
2023-04-20 11:00:00+00:00,32358.5,7.29,8.77,450.3,50.03
2023-04-20 12:00:00+00:00,32527.3,7.57,8.37,521.8,61.49
2023-04-20 13:00:00+00:00,32025.8,8.79,8.53,456.6,68.82
2023-04-20 14:00:00+00:00,31069.0,8.96,8.78,461.1,61.62
2023-04-20 15:00:00+00:00,31817.3,9.28,9.6,383.1,62.64
2023-04-20 16:00:00+00:00,33481.7,8.47,10.51,130.6,95.37
2023-04-20 17:00:00+00:00,35697.3,7.96,10.2,63.7,113.26
2023-04-20 18:00:00+00:00,36367.0,7.11,9.09,0.0,120.49
2023-04-20 19:00:00+00:00,35321.6,6.79,7.54,0.0,126.5
2023-04-20 20:00:00+00:00,33266.5,6.28,6.62,0.0,115.35
2023-04-20 21:00:00+00:00,32033.9,5.93,6.18,0.0,112.31
2023-04-20 22:00:00+00:00,29577.1,4.99,7.39,0.0,92.34
2023-04-20 23:00:00+00:00,28619.0,3.85,8.56,0.0,88.53
2023-04-21 00:00:00+00:00,26954.6,3.63,9.24,0.0,69.47
2023-04-21 01:00:00+00:00,26686.4,2.69,10.09,0.0,58.58
2023-04-21 02:00:00+00:00,25938.9,3.2,9.38,0.0,53.83
2023-04-21 03:00:00+00:00,25767.6,3.16,8.07,0.0,70.52
2023-04-21 04:00:00+00:00,25851.3,3.2,7.23,0.0,72.1
2023-04-21 05:00:00+00:00,26594.2,3.92,5.63,0.0,81.08
2023-04-21 06:00:00+00:00,29044.9,4.47,4.83,0.0,98.03
2023-04-21 07:00:00+00:00,32940.1,4.22,4.54,120.8,117.95
2023-04-21 08:00:00+00:00,34004.4,4.45,4.79,300.3,102.71
2023-04-21 09:00:00+00:00,33808.3,6.03,5.01,245.6,96.56
2023-04-21 10:00:00+00:00,33160.5,6.99,4.57,292.9,121.79
2023-04-21 11:00:00+00:00,32289.0,6.84,5.14,245.5,117.2
2023-04-21 12:00:00+00:00,31103.0,7.83,4.71,461.3,82.36
2023-04-21 13:00:00+00:00,30342.0,8.12,4.83,596.7,71.26
2023-04-21 14:00:00+00:00,30179.8,8.05,4.07,334.0,85.78
2023-04-21 15:00:00+00:00,31543.3,7.63,5.07,306.0,97.95
2023-04-21 16:00:00+00:00,33616.6,8.31,5.18,134.7,118.13
2023-04-21 17:00:00+00:00,36129.4,6.98,5.8,119.0,131.83
2023-04-21 18:00:00+00:00,37735.6,6.19,4.91,0.0,143.1
2023-04-21 19:00:00+00:00,35986.2,5.84,5.15,0.0,158.97
2023-04-21 20:00:00+00:00,33743.0,6.25,5.69,0.0,113.68
2023-04-21 21:00:00+00:00,31949.0,5.96,4.16,0.0,130.7
2023-04-21 22:00:00+00:00,30944.3,4.82,5.21,0.0,102.57
2023-04-21 23:00:00+00:00,28953.0,5.17,4.33,0.0,83.72
2023-04-22 00:00:00+00:00,25166.5,3.99,4.63,0.0,88.54
2023-04-22 01:00:00+00:00,24366.7,3.81,6.14,0.0,67.78
2023-04-22 02:00:00+00:00,24162.6,3.94,6.93,0.0,47.01
2023-04-22 03:00:00+00:00,24299.8,3.42,5.77,0.0,74.39
2023-04-22 04:00:00+00:00,23699.0,4.07,5.69,0.0,60.98
2023-04-22 05:00:00+00:00,24839.6,4.18,6.72,0.0,84.08
2023-04-22 06:00:00+00:00,26774.9,5.19,6.1,0.0,66.78
2023-04-22 07:00:00+00:00,30659.6,4.82,5.86,129.9,89.77
2023-04-22 08:00:00+00:00,32131.2,5.87,5.61,223.2,107.75
2023-04-22 09:00:00+00:00,33037.1,6.53,6.13,367.7,87.52
2023-04-22 10:00:00+00:00,31783.0,8.12,4.97,380.7,81.42
2023-04-22 11:00:00+00:00,30881.8,8.92,5.56,531.7,72.38
2023-04-22 12:00:00+00:00,29640.5,10.39,5.15,455.9,81.35
2023-04-22 13:00:00+00:00,29091.7,11.25,5.23,535.8,60.34
2023-04-22 14:00:00+00:00,29056.3,11.54,5.14,394.8,69.13
2023-04-22 15:00:00+00:00,29075.5,12.18,5.71,431.6,58.11
2023-04-22 16:00:00+00:00,30551.4,12.6,5.75,284.8,80.34
2023-04-22 17:00:00+00:00,32959.9,12.61,6.94,89.3,95.8
2023-04-22 18:00:00+00:00,33756.4,10.78,7.72,0.0,126.19
2023-04-22 19:00:00+00:00,32490.6,9.64,7.06,0.0,117.0
2023-04-22 20:00:00+00:00,30194.6,9.82,8.13,0.0,77.5
2023-04-22 21:00:00+00:00,28698.8,8.35,8.32,0.0,74.65
2023-04-22 22:00:00+00:00,26111.6,8.17,8.39,0.0,71.95
2023-04-22 23:00:00+00:00,24113.2,7.93,8.98,0.0,55.79
2023-04-23 00:00:00+00:00,22677.3,7.05,8.07,0.0,44.58
2023-04-23 01:00:00+00:00,22551.0,5.43,6.93,0.0,48.41
2023-04-23 02:00:00+00:00,21715.9,4.87,6.96,0.0,45.74
2023-04-23 03:00:00+00:00,21655.5,6.11,6.49,0.0,43.49
2023-04-23 04:00:00+00:00,22357.3,5.75,8.13,0.0,54.03
2023-04-23 05:00:00+00:00,24063.2,5.64,7.48,0.0,64.04
2023-04-23 06:00:00+00:00,26050.5,5.6,7.49,0.0,71.79
2023-04-23 07:00:00+00:00,29398.2,7.05,7.61,95.7,70.52
2023-04-23 08:00:00+00:00,31829.5,7.69,8.54,234.8,74.83
2023-04-23 09:00:00+00:00,31966.2,8.17,7.69,191.4,83.25
2023-04-23 10:00:00+00:00,31254.7,9.88,6.39,542.2,63.33
2023-04-23 11:00:00+00:00,30293.7,11.0,7.51,453.8,63.3
2023-04-23 12:00:00+00:00,30223.6,11.11,7.55,620.6,64.66
2023-04-23 13:00:00+00:00,29820.9,10.91,8.16,353.2,64.2
2023-04-23 14:00:00+00:00,28054.9,11.99,8.77,390.8,32.05
2023-04-23 15:00:00+00:00,27871.5,12.15,9.49,183.1,62.61
2023-04-23 16:00:00+00:00,30256.3,11.18,9.07,271.7,52.51
2023-04-23 17:00:00+00:00,33488.3,9.89,8.46,81.5,106.92
2023-04-23 18:00:00+00:00,34774.9,8.85,6.82,0.0,120.41
2023-04-23 19:00:00+00:00,32909.0,7.61,6.05,0.0,123.46
2023-04-23 20:00:00+00:00,31840.2,5.8,6.15,0.0,116.06
2023-04-23 21:00:00+00:00,31065.1,4.54,5.64,0.0,110.57
2023-04-23 22:00:00+00:00,27919.6,3.41,4.82,0.0,84.01
2023-04-23 23:00:00+00:00,26937.3,2.61,4.97,0.0,81.51
2023-04-24 00:00:00+00:00,28470.8,3.34,6.12,0.0,95.82
2023-04-24 01:00:00+00:00,27699.6,2.87,6.12,0.0,87.87
2023-04-24 02:00:00+00:00,26927.6,2.64,5.28,0.0,104.19
2023-04-24 03:00:00+00:00,26718.9,3.01,6.36,0.0,80.27
2023-04-24 04:00:00+00:00,26719.3,3.12,5.79,0.0,89.75
2023-04-24 05:00:00+00:00,27733.8,3.81,7.0,0.0,77.47
2023-04-24 06:00:00+00:00,29690.8,4.6,6.8,0.0,85.76
2023-04-24 07:00:00+00:00,32274.1,5.42,6.89,67.0,115.95
2023-04-24 08:00:00+00:00,32645.7,7.93,8.11,191.8,83.9
2023-04-24 09:00:00+00:00,32470.0,9.32,7.0,314.6,72.9
2023-04-24 10:00:00+00:00,33144.6,9.5,6.18,536.6,66.27
2023-04-24 11:00:00+00:00,32042.8,10.52,5.97,505.0,80.04
2023-04-24 12:00:00+00:00,30730.1,10.72,5.91,475.5,64.23
2023-04-24 13:00:00+00:00,31534.1,11.54,8.03,601.2,40.12
2023-04-24 14:00:00+00:00,31003.3,11.08,7.28,317.4,95.74
2023-04-24 15:00:00+00:00,31234.7,10.6,6.25,282.0,64.18
2023-04-24 16:00:00+00:00,32696.1,10.81,5.55,273.4,95.05
2023-04-24 17:00:00+00:00,34927.0,11.2,5.81,124.4,138.11
2023-04-24 18:00:00+00:00,35501.1,11.1,6.25,0.0,132.49
2023-04-24 19:00:00+00:00,34739.1,11.06,5.74,0.0,154.72
2023-04-24 20:00:00+00:00,32627.8,10.6,5.82,0.0,124.83
2023-04-24 21:00:00+00:00,30241.7,9.97,7.4,0.0,82.36
2023-04-24 22:00:00+00:00,26996.6,8.92,7.4,0.0,82.13
2023-04-24 23:00:00+00:00,26060.1,8.72,7.64,0.0,62.1
2023-04-25 00:00:00+00:00,24741.9,8.88,9.08,0.0,49.51
2023-04-25 01:00:00+00:00,24055.1,8.37,8.43,0.0,41.39
2023-04-25 02:00:00+00:00,23261.9,8.01,7.76,0.0,43.75
2023-04-25 03:00:00+00:00,22829.9,8.87,7.36,0.0,57.13
2023-04-25 04:00:00+00:00,23205.1,8.94,6.93,0.0,45.38
2023-04-25 05:00:00+00:00,24789.4,9.26,5.51,0.0,52.27
2023-04-25 06:00:00+00:00,26972.0,10.01,5.69,0.0,87.83
2023-04-25 07:00:00+00:00,29242.3,10.55,5.92,67.3,88.78
2023-04-25 08:00:00+00:00,32129.3,10.75,5.83,165.3,111.19
2023-04-25 09:00:00+00:00,32398.4,11.74,6.08,320.4,83.41
2023-04-25 10:00:00+00:00,31535.0,12.48,6.33,497.7,82.01
2023-04-25 11:00:00+00:00,30589.4,14.29,5.34,433.8,83.24
2023-04-25 12:00:00+00:00,30147.0,15.34,5.64,362.4,82.07
2023-04-25 13:00:00+00:00,29689.4,15.4,6.15,592.2,41.39
2023-04-25 14:00:00+00:00,29448.9,16.09,4.94,344.7,77.19
2023-04-25 15:00:00+00:00,29743.5,16.32,6.19,225.4,90.43
2023-04-25 16:00:00+00:00,31841.7,16.93,5.26,309.7,87.38
2023-04-25 17:00:00+00:00,34394.8,16.24,4.46,105.7,106.28
2023-04-25 18:00:00+00:00,35425.7,15.8,4.75,0.0,132.75
2023-04-25 19:00:00+00:00,32895.0,15.04,5.28,0.0,111.98
2023-04-25 20:00:00+00:00,30261.6,14.28,5.97,0.0,95.84
2023-04-25 21:00:00+00:00,28464.0,12.91,6.46,0.0,74.03
2023-04-25 22:00:00+00:00,26315.7,12.42,6.08,0.0,85.37
2023-04-25 23:00:00+00:00,24542.8,11.89,6.21,0.0,72.37
2023-04-26 00:00:00+00:00,23003.8,12.11,6.0,0.0,49.09
2023-04-26 01:00:00+00:00,22380.5,11.54,6.19,0.0,49.1
2023-04-26 02:00:00+00:00,21808.3,10.91,6.28,0.0,40.75
2023-04-26 03:00:00+00:00,20536.9,11.21,5.93,0.0,48.65
2023-04-26 04:00:00+00:00,20795.6,10.75,5.71,0.0,36.5
2023-04-26 05:00:00+00:00,21824.4,11.63,4.32,0.0,51.6
2023-04-26 06:00:00+00:00,24118.5,12.67,5.11,0.0,70.69
2023-04-26 07:00:00+00:00,27387.1,13.94,5.43,84.2,73.0
2023-04-26 08:00:00+00:00,29265.8,14.76,3.71,266.9,105.68
2023-04-26 09:00:00+00:00,28992.7,15.12,4.49,408.6,65.62
2023-04-26 10:00:00+00:00,29921.7,15.85,4.58,269.5,95.28
2023-04-26 11:00:00+00:00,29621.5,16.69,3.97,530.5,79.49
2023-04-26 12:00:00+00:00,29442.2,16.86,3.32,384.8,69.55
2023-04-26 13:00:00+00:00,28962.2,18.03,2.96,471.8,73.72
2023-04-26 14:00:00+00:00,28319.9,18.56,2.44,402.9,71.59
2023-04-26 15:00:00+00:00,28983.3,18.0,2.04,386.1,96.67
2023-04-26 16:00:00+00:00,29943.7,18.91,3.62,234.0,95.04
2023-04-26 17:00:00+00:00,33151.9,18.53,4.08,76.2,132.84
2023-04-26 18:00:00+00:00,34179.7,17.26,5.82,0.0,142.52
2023-04-26 19:00:00+00:00,32861.1,16.03,6.05,0.0,134.28
2023-04-26 20:00:00+00:00,30979.6,16.1,6.55,0.0,92.29
2023-04-26 21:00:00+00:00,28618.9,16.3,5.89,0.0,80.66
2023-04-26 22:00:00+00:00,26780.9,15.98,5.81,0.0,70.02
2023-04-26 23:00:00+00:00,24532.2,15.88,5.81,0.0,79.71
2023-04-27 00:00:00+00:00,22849.3,15.95,6.35,0.0,62.84
2023-04-27 01:00:00+00:00,21780.3,15.6,6.34,0.0,55.73
2023-04-27 02:00:00+00:00,20598.1,15.3,6.65,0.0,45.67
2023-04-27 03:00:00+00:00,20197.4,15.32,6.92,0.0,32.25
2023-04-27 04:00:00+00:00,20789.1,15.66,6.68,0.0,42.05
2023-04-27 05:00:00+00:00,22435.8,15.3,6.38,0.0,56.02
2023-04-27 06:00:00+00:00,24845.6,16.02,5.89,0.0,70.9
2023-04-27 07:00:00+00:00,27463.3,17.32,6.79,128.7,64.86
2023-04-27 08:00:00+00:00,29212.7,17.7,6.57,197.5,94.19
2023-04-27 09:00:00+00:00,29623.3,18.08,6.84,194.4,67.28
2023-04-27 10:00:00+00:00,29728.5,18.94,6.73,536.0,147.99
2023-04-27 11:00:00+00:00,29277.4,19.07,7.57,440.5,70.15
2023-04-27 12:00:00+00:00,28695.9,18.72,5.99,563.3,61.05
2023-04-27 13:00:00+00:00,27814.7,19.73,6.28,401.0,43.9
2023-04-27 14:00:00+00:00,26958.2,19.59,5.33,506.4,27.06
2023-04-27 15:00:00+00:00,28126.9,19.55,5.72,400.6,51.2
2023-04-27 16:00:00+00:00,30457.4,18.93,5.67,148.7,95.08
2023-04-27 17:00:00+00:00,32406.8,19.26,4.58,72.5,117.56
2023-04-27 18:00:00+00:00,33792.0,19.14,4.97,0.0,128.07
2023-04-27 19:00:00+00:00,32406.4,18.2,5.24,0.0,124.35
2023-04-27 20:00:00+00:00,29797.5,16.61,5.15,0.0,103.71
2023-04-27 21:00:00+00:00,27399.0,15.5,5.16,0.0,98.53
2023-04-27 22:00:00+00:00,25187.6,14.94,5.38,0.0,82.11
2023-04-27 23:00:00+00:00,24202.1,14.2,6.38,0.0,41.63
2023-04-28 00:00:00+00:00,23571.5,13.66,6.17,0.0,61.47
2023-04-28 01:00:00+00:00,22331.1,13.18,7.0,0.0,46.49
2023-04-28 02:00:00+00:00,21992.1,13.21,6.97,0.0,49.5
2023-04-28 03:00:00+00:00,21729.9,12.95,7.99,0.0,37.29
2023-04-28 04:00:00+00:00,21630.9,13.19,7.75,0.0,24.25
2023-04-28 05:00:00+00:00,23510.5,12.76,7.19,0.0,59.24
2023-04-28 06:00:00+00:00,25241.6,14.66,6.33,0.0,76.68
2023-04-28 07:00:00+00:00,28330.4,14.96,6.33,151.9,58.83
2023-04-28 08:00:00+00:00,29550.4,15.66,5.75,191.2,102.22
2023-04-28 09:00:00+00:00,29960.2,16.63,6.91,235.0,87.37
2023-04-28 10:00:00+00:00,30410.9,17.01,6.23,400.5,63.43
2023-04-28 11:00:00+00:00,29976.0,17.59,5.73,289.2,69.54
2023-04-28 12:00:00+00:00,29594.2,18.08,6.25,622.1,53.49
2023-04-28 13:00:00+00:00,28551.5,17.88,7.21,545.1,46.84
2023-04-28 14:00:00+00:00,28463.5,18.33,7.77,558.7,47.2
2023-04-28 15:00:00+00:00,28358.8,17.33,8.56,423.5,50.76
2023-04-28 16:00:00+00:00,30485.3,18.19,8.42,211.5,80.49
2023-04-28 17:00:00+00:00,32535.1,18.26,8.3,99.9,84.51
2023-04-28 18:00:00+00:00,33507.5,18.04,9.81,0.0,99.1
2023-04-28 19:00:00+00:00,32868.4,16.25,10.99,0.0,93.72
2023-04-28 20:00:00+00:00,30929.2,14.96,11.35,0.0,74.34
2023-04-28 21:00:00+00:00,28632.1,14.94,12.0,0.0,65.89
2023-04-28 22:00:00+00:00,26585.7,16.55,12.42,0.0,55.64
2023-04-28 23:00:00+00:00,24376.6,16.37,11.2,0.0,29.88
2023-04-29 00:00:00+00:00,20531.1,16.32,10.96,0.0,16.04
2023-04-29 01:00:00+00:00,19254.4,15.96,11.93,0.0,-1.81
2023-04-29 02:00:00+00:00,19272.9,14.94,12.25,0.0,-2.37
2023-04-29 03:00:00+00:00,19403.9,15.26,11.94,0.0,-12.08
2023-04-29 04:00:00+00:00,19562.9,14.5,12.87,0.0,4.39
2023-04-29 05:00:00+00:00,20820.8,13.9,12.87,0.0,36.49
2023-04-29 06:00:00+00:00,23566.2,13.47,13.16,0.0,26.88
2023-04-29 07:00:00+00:00,27200.7,14.56,13.15,87.9,61.14
2023-04-29 08:00:00+00:00,28474.9,15.12,13.26,276.4,44.61
2023-04-29 09:00:00+00:00,29515.6,15.84,13.43,193.5,35.49
2023-04-29 10:00:00+00:00,29358.3,16.48,14.13,465.2,23.0
2023-04-29 11:00:00+00:00,29204.2,16.41,14.89,408.4,25.65
2023-04-29 12:00:00+00:00,29093.0,16.53,14.14,577.3,16.34
2023-04-29 13:00:00+00:00,28267.2,16.56,14.06,470.3,4.97
2023-04-29 14:00:00+00:00,27694.6,15.95,14.7,359.2,15.39
2023-04-29 15:00:00+00:00,27696.0,15.71,14.21,372.8,31.67
2023-04-29 16:00:00+00:00,29536.1,14.93,12.83,209.0,29.71
2023-04-29 17:00:00+00:00,32308.1,14.96,11.83,104.9,85.13
2023-04-29 18:00:00+00:00,33615.7,14.87,10.93,0.0,106.84
2023-04-29 19:00:00+00:00,32903.7,13.44,10.38,0.0,76.62
2023-04-29 20:00:00+00:00,30590.5,12.53,9.62,0.0,77.65
2023-04-29 21:00:00+00:00,27870.1,12.87,10.3,0.0,61.21
2023-04-29 22:00:00+00:00,25490.7,11.47,9.92,0.0,60.51
2023-04-29 23:00:00+00:00,23907.4,10.98,10.76,0.0,37.79
2023-04-30 00:00:00+00:00,23254.1,10.54,9.68,0.0,34.07
2023-04-30 01:00:00+00:00,21622.7,10.69,9.27,0.0,32.8
2023-04-30 02:00:00+00:00,20959.4,10.53,9.24,0.0,32.53
2023-04-30 03:00:00+00:00,21086.9,10.12,9.76,0.0,24.53
2023-04-30 04:00:00+00:00,21129.6,10.22,10.52,0.0,38.57
2023-04-30 05:00:00+00:00,22096.3,10.54,9.92,0.0,31.67
2023-04-30 06:00:00+00:00,24845.5,10.92,10.55,0.0,51.83
2023-04-30 07:00:00+00:00,27828.7,10.71,9.06,93.5,53.07
2023-04-30 08:00:00+00:00,28663.7,12.17,9.64,136.5,66.06
2023-04-30 09:00:00+00:00,28776.8,13.56,8.46,268.7,54.89
2023-04-30 10:00:00+00:00,28921.9,13.66,8.73,286.2,53.03
2023-04-30 11:00:00+00:00,29505.4,14.17,9.53,404.0,64.22
2023-04-30 12:00:00+00:00,29448.9,14.63,10.1,358.9,42.06
2023-04-30 13:00:00+00:00,30027.0,14.39,8.66,412.8,50.85
2023-04-30 14:00:00+00:00,28992.7,13.58,8.23,323.6,41.25
2023-04-30 15:00:00+00:00,29662.4,13.31,8.73,446.6,42.15
2023-04-30 16:00:00+00:00,31852.9,13.04,9.18,191.2,63.12
2023-04-30 17:00:00+00:00,34221.1,11.93,9.29,88.4,112.91
2023-04-30 18:00:00+00:00,34679.0,11.63,7.45,0.0,123.83
2023-04-30 19:00:00+00:00,33188.3,11.78,8.36,0.0,114.32
2023-04-30 20:00:00+00:00,30726.9,11.61,9.37,0.0,90.7
2023-04-30 21:00:00+00:00,28229.9,10.79,9.38,0.0,61.42
2023-04-30 22:00:00+00:00,25842.0,8.94,9.44,0.0,64.53
2023-04-30 23:00:00+00:00,23541.2,8.71,9.71,0.0,39.16
2023-05-01 00:00:00+00:00,24982.3,8.36,10.72,0.0,50.1
2023-05-01 01:00:00+00:00,24293.0,8.18,10.73,0.0,12.8
2023-05-01 02:00:00+00:00,22965.8,9.08,10.39,0.0,22.02
2023-05-01 03:00:00+00:00,23240.1,8.49,10.52,0.0,27.86
2023-05-01 04:00:00+00:00,24425.7,6.88,10.34,0.0,46.08
2023-05-01 05:00:00+00:00,25888.1,6.61,10.17,0.0,36.94
2023-05-01 06:00:00+00:00,28243.5,7.47,8.63,0.0,97.87
2023-05-01 07:00:00+00:00,30988.0,8.18,8.96,154.9,91.31
2023-05-01 08:00:00+00:00,33278.0,8.24,9.78,142.2,101.93
2023-05-01 09:00:00+00:00,33964.9,8.25,10.44,193.8,100.13
2023-05-01 10:00:00+00:00,32936.6,8.93,11.01,436.2,64.49
2023-05-01 11:00:00+00:00,33377.3,9.02,10.77,405.1,53.95
2023-05-01 12:00:00+00:00,32031.4,10.09,10.69,590.4,48.8
2023-05-01 13:00:00+00:00,31211.1,10.44,11.44,636.8,26.99
2023-05-01 14:00:00+00:00,31979.0,10.49,11.89,404.2,48.48
2023-05-01 15:00:00+00:00,32303.6,10.27,12.81,240.0,68.17
2023-05-01 16:00:00+00:00,33390.7,10.47,12.0,313.5,59.62
2023-05-01 17:00:00+00:00,35855.7,10.32,11.22,113.3,92.51
2023-05-01 18:00:00+00:00,36934.8,10.1,10.74,0.0,125.45
2023-05-01 19:00:00+00:00,35513.5,9.7,9.82,0.0,104.12
2023-05-01 20:00:00+00:00,33286.7,9.05,8.65,0.0,102.19
2023-05-01 21:00:00+00:00,31027.0,7.77,8.93,0.0,89.35
2023-05-01 22:00:00+00:00,28573.9,6.68,9.15,0.0,80.11
2023-05-01 23:00:00+00:00,26887.3,5.85,9.23,0.0,71.03
2023-05-02 00:00:00+00:00,26122.7,6.74,9.4,0.0,51.59
2023-05-02 01:00:00+00:00,24861.8,5.56,8.13,0.0,40.76
2023-05-02 02:00:00+00:00,24634.6,5.13,7.7,0.0,71.26
2023-05-02 03:00:00+00:00,25030.3,5.21,7.44,0.0,39.76
2023-05-02 04:00:00+00:00,25560.4,5.24,7.45,0.0,69.42
2023-05-02 05:00:00+00:00,26898.5,6.31,6.29,0.0,79.2
2023-05-02 06:00:00+00:00,28681.3,6.7,5.6,0.0,96.7
2023-05-02 07:00:00+00:00,31631.7,7.28,5.33,167.5,104.28
2023-05-02 08:00:00+00:00,33304.7,8.59,6.24,157.6,104.64
2023-05-02 09:00:00+00:00,33368.4,10.53,6.48,292.3,95.55
2023-05-02 10:00:00+00:00,32873.6,12.2,7.31,263.3,94.38
2023-05-02 11:00:00+00:00,31495.3,12.87,7.19,582.5,63.07
2023-05-02 12:00:00+00:00,31138.3,13.48,7.19,360.5,46.48
2023-05-02 13:00:00+00:00,30398.2,14.01,7.57,520.8,55.56
2023-05-02 14:00:00+00:00,29703.9,14.42,7.4,501.2,62.39
2023-05-02 15:00:00+00:00,29755.8,14.03,6.89,299.9,64.72
2023-05-02 16:00:00+00:00,31527.0,14.52,5.73,294.8,93.82
2023-05-02 17:00:00+00:00,33467.8,14.36,5.33,104.0,126.97
2023-05-02 18:00:00+00:00,34389.0,13.87,6.06,0.0,126.72
2023-05-02 19:00:00+00:00,33895.8,12.5,7.1,0.0,118.49
2023-05-02 20:00:00+00:00,32476.8,11.85,6.49,0.0,98.46
2023-05-02 21:00:00+00:00,31185.9,9.97,5.16,0.0,110.53
2023-05-02 22:00:00+00:00,28840.7,8.9,5.97,0.0,97.95
2023-05-02 23:00:00+00:00,26844.2,7.92,6.08,0.0,76.06
2023-05-03 00:00:00+00:00,25425.6,7.68,5.07,0.0,73.49
2023-05-03 01:00:00+00:00,24632.9,8.41,2.74,0.0,90.4
2023-05-03 02:00:00+00:00,24057.3,8.49,2.2,0.0,88.23
2023-05-03 03:00:00+00:00,23366.7,9.28,2.07,0.0,85.84
2023-05-03 04:00:00+00:00,23529.0,9.77,1.42,0.0,69.99
2023-05-03 05:00:00+00:00,24636.2,10.73,2.24,0.0,92.13
2023-05-03 06:00:00+00:00,25892.1,12.29,1.84,0.0,81.56
2023-05-03 07:00:00+00:00,28649.1,12.41,2.11,99.6,102.81
2023-05-03 08:00:00+00:00,30725.6,12.61,4.21,169.8,120.95
2023-05-03 09:00:00+00:00,30988.8,13.75,4.44,230.6,103.18
2023-05-03 10:00:00+00:00,31179.7,14.48,4.48,551.3,78.63
2023-05-03 11:00:00+00:00,30897.7,15.29,4.53,314.0,82.1
2023-05-03 12:00:00+00:00,30083.9,15.72,5.18,432.9,88.95
2023-05-03 13:00:00+00:00,27918.4,15.8,5.7,361.7,65.97
2023-05-03 14:00:00+00:00,27959.8,17.04,4.98,452.9,37.24
2023-05-03 15:00:00+00:00,27970.7,16.43,4.76,291.9,66.48
2023-05-03 16:00:00+00:00,30238.1,16.7,4.35,194.3,98.86
2023-05-03 17:00:00+00:00,33499.4,16.67,4.26,172.6,115.47
2023-05-03 18:00:00+00:00,33909.3,15.19,5.82,0.0,134.99
2023-05-03 19:00:00+00:00,33133.1,14.05,6.37,0.0,105.29
2023-05-03 20:00:00+00:00,31852.8,12.92,6.34,0.0,110.8
2023-05-03 21:00:00+00:00,29994.1,12.48,7.34,0.0,86.19
2023-05-03 22:00:00+00:00,28028.4,11.48,7.47,0.0,81.54
2023-05-03 23:00:00+00:00,25483.2,10.71,6.17,0.0,66.24
2023-05-04 00:00:00+00:00,24933.3,9.34,7.51,0.0,61.78
2023-05-04 01:00:00+00:00,23445.9,10.29,7.36,0.0,68.15
2023-05-04 02:00:00+00:00,23483.4,10.02,5.58,0.0,47.11
2023-05-04 03:00:00+00:00,23501.3,10.2,4.4,0.0,89.97
2023-05-04 04:00:00+00:00,23542.9,9.95,5.41,0.0,98.95
2023-05-04 05:00:00+00:00,23876.0,9.85,4.25,0.0,67.39
2023-05-04 06:00:00+00:00,25070.5,11.47,5.45,0.0,87.13
2023-05-04 07:00:00+00:00,29166.1,10.91,5.59,94.5,99.12
2023-05-04 08:00:00+00:00,30663.9,11.8,6.22,257.0,91.73
2023-05-04 09:00:00+00:00,30659.8,11.84,6.05,297.2,74.38
2023-05-04 10:00:00+00:00,30036.9,12.39,6.51,435.3,56.39
2023-05-04 11:00:00+00:00,29966.3,12.76,6.78,574.7,49.14
2023-05-04 12:00:00+00:00,29886.8,12.82,6.76,560.7,50.28
2023-05-04 13:00:00+00:00,29964.7,13.37,5.94,568.2,46.61
2023-05-04 14:00:00+00:00,30045.8,12.18,6.28,294.3,69.44
2023-05-04 15:00:00+00:00,30495.6,12.18,4.89,202.3,104.18
2023-05-04 16:00:00+00:00,32247.6,12.12,5.72,315.7,107.4
2023-05-04 17:00:00+00:00,35365.9,11.1,5.94,118.8,114.58
2023-05-04 18:00:00+00:00,36745.8,11.65,6.36,0.0,162.65
2023-05-04 19:00:00+00:00,35768.2,10.76,4.34,0.0,128.9
2023-05-04 20:00:00+00:00,34570.2,9.99,3.6,0.0,128.25
2023-05-04 21:00:00+00:00,32707.4,8.95,3.37,0.0,111.26
2023-05-04 22:00:00+00:00,29499.3,8.23,4.08,0.0,89.0
2023-05-04 23:00:00+00:00,27114.3,8.39,3.49,0.0,107.36
2023-05-05 00:00:00+00:00,25830.0,9.46,5.66,0.0,71.72
2023-05-05 01:00:00+00:00,24409.9,9.46,5.52,0.0,68.28
2023-05-05 02:00:00+00:00,23603.3,9.83,4.8,0.0,64.16
2023-05-05 03:00:00+00:00,22534.0,10.75,4.76,0.0,48.14
2023-05-05 04:00:00+00:00,23431.7,10.96,4.13,0.0,52.53
2023-05-05 05:00:00+00:00,24757.6,12.17,3.35,0.0,59.71
2023-05-05 06:00:00+00:00,26495.1,13.05,4.32,0.0,83.98
2023-05-05 07:00:00+00:00,28999.9,13.68,4.86,123.8,94.11
2023-05-05 08:00:00+00:00,30942.6,14.53,5.37,150.9,87.19
2023-05-05 09:00:00+00:00,31965.3,14.13,6.45,378.3,57.8
2023-05-05 10:00:00+00:00,30647.8,15.04,6.85,589.8,64.32
2023-05-05 11:00:00+00:00,30679.8,14.78,6.03,397.6,84.16
2023-05-05 12:00:00+00:00,30639.6,14.41,6.63,609.3,40.62
2023-05-05 13:00:00+00:00,29767.9,15.01,5.77,651.4,39.04
2023-05-05 14:00:00+00:00,29089.1,14.64,5.46,584.9,61.21
2023-05-05 15:00:00+00:00,28940.3,14.76,5.5,412.7,45.31
2023-05-05 16:00:00+00:00,29407.6,14.77,5.46,317.4,60.81
2023-05-05 17:00:00+00:00,31906.1,14.6,4.13,108.9,126.34
2023-05-05 18:00:00+00:00,32623.0,13.59,3.52,0.0,121.89
2023-05-05 19:00:00+00:00,31334.1,13.54,3.68,0.0,119.02
2023-05-05 20:00:00+00:00,30101.8,12.78,3.37,0.0,101.09
2023-05-05 21:00:00+00:00,27946.3,12.28,4.43,0.0,105.72
2023-05-05 22:00:00+00:00,27040.9,10.8,5.57,0.0,81.79
2023-05-05 23:00:00+00:00,26570.0,9.99,4.77,0.0,94.28
2023-05-06 00:00:00+00:00,23140.7,10.19,4.92,0.0,57.37
2023-05-06 01:00:00+00:00,22100.7,10.31,6.27,0.0,37.68
2023-05-06 02:00:00+00:00,20960.3,9.52,6.2,0.0,41.45
2023-05-06 03:00:00+00:00,20960.5,9.1,5.92,0.0,35.66
2023-05-06 04:00:00+00:00,20837.6,8.63,6.65,0.0,34.25
2023-05-06 05:00:00+00:00,21434.5,8.57,6.45,0.0,35.56
2023-05-06 06:00:00+00:00,23660.6,8.25,7.47,0.0,178.63
2023-05-06 07:00:00+00:00,26694.4,8.86,6.98,90.0,74.03
2023-05-06 08:00:00+00:00,28311.6,10.03,6.61,328.5,65.53
2023-05-06 09:00:00+00:00,28970.1,10.39,7.25,448.0,42.63
2023-05-06 10:00:00+00:00,28335.5,11.18,7.32,447.8,66.37
2023-05-06 11:00:00+00:00,28089.1,11.84,7.38,422.6,41.08
2023-05-06 12:00:00+00:00,27168.5,13.16,5.87,677.9,41.17
2023-05-06 13:00:00+00:00,26785.1,13.32,5.65,294.3,33.03
2023-05-06 14:00:00+00:00,26537.7,13.33,6.4,275.1,52.2
2023-05-06 15:00:00+00:00,26307.3,12.99,5.81,378.6,30.85
2023-05-06 16:00:00+00:00,28353.3,12.29,6.42,252.4,58.84
2023-05-06 17:00:00+00:00,31242.4,12.4,6.66,177.4,93.08
2023-05-06 18:00:00+00:00,32880.9,11.93,6.52,0.0,115.28
2023-05-06 19:00:00+00:00,31087.5,11.43,7.61,0.0,88.03
2023-05-06 20:00:00+00:00,28763.6,11.55,7.31,0.0,83.8
2023-05-06 21:00:00+00:00,26634.4,11.63,7.08,0.0,74.85
2023-05-06 22:00:00+00:00,25622.2,9.9,6.91,0.0,60.26
2023-05-06 23:00:00+00:00,24194.1,9.62,6.98,0.0,64.47
2023-05-07 00:00:00+00:00,22538.8,9.31,7.58,0.0,45.92
2023-05-07 01:00:00+00:00,21948.5,8.6,6.4,0.0,41.95
2023-05-07 02:00:00+00:00,21990.1,8.54,7.11,0.0,62.07
2023-05-07 03:00:00+00:00,22130.0,7.45,7.16,0.0,40.38
2023-05-07 04:00:00+00:00,21603.2,8.5,7.58,0.0,28.18
2023-05-07 05:00:00+00:00,22944.1,9.15,9.42,0.0,46.88
2023-05-07 06:00:00+00:00,25360.4,9.14,8.9,0.0,60.58
2023-05-07 07:00:00+00:00,28054.4,9.45,7.85,115.5,47.55
2023-05-07 08:00:00+00:00,30312.3,9.21,7.96,283.7,48.92
2023-05-07 09:00:00+00:00,30545.7,9.88,8.19,355.9,68.44
2023-05-07 10:00:00+00:00,30276.6,10.45,8.81,309.5,54.98
2023-05-07 11:00:00+00:00,30278.3,10.48,8.3,527.4,52.16
2023-05-07 12:00:00+00:00,29157.2,11.68,7.58,290.1,59.35
2023-05-07 13:00:00+00:00,27461.6,13.02,6.36,602.1,42.61
2023-05-07 14:00:00+00:00,27224.4,13.37,5.32,570.1,51.36
2023-05-07 15:00:00+00:00,28241.1,13.36,5.08,220.3,57.6
2023-05-07 16:00:00+00:00,28798.7,13.59,5.08,193.2,71.59
2023-05-07 17:00:00+00:00,31723.3,13.34,6.79,85.9,113.65
2023-05-07 18:00:00+00:00,33057.6,12.28,5.48,0.0,123.38
2023-05-07 19:00:00+00:00,31680.2,11.34,5.82,0.0,115.84
2023-05-07 20:00:00+00:00,29652.9,10.53,5.31,0.0,122.69
2023-05-07 21:00:00+00:00,28264.9,9.99,5.57,0.0,101.62
2023-05-07 22:00:00+00:00,26432.2,9.31,5.21,0.0,81.88
2023-05-07 23:00:00+00:00,24300.6,8.79,6.11,0.0,51.8
2023-05-08 00:00:00+00:00,25988.6,7.46,6.96,0.0,82.31
2023-05-08 01:00:00+00:00,25405.8,7.48,6.87,0.0,79.55
2023-05-08 02:00:00+00:00,25083.4,7.27,8.0,0.0,60.57
2023-05-08 03:00:00+00:00,23302.0,8.78,8.55,0.0,64.18
2023-05-08 04:00:00+00:00,23954.3,8.68,9.56,0.0,46.89
2023-05-08 05:00:00+00:00,24352.0,9.22,9.4,0.0,47.98
2023-05-08 06:00:00+00:00,26093.1,11.43,10.02,0.0,66.4
2023-05-08 07:00:00+00:00,28529.3,12.14,9.27,113.0,69.88
2023-05-08 08:00:00+00:00,30363.1,12.81,8.48,262.2,77.11
2023-05-08 09:00:00+00:00,30646.2,12.97,10.11,398.9,31.02
2023-05-08 10:00:00+00:00,29630.2,14.66,9.1,594.1,41.39
2023-05-08 11:00:00+00:00,29644.7,14.66,8.66,383.6,50.44
2023-05-08 12:00:00+00:00,29377.1,15.53,7.09,509.9,47.55
2023-05-08 13:00:00+00:00,29224.1,15.71,6.42,578.6,134.89
2023-05-08 14:00:00+00:00,28673.4,15.89,5.67,356.3,60.71
2023-05-08 15:00:00+00:00,28330.1,15.13,5.22,361.8,74.86
2023-05-08 16:00:00+00:00,30601.0,15.86,5.54,228.4,77.06
2023-05-08 17:00:00+00:00,33724.6,15.39,6.04,115.9,95.19
2023-05-08 18:00:00+00:00,34599.6,14.19,5.3,0.0,129.38
2023-05-08 19:00:00+00:00,33253.4,14.35,4.76,0.0,139.01
2023-05-08 20:00:00+00:00,31353.9,13.32,5.72,0.0,103.82
2023-05-08 21:00:00+00:00,30327.4,12.76,7.12,0.0,92.71
2023-05-08 22:00:00+00:00,27609.7,12.49,8.1,0.0,70.9
2023-05-08 23:00:00+00:00,25861.2,12.04,6.75,0.0,95.72
2023-05-09 00:00:00+00:00,24372.0,10.21,7.7,0.0,65.96
2023-05-09 01:00:00+00:00,24016.6,10.17,9.11,0.0,40.77
2023-05-09 02:00:00+00:00,23266.0,9.82,7.68,0.0,47.92
2023-05-09 03:00:00+00:00,23673.5,9.53,8.49,0.0,40.18
2023-05-09 04:00:00+00:00,23545.7,9.58,8.59,0.0,65.36
2023-05-09 05:00:00+00:00,24932.2,8.93,8.26,0.0,41.49
2023-05-09 06:00:00+00:00,26725.6,9.57,8.28,0.0,57.73
2023-05-09 07:00:00+00:00,29424.6,9.41,8.56,150.0,80.26
2023-05-09 08:00:00+00:00,30990.9,10.03,9.39,259.6,85.44
2023-05-09 09:00:00+00:00,31304.5,10.97,10.13,249.0,66.87
2023-05-09 10:00:00+00:00,30694.9,12.45,8.8,449.6,53.39
2023-05-09 11:00:00+00:00,29733.7,12.72,8.2,298.2,64.88
2023-05-09 12:00:00+00:00,29212.4,14.27,8.21,449.4,51.18
2023-05-09 13:00:00+00:00,27620.3,15.34,9.38,561.0,47.54
2023-05-09 14:00:00+00:00,27476.8,15.39,7.13,453.0,49.98
2023-05-09 15:00:00+00:00,27401.0,14.85,6.65,401.9,47.76
2023-05-09 16:00:00+00:00,30324.5,13.91,5.47,165.7,96.34
2023-05-09 17:00:00+00:00,33518.0,13.84,4.48,156.2,126.93
2023-05-09 18:00:00+00:00,35070.3,12.97,5.37,0.0,123.82
2023-05-09 19:00:00+00:00,33286.2,13.14,5.04,0.0,126.94
2023-05-09 20:00:00+00:00,31303.2,12.05,3.31,0.0,122.05
2023-05-09 21:00:00+00:00,29665.5,10.78,3.37,0.0,100.15
2023-05-09 22:00:00+00:00,27556.7,10.22,5.15,0.0,85.19
2023-05-09 23:00:00+00:00,26466.7,9.14,3.83,0.0,85.19
2023-05-10 00:00:00+00:00,25628.7,8.73,4.4,0.0,76.9
2023-05-10 01:00:00+00:00,23425.0,8.91,5.76,0.0,80.04
2023-05-10 02:00:00+00:00,23361.6,8.73,5.78,0.0,61.02
2023-05-10 03:00:00+00:00,23305.5,8.75,7.35,0.0,55.49
2023-05-10 04:00:00+00:00,23178.5,9.01,6.82,0.0,60.7
2023-05-10 05:00:00+00:00,24292.6,8.34,7.96,0.0,54.0
2023-05-10 06:00:00+00:00,26584.8,9.12,8.85,0.0,59.11
2023-05-10 07:00:00+00:00,29494.0,9.89,8.74,171.7,84.19
2023-05-10 08:00:00+00:00,30381.3,11.2,7.49,152.8,97.7
2023-05-10 09:00:00+00:00,30725.6,12.38,6.68,434.4,77.94
2023-05-10 10:00:00+00:00,30677.2,13.06,4.86,370.5,81.88
2023-05-10 11:00:00+00:00,30327.5,14.43,5.43,366.8,81.58
2023-05-10 12:00:00+00:00,29795.9,14.88,5.88,455.5,57.93
2023-05-10 13:00:00+00:00,28240.4,15.52,6.0,654.6,42.75
2023-05-10 14:00:00+00:00,28238.2,15.64,5.95,393.1,49.05
2023-05-10 15:00:00+00:00,27902.3,16.03,7.07,273.9,69.34
2023-05-10 16:00:00+00:00,29571.8,15.71,7.3,253.8,88.05
2023-05-10 17:00:00+00:00,31642.1,16.41,6.85,118.7,84.88
2023-05-10 18:00:00+00:00,33108.4,17.12,6.97,0.0,130.39
2023-05-10 19:00:00+00:00,31350.4,16.97,8.57,0.0,99.91
2023-05-10 20:00:00+00:00,29982.5,17.1,8.98,0.0,75.45
2023-05-10 21:00:00+00:00,27497.4,15.31,8.58,0.0,73.06
2023-05-10 22:00:00+00:00,24931.2,13.61,8.46,0.0,71.1
2023-05-10 23:00:00+00:00,23688.4,12.66,8.75,0.0,59.08
2023-05-11 00:00:00+00:00,22393.6,12.16,8.34,0.0,53.26
2023-05-11 01:00:00+00:00,22393.2,11.53,7.87,0.0,39.96
2023-05-11 02:00:00+00:00,22162.4,10.22,7.82,0.0,33.2
2023-05-11 03:00:00+00:00,22359.0,10.82,8.97,0.0,37.54
2023-05-11 04:00:00+00:00,22055.7,12.2,9.49,0.0,34.14
2023-05-11 05:00:00+00:00,23104.8,13.21,9.04,0.0,39.48
2023-05-11 06:00:00+00:00,24894.0,14.26,9.62,0.0,43.14
2023-05-11 07:00:00+00:00,28780.8,14.93,9.49,78.4,57.49
2023-05-11 08:00:00+00:00,29878.5,15.05,9.64,145.8,75.65
2023-05-11 09:00:00+00:00,29081.7,15.8,9.71,373.1,39.96
2023-05-11 10:00:00+00:00,29454.9,17.76,7.92,573.5,52.54
2023-05-11 11:00:00+00:00,28875.1,18.16,5.49,543.9,53.26
2023-05-11 12:00:00+00:00,28904.4,18.41,5.74,288.0,72.52
2023-05-11 13:00:00+00:00,28444.8,19.46,5.14,540.0,44.06
2023-05-11 14:00:00+00:00,28050.0,20.36,3.95,376.7,75.66
2023-05-11 15:00:00+00:00,28329.3,19.83,3.46,239.0,83.12
2023-05-11 16:00:00+00:00,30480.0,19.46,4.36,316.7,77.57
2023-05-11 17:00:00+00:00,32813.8,18.76,4.77,137.9,110.7
2023-05-11 18:00:00+00:00,33754.7,18.24,5.49,0.0,116.07
2023-05-11 19:00:00+00:00,32132.1,18.2,5.92,0.0,96.88
2023-05-11 20:00:00+00:00,30890.9,16.89,5.25,0.0,116.32
2023-05-11 21:00:00+00:00,29334.4,16.68,5.95,0.0,84.2
2023-05-11 22:00:00+00:00,26117.3,15.87,6.46,0.0,78.16
2023-05-11 23:00:00+00:00,24327.4,16.44,6.39,0.0,86.09
2023-05-12 00:00:00+00:00,22767.7,15.99,6.47,0.0,44.06
2023-05-12 01:00:00+00:00,21086.2,15.32,7.12,0.0,44.54
2023-05-12 02:00:00+00:00,19222.0,15.23,6.52,0.0,27.83
2023-05-12 03:00:00+00:00,19286.2,14.78,7.4,0.0,30.04
2023-05-12 04:00:00+00:00,20266.1,13.68,7.82,0.0,13.43
2023-05-12 05:00:00+00:00,22372.9,13.74,7.78,0.0,48.09
2023-05-12 06:00:00+00:00,25288.4,13.97,8.94,0.0,56.28
2023-05-12 07:00:00+00:00,28679.9,13.56,7.83,108.3,97.89
2023-05-12 08:00:00+00:00,30538.2,14.19,7.43,347.0,49.47
2023-05-12 09:00:00+00:00,31621.6,13.68,6.87,245.8,81.85
2023-05-12 10:00:00+00:00,31476.6,14.24,7.16,612.4,62.44
2023-05-12 11:00:00+00:00,31345.5,15.11,8.08,602.9,61.62
2023-05-12 12:00:00+00:00,30217.4,15.78,7.25,544.1,53.49
2023-05-12 13:00:00+00:00,29306.9,16.0,9.83,330.5,63.39
2023-05-12 14:00:00+00:00,28695.0,16.25,9.17,459.2,42.02
2023-05-12 15:00:00+00:00,28780.1,15.89,9.34,229.9,58.81
2023-05-12 16:00:00+00:00,30588.2,15.81,9.23,344.4,43.36
2023-05-12 17:00:00+00:00,33797.5,15.56,9.15,106.2,103.34
2023-05-12 18:00:00+00:00,35182.3,14.55,8.42,0.0,132.54
2023-05-12 19:00:00+00:00,34246.2,14.12,9.19,0.0,97.72
2023-05-12 20:00:00+00:00,32087.0,13.58,8.41,0.0,94.45
2023-05-12 21:00:00+00:00,30080.2,12.72,6.96,0.0,80.51
2023-05-12 22:00:00+00:00,27544.8,13.42,6.08,0.0,88.83
2023-05-12 23:00:00+00:00,26098.5,12.59,7.26,0.0,67.53
2023-05-13 00:00:00+00:00,22988.7,11.9,8.22,0.0,53.39
2023-05-13 01:00:00+00:00,22944.7,11.16,6.59,0.0,53.05
2023-05-13 02:00:00+00:00,22601.2,10.27,7.25,0.0,47.25
2023-05-13 03:00:00+00:00,21496.6,10.59,5.69,0.0,49.4
2023-05-13 04:00:00+00:00,21406.0,10.28,5.73,0.0,50.93
2023-05-13 05:00:00+00:00,22906.0,10.25,4.85,0.0,63.22
2023-05-13 06:00:00+00:00,25435.3,10.43,5.65,0.0,78.07
2023-05-13 07:00:00+00:00,28665.7,10.49,6.15,102.7,97.38
2023-05-13 08:00:00+00:00,30568.8,10.21,6.96,246.7,89.54
2023-05-13 09:00:00+00:00,30244.9,10.78,6.73,325.4,90.97
2023-05-13 10:00:00+00:00,30314.6,12.16,6.6,413.4,56.54
2023-05-13 11:00:00+00:00,30059.3,13.07,5.45,279.0,75.03
2023-05-13 12:00:00+00:00,28678.3,14.69,4.72,588.9,67.02
2023-05-13 13:00:00+00:00,27924.8,15.64,5.57,298.6,57.57
2023-05-13 14:00:00+00:00,27515.7,16.27,5.93,327.6,77.4
2023-05-13 15:00:00+00:00,27477.6,17.51,6.07,450.3,46.31
2023-05-13 16:00:00+00:00,28652.6,17.32,7.1,357.6,58.11
2023-05-13 17:00:00+00:00,31332.8,17.03,6.08,185.9,89.79
2023-05-13 18:00:00+00:00,31527.1,16.52,6.69,0.0,104.89
2023-05-13 19:00:00+00:00,29865.9,16.8,5.78,0.0,116.28
2023-05-13 20:00:00+00:00,28675.3,16.03,7.0,0.0,99.16
2023-05-13 21:00:00+00:00,26791.9,14.81,7.42,0.0,91.96
2023-05-13 22:00:00+00:00,24668.0,14.35,8.16,0.0,78.5
2023-05-13 23:00:00+00:00,23122.6,13.09,7.55,0.0,45.1
2023-05-14 00:00:00+00:00,21252.7,12.88,9.23,0.0,19.27
2023-05-14 01:00:00+00:00,20444.0,12.61,10.68,0.0,18.34
2023-05-14 02:00:00+00:00,20288.2,12.15,10.83,0.0,18.2
2023-05-14 03:00:00+00:00,20262.2,12.35,11.56,0.0,-3.87
2023-05-14 04:00:00+00:00,20626.5,11.51,11.1,0.0,23.49
2023-05-14 05:00:00+00:00,21472.4,11.88,9.9,0.0,16.67
2023-05-14 06:00:00+00:00,24076.3,12.06,10.38,0.0,-12.79
2023-05-14 07:00:00+00:00,25588.1,14.38,9.49,120.2,52.77
2023-05-14 08:00:00+00:00,27599.7,15.13,10.39,172.7,53.51
2023-05-14 09:00:00+00:00,28119.7,15.48,11.04,500.8,25.5
2023-05-14 10:00:00+00:00,28259.8,15.38,11.02,304.7,42.23
2023-05-14 11:00:00+00:00,28978.4,16.85,10.96,330.0,49.19
2023-05-14 12:00:00+00:00,28332.5,17.22,11.54,489.7,18.11
2023-05-14 13:00:00+00:00,27640.8,17.17,11.52,508.4,21.99
2023-05-14 14:00:00+00:00,27218.3,17.65,10.98,521.9,18.08
2023-05-14 15:00:00+00:00,26516.2,18.11,9.6,318.6,37.4
2023-05-14 16:00:00+00:00,28680.3,18.34,10.22,340.5,55.66
2023-05-14 17:00:00+00:00,30044.3,18.0,10.34,142.6,68.7
2023-05-14 18:00:00+00:00,31508.4,17.57,12.33,0.0,88.39
2023-05-14 19:00:00+00:00,29807.6,17.03,11.99,0.0,60.84
2023-05-14 20:00:00+00:00,27526.0,16.46,11.98,0.0,51.24
2023-05-14 21:00:00+00:00,25595.6,15.87,11.98,0.0,25.34
2023-05-14 22:00:00+00:00,22751.9,15.69,12.24,0.0,12.46
2023-05-14 23:00:00+00:00,21175.8,14.91,11.22,0.0,14.38
2023-05-15 00:00:00+00:00,22293.4,13.84,10.95,0.0,31.04
2023-05-15 01:00:00+00:00,21013.4,13.21,11.4,0.0,11.19
2023-05-15 02:00:00+00:00,20605.4,13.31,10.92,0.0,5.43
2023-05-15 03:00:00+00:00,21609.4,12.06,11.34,0.0,23.52
2023-05-15 04:00:00+00:00,22729.7,11.05,11.2,0.0,10.9
2023-05-15 05:00:00+00:00,23389.6,11.9,11.31,0.0,14.66
2023-05-15 06:00:00+00:00,25265.9,13.27,11.99,0.0,30.32
2023-05-15 07:00:00+00:00,28162.7,13.08,11.56,83.4,56.15
2023-05-15 08:00:00+00:00,29241.7,13.84,10.2,187.3,49.84
2023-05-15 09:00:00+00:00,29367.6,14.35,9.83,326.9,52.21
2023-05-15 10:00:00+00:00,29505.2,14.96,9.04,342.1,62.72
2023-05-15 11:00:00+00:00,29034.6,15.85,7.28,348.9,66.15
2023-05-15 12:00:00+00:00,28912.4,15.68,7.18,717.8,51.95
2023-05-15 13:00:00+00:00,28022.6,15.5,7.33,605.9,38.23
2023-05-15 14:00:00+00:00,28306.4,15.65,8.11,529.1,53.85
2023-05-15 15:00:00+00:00,29004.7,15.69,7.16,494.9,57.61
2023-05-15 16:00:00+00:00,31556.3,14.95,7.23,186.8,84.6
2023-05-15 17:00:00+00:00,34433.8,15.17,8.1,176.3,92.23
2023-05-15 18:00:00+00:00,34900.8,14.48,7.59,0.0,121.68
2023-05-15 19:00:00+00:00,33241.0,13.65,7.98,0.0,95.01
2023-05-15 20:00:00+00:00,31497.2,13.15,9.18,0.0,88.88
2023-05-15 21:00:00+00:00,29280.1,12.34,7.62,0.0,84.73
2023-05-15 22:00:00+00:00,27132.0,12.1,7.8,0.0,84.12
2023-05-15 23:00:00+00:00,25679.2,10.85,8.67,0.0,51.81
2023-05-16 00:00:00+00:00,25435.8,9.55,8.31,0.0,63.8
2023-05-16 01:00:00+00:00,24846.3,8.96,9.33,0.0,40.62
2023-05-16 02:00:00+00:00,24063.7,8.76,9.71,0.0,52.26
2023-05-16 03:00:00+00:00,23169.7,7.98,10.96,0.0,46.63
2023-05-16 04:00:00+00:00,24279.7,7.34,11.21,0.0,28.45
2023-05-16 05:00:00+00:00,25005.5,7.86,12.45,0.0,35.86
2023-05-16 06:00:00+00:00,27400.6,7.99,12.41,0.0,74.9
2023-05-16 07:00:00+00:00,30435.6,7.85,11.07,79.0,61.37
2023-05-16 08:00:00+00:00,31909.6,9.29,10.38,179.2,59.61
2023-05-16 09:00:00+00:00,32038.6,9.8,11.0,508.5,50.09
2023-05-16 10:00:00+00:00,30990.4,11.39,11.59,425.6,33.71
2023-05-16 11:00:00+00:00,30587.6,12.23,11.11,679.8,29.92
2023-05-16 12:00:00+00:00,30424.8,13.13,12.32,376.8,49.23
2023-05-16 13:00:00+00:00,29612.7,13.56,11.78,435.6,24.11
2023-05-16 14:00:00+00:00,29732.4,12.36,11.9,509.7,14.36
2023-05-16 15:00:00+00:00,29694.3,11.91,11.99,515.3,38.18
2023-05-16 16:00:00+00:00,31864.0,11.88,10.7,300.6,80.7
2023-05-16 17:00:00+00:00,34558.4,11.95,10.43,178.6,86.73
2023-05-16 18:00:00+00:00,35939.4,10.54,12.12,0.0,115.64
2023-05-16 19:00:00+00:00,34189.8,10.05,11.14,0.0,114.24
2023-05-16 20:00:00+00:00,32686.6,8.81,11.43,0.0,93.16
2023-05-16 21:00:00+00:00,30900.7,8.35,10.3,0.0,82.79
2023-05-16 22:00:00+00:00,28755.4,7.73,9.41,0.0,80.13
2023-05-16 23:00:00+00:00,26545.0,7.62,8.18,0.0,75.4
2023-05-17 00:00:00+00:00,25476.1,7.9,8.86,0.0,34.18
2023-05-17 01:00:00+00:00,24456.5,7.82,8.08,0.0,53.52
2023-05-17 02:00:00+00:00,23967.9,8.14,9.02,0.0,33.61
2023-05-17 03:00:00+00:00,23690.8,7.92,8.5,0.0,38.79
2023-05-17 04:00:00+00:00,23862.2,9.81,8.53,0.0,51.93
2023-05-17 05:00:00+00:00,25104.3,9.42,8.77,0.0,53.88
2023-05-17 06:00:00+00:00,27963.6,9.64,7.42,0.0,79.64
2023-05-17 07:00:00+00:00,30403.1,10.87,7.56,151.7,80.97
2023-05-17 08:00:00+00:00,31041.6,12.09,7.8,184.1,80.58
2023-05-17 09:00:00+00:00,31562.8,13.2,8.66,443.4,62.17
2023-05-17 10:00:00+00:00,30836.8,14.4,7.82,454.8,77.26
2023-05-17 11:00:00+00:00,30482.3,13.89,7.14,432.6,71.24
2023-05-17 12:00:00+00:00,30226.9,15.51,7.65,566.2,41.5
2023-05-17 13:00:00+00:00,28971.1,15.89,8.72,458.7,40.87
2023-05-17 14:00:00+00:00,27920.4,16.96,8.17,286.8,61.18
2023-05-17 15:00:00+00:00,28309.6,15.84,7.15,305.0,58.19
2023-05-17 16:00:00+00:00,30415.1,15.92,6.89,263.3,83.02
2023-05-17 17:00:00+00:00,33314.3,15.32,6.11,88.2,111.92
2023-05-17 18:00:00+00:00,34288.5,15.22,6.46,0.0,124.52
2023-05-17 19:00:00+00:00,31838.4,14.82,5.65,0.0,124.88
2023-05-17 20:00:00+00:00,29682.7,14.34,6.47,0.0,98.73
2023-05-17 21:00:00+00:00,27792.7,12.94,6.67,0.0,101.69
2023-05-17 22:00:00+00:00,25149.9,12.16,7.47,0.0,55.53
2023-05-17 23:00:00+00:00,23994.4,11.36,5.55,0.0,56.41
2023-05-18 00:00:00+00:00,23438.6,11.19,4.25,0.0,73.25
2023-05-18 01:00:00+00:00,22855.3,11.33,5.4,0.0,57.41
2023-05-18 02:00:00+00:00,22655.2,11.13,4.91,0.0,62.3
2023-05-18 03:00:00+00:00,22467.3,10.27,3.87,0.0,69.06
2023-05-18 04:00:00+00:00,23259.1,10.46,3.87,0.0,57.32
2023-05-18 05:00:00+00:00,23611.2,12.35,4.22,0.0,48.68
2023-05-18 06:00:00+00:00,25482.1,13.79,4.23,0.0,88.82
2023-05-18 07:00:00+00:00,28633.5,12.57,4.74,125.1,74.44
2023-05-18 08:00:00+00:00,30082.5,13.34,5.11,193.5,85.44
2023-05-18 09:00:00+00:00,30046.6,14.67,5.42,350.5,75.59
2023-05-18 10:00:00+00:00,29388.3,15.33,6.56,415.0,61.78
2023-05-18 11:00:00+00:00,29569.0,15.76,6.57,553.5,61.48
2023-05-18 12:00:00+00:00,29442.4,16.22,6.55,700.5,49.04
2023-05-18 13:00:00+00:00,29263.4,17.03,7.2,387.7,62.7
2023-05-18 14:00:00+00:00,28625.7,16.63,7.63,293.5,66.68
2023-05-18 15:00:00+00:00,29289.7,17.46,6.89,434.0,48.56
2023-05-18 16:00:00+00:00,30357.6,17.31,6.82,148.1,78.69
2023-05-18 17:00:00+00:00,33121.4,16.44,7.17,168.0,135.42
2023-05-18 18:00:00+00:00,34373.0,16.65,6.71,0.0,123.1
2023-05-18 19:00:00+00:00,32382.8,15.09,6.3,0.0,120.63
2023-05-18 20:00:00+00:00,31220.9,14.05,5.25,0.0,99.05
2023-05-18 21:00:00+00:00,30197.3,12.96,3.08,0.0,123.44
2023-05-18 22:00:00+00:00,27158.7,13.5,2.98,0.0,95.85
2023-05-18 23:00:00+00:00,26357.3,12.37,3.28,0.0,86.63
2023-05-19 00:00:00+00:00,24871.7,10.58,2.61,0.0,104.25
2023-05-19 01:00:00+00:00,23899.9,9.8,3.91,0.0,89.24
2023-05-19 02:00:00+00:00,22119.3,9.83,3.25,0.0,66.45
2023-05-19 03:00:00+00:00,22321.1,10.24,4.15,0.0,65.54
2023-05-19 04:00:00+00:00,21472.0,11.74,4.62,0.0,51.65
2023-05-19 05:00:00+00:00,21588.5,12.87,6.44,0.0,34.89
2023-05-19 06:00:00+00:00,24251.9,13.43,6.89,0.0,60.8
2023-05-19 07:00:00+00:00,27960.9,13.47,5.76,108.3,82.86
2023-05-19 08:00:00+00:00,29114.6,15.15,6.65,284.5,80.35
2023-05-19 09:00:00+00:00,29904.7,15.66,7.99,474.7,59.59
2023-05-19 10:00:00+00:00,30788.3,16.0,6.56,265.5,71.88
2023-05-19 11:00:00+00:00,29974.5,16.44,7.08,386.8,44.9
2023-05-19 12:00:00+00:00,29249.6,16.29,7.75,599.6,38.9
2023-05-19 13:00:00+00:00,29239.8,16.49,7.55,591.8,30.84
2023-05-19 14:00:00+00:00,29024.4,16.66,5.62,371.3,67.61
2023-05-19 15:00:00+00:00,29932.4,17.22,5.46,300.6,84.55
2023-05-19 16:00:00+00:00,30994.4,16.88,5.08,315.3,90.71
2023-05-19 17:00:00+00:00,32582.2,15.83,6.38,141.4,98.03
2023-05-19 18:00:00+00:00,33210.7,14.42,6.34,0.0,120.79
2023-05-19 19:00:00+00:00,32447.9,13.99,6.05,0.0,127.69
2023-05-19 20:00:00+00:00,31265.3,13.36,5.64,0.0,112.86
2023-05-19 21:00:00+00:00,30052.5,12.3,5.96,0.0,103.5
2023-05-19 22:00:00+00:00,28187.8,11.3,6.06,0.0,82.74
2023-05-19 23:00:00+00:00,26987.9,10.88,5.49,0.0,85.67
2023-05-20 00:00:00+00:00,22955.3,11.26,5.77,0.0,73.58
2023-05-20 01:00:00+00:00,21093.8,10.35,5.39,0.0,48.59
2023-05-20 02:00:00+00:00,19929.7,10.15,3.45,0.0,49.52
2023-05-20 03:00:00+00:00,18995.4,10.66,4.15,0.0,55.54
2023-05-20 04:00:00+00:00,18856.9,10.32,4.74,0.0,37.77
2023-05-20 05:00:00+00:00,19737.1,10.64,5.01,0.0,49.22
2023-05-20 06:00:00+00:00,21990.4,11.13,4.76,0.0,60.26
2023-05-20 07:00:00+00:00,25761.0,11.0,4.82,147.2,75.07
2023-05-20 08:00:00+00:00,27662.1,11.88,5.57,343.0,71.53
2023-05-20 09:00:00+00:00,28835.2,12.73,5.14,334.7,85.84
2023-05-20 10:00:00+00:00,27874.1,13.89,5.91,601.0,54.63
2023-05-20 11:00:00+00:00,27864.6,13.94,4.81,474.8,73.57
2023-05-20 12:00:00+00:00,27975.7,14.62,5.05,565.5,49.33
2023-05-20 13:00:00+00:00,26947.3,15.98,5.17,362.1,47.63
2023-05-20 14:00:00+00:00,26449.0,17.56,6.04,451.6,43.94
2023-05-20 15:00:00+00:00,27412.5,18.42,5.37,319.4,93.2
2023-05-20 16:00:00+00:00,28961.4,17.58,4.82,231.5,82.12
2023-05-20 17:00:00+00:00,31965.6,17.54,3.84,146.7,93.85
2023-05-20 18:00:00+00:00,32037.4,16.76,3.56,0.0,151.67
2023-05-20 19:00:00+00:00,31270.0,16.3,3.93,0.0,120.45
2023-05-20 20:00:00+00:00,29593.4,15.1,2.67,0.0,106.83
2023-05-20 21:00:00+00:00,27482.1,13.3,2.54,0.0,91.56
2023-05-20 22:00:00+00:00,25209.0,12.35,3.25,0.0,87.29
2023-05-20 23:00:00+00:00,22897.6,12.1,3.35,0.0,78.96
2023-05-21 00:00:00+00:00,21666.1,11.79,3.59,0.0,69.52
2023-05-21 01:00:00+00:00,19947.6,11.57,2.59,0.0,66.89
2023-05-21 02:00:00+00:00,18830.1,11.41,2.73,0.0,35.48
2023-05-21 03:00:00+00:00,18248.7,11.55,2.96,0.0,33.88
2023-05-21 04:00:00+00:00,19240.0,11.97,3.04,0.0,51.08
2023-05-21 05:00:00+00:00,19769.5,12.1,3.36,0.0,63.99
2023-05-21 06:00:00+00:00,22927.7,12.62,3.3,0.0,67.59
2023-05-21 07:00:00+00:00,25855.5,14.28,3.12,86.7,61.27
2023-05-21 08:00:00+00:00,28008.9,15.05,2.51,190.5,101.44
2023-05-21 09:00:00+00:00,28673.7,15.81,3.49,264.6,58.55
2023-05-21 10:00:00+00:00,29312.5,16.61,2.71,556.6,68.3
2023-05-21 11:00:00+00:00,28136.1,17.16,3.05,560.2,72.0
2023-05-21 12:00:00+00:00,28396.1,17.49,4.66,397.9,76.2
2023-05-21 13:00:00+00:00,28997.0,18.06,5.64,449.6,46.68
2023-05-21 14:00:00+00:00,28170.4,18.03,6.11,380.4,69.79
2023-05-21 15:00:00+00:00,28142.9,18.02,6.35,419.8,70.21
2023-05-21 16:00:00+00:00,29291.1,17.43,6.28,224.3,84.39
2023-05-21 17:00:00+00:00,31614.2,17.2,5.61,167.2,97.06
2023-05-21 18:00:00+00:00,32506.6,17.07,5.48,0.0,122.24
2023-05-21 19:00:00+00:00,29853.3,16.31,6.01,0.0,91.45
2023-05-21 20:00:00+00:00,28409.9,14.37,6.36,0.0,99.0
2023-05-21 21:00:00+00:00,27016.9,13.97,7.01,0.0,91.57
2023-05-21 22:00:00+00:00,24428.2,13.28,7.96,0.0,51.43
2023-05-21 23:00:00+00:00,22969.9,11.98,7.79,0.0,55.68
2023-05-22 00:00:00+00:00,24423.9,11.96,7.9,0.0,66.18
2023-05-22 01:00:00+00:00,23277.2,10.66,6.37,0.0,55.08
2023-05-22 02:00:00+00:00,22937.4,11.03,8.17,0.0,22.72
2023-05-22 03:00:00+00:00,22795.8,10.92,7.79,0.0,48.32
2023-05-22 04:00:00+00:00,24579.8,9.68,8.26,0.0,23.97
2023-05-22 05:00:00+00:00,25304.4,10.14,7.87,0.0,77.59
2023-05-22 06:00:00+00:00,27173.8,10.43,7.48,0.0,80.76
2023-05-22 07:00:00+00:00,30056.2,10.78,7.27,180.7,77.57
2023-05-22 08:00:00+00:00,31675.6,11.13,6.29,356.4,92.03
2023-05-22 09:00:00+00:00,32623.3,11.91,4.38,363.6,86.16
2023-05-22 10:00:00+00:00,32900.2,12.48,5.42,375.7,104.55
2023-05-22 11:00:00+00:00,32070.0,12.18,5.93,457.9,81.73
2023-05-22 12:00:00+00:00,30924.4,13.68,5.26,404.4,82.46
2023-05-22 13:00:00+00:00,29718.4,14.1,5.7,552.2,55.49
2023-05-22 14:00:00+00:00,28999.7,14.05,6.41,313.6,65.66
2023-05-22 15:00:00+00:00,28054.7,13.58,5.9,314.7,71.22
2023-05-22 16:00:00+00:00,30760.0,14.06,6.28,189.2,79.67
2023-05-22 17:00:00+00:00,33339.5,13.09,7.1,102.0,93.51
2023-05-22 18:00:00+00:00,34291.1,12.82,5.97,0.0,135.87
2023-05-22 19:00:00+00:00,34521.3,11.96,6.44,0.0,129.19
2023-05-22 20:00:00+00:00,32358.6,11.05,6.75,0.0,99.59
2023-05-22 21:00:00+00:00,30633.4,9.74,8.24,0.0,91.88
2023-05-22 22:00:00+00:00,28719.1,8.74,8.61,0.0,77.76
2023-05-22 23:00:00+00:00,27249.6,8.17,8.21,0.0,63.44
2023-05-23 00:00:00+00:00,25795.2,7.95,7.92,0.0,65.66
2023-05-23 01:00:00+00:00,25416.0,7.14,9.45,0.0,52.6
2023-05-23 02:00:00+00:00,24871.4,6.94,9.05,0.0,60.81
2023-05-23 03:00:00+00:00,24312.3,7.51,9.41,0.0,50.69
2023-05-23 04:00:00+00:00,24519.1,6.75,9.1,0.0,44.02
2023-05-23 05:00:00+00:00,25484.8,7.19,9.84,0.0,45.54
2023-05-23 06:00:00+00:00,28310.4,7.25,10.58,0.0,68.49
2023-05-23 07:00:00+00:00,31611.8,7.4,10.39,183.0,53.85
2023-05-23 08:00:00+00:00,32664.5,8.45,9.9,209.5,67.59
2023-05-23 09:00:00+00:00,32598.8,9.07,9.42,447.6,62.08
2023-05-23 10:00:00+00:00,32914.5,9.28,7.95,391.4,76.49
2023-05-23 11:00:00+00:00,32025.2,10.99,7.98,295.6,89.1
2023-05-23 12:00:00+00:00,31525.4,12.32,7.99,688.1,33.71
2023-05-23 13:00:00+00:00,30547.2,11.77,7.3,652.6,43.8
2023-05-23 14:00:00+00:00,30363.8,11.35,5.85,377.5,74.72
2023-05-23 15:00:00+00:00,30789.6,12.0,6.07,461.5,66.89
2023-05-23 16:00:00+00:00,32209.2,11.9,6.38,158.4,91.34
2023-05-23 17:00:00+00:00,35150.2,12.67,6.72,141.7,109.46
2023-05-23 18:00:00+00:00,36589.7,12.7,5.96,0.0,141.29
2023-05-23 19:00:00+00:00,34826.6,12.38,6.32,0.0,123.5
2023-05-23 20:00:00+00:00,32886.9,11.16,6.22,0.0,111.38
2023-05-23 21:00:00+00:00,30910.5,10.81,6.93,0.0,87.65
2023-05-23 22:00:00+00:00,28975.8,9.39,6.17,0.0,114.79
2023-05-23 23:00:00+00:00,27510.4,9.58,7.11,0.0,79.51
2023-05-24 00:00:00+00:00,25751.3,9.43,8.29,0.0,76.91
2023-05-24 01:00:00+00:00,24395.5,8.56,8.31,0.0,50.06
2023-05-24 02:00:00+00:00,23807.5,8.85,8.56,0.0,49.2
2023-05-24 03:00:00+00:00,23199.7,10.19,9.1,0.0,46.53
2023-05-24 04:00:00+00:00,23412.4,10.21,8.19,0.0,46.41
2023-05-24 05:00:00+00:00,24709.1,10.89,7.75,0.0,58.99
2023-05-24 06:00:00+00:00,27508.0,11.15,7.86,0.0,76.36
2023-05-24 07:00:00+00:00,30353.1,11.87,9.4,194.3,66.59
2023-05-24 08:00:00+00:00,32130.7,11.73,8.35,212.2,82.82
2023-05-24 09:00:00+00:00,32085.2,12.58,9.56,473.3,68.54
2023-05-24 10:00:00+00:00,31626.5,13.45,9.28,643.4,35.0
2023-05-24 11:00:00+00:00,29985.8,15.32,9.14,513.0,62.45
2023-05-24 12:00:00+00:00,29206.0,14.89,9.98,394.4,50.15
2023-05-24 13:00:00+00:00,29249.2,15.26,11.42,685.0,13.04
2023-05-24 14:00:00+00:00,29719.7,16.4,11.53,421.6,46.21
2023-05-24 15:00:00+00:00,29232.1,16.4,12.21,389.9,41.21
2023-05-24 16:00:00+00:00,31262.7,16.23,11.23,163.0,69.92
2023-05-24 17:00:00+00:00,32915.3,15.48,10.6,119.6,82.01
2023-05-24 18:00:00+00:00,34834.6,14.5,9.37,0.0,93.61
2023-05-24 19:00:00+00:00,33873.7,12.86,8.85,0.0,100.0
2023-05-24 20:00:00+00:00,33225.4,11.86,9.19,0.0,101.91
2023-05-24 21:00:00+00:00,31041.5,10.6,9.25,0.0,92.68
2023-05-24 22:00:00+00:00,28469.0,10.02,10.49,0.0,66.42
2023-05-24 23:00:00+00:00,27172.9,8.95,11.92,0.0,54.35
2023-05-25 00:00:00+00:00,26530.1,8.28,11.57,0.0,45.8
2023-05-25 01:00:00+00:00,25763.5,7.67,10.81,0.0,54.17
2023-05-25 02:00:00+00:00,25469.0,7.48,11.53,0.0,63.8
2023-05-25 03:00:00+00:00,24923.5,7.2,12.29,0.0,36.41
2023-05-25 04:00:00+00:00,25635.5,6.8,12.37,0.0,37.33
2023-05-25 05:00:00+00:00,27409.8,7.31,12.65,0.0,47.64
2023-05-25 06:00:00+00:00,29301.8,8.58,12.8,0.0,66.4
2023-05-25 07:00:00+00:00,31238.6,9.41,11.74,176.5,62.54
2023-05-25 08:00:00+00:00,32817.3,9.89,10.55,232.7,82.74
2023-05-25 09:00:00+00:00,31996.9,10.72,10.33,507.2,60.45
2023-05-25 10:00:00+00:00,32434.5,10.39,10.01,614.2,65.81
2023-05-25 11:00:00+00:00,31014.9,11.19,10.07,675.6,39.26
2023-05-25 12:00:00+00:00,30931.2,11.73,9.82,401.6,56.34
2023-05-25 13:00:00+00:00,30297.4,11.8,8.34,445.5,59.77
2023-05-25 14:00:00+00:00,30456.3,11.82,6.62,449.3,66.23
2023-05-25 15:00:00+00:00,30685.4,11.86,7.22,355.0,73.06
2023-05-25 16:00:00+00:00,32797.2,12.54,6.69,170.6,113.77
2023-05-25 17:00:00+00:00,35078.1,13.05,6.52,107.1,114.47
2023-05-25 18:00:00+00:00,36619.0,12.15,6.11,0.0,125.27
2023-05-25 19:00:00+00:00,34988.1,11.37,5.44,0.0,133.53
2023-05-25 20:00:00+00:00,32850.5,10.5,4.78,0.0,124.82
2023-05-25 21:00:00+00:00,30077.2,10.37,5.69,0.0,111.27
2023-05-25 22:00:00+00:00,27422.8,9.81,5.57,0.0,84.56
2023-05-25 23:00:00+00:00,26011.2,9.28,6.14,0.0,70.03
2023-05-26 00:00:00+00:00,24970.0,9.21,6.78,0.0,58.67
2023-05-26 01:00:00+00:00,24302.8,8.49,7.04,0.0,53.12
2023-05-26 02:00:00+00:00,23175.9,9.12,7.67,0.0,40.86
2023-05-26 03:00:00+00:00,23039.7,9.11,7.64,0.0,36.53
2023-05-26 04:00:00+00:00,24119.1,8.79,8.68,0.0,27.51
2023-05-26 05:00:00+00:00,25333.7,9.05,9.24,0.0,61.86
2023-05-26 06:00:00+00:00,27147.4,10.37,9.88,0.0,63.05
2023-05-26 07:00:00+00:00,30021.3,10.81,9.0,182.3,90.93
2023-05-26 08:00:00+00:00,31763.5,12.19,9.1,296.9,56.8
2023-05-26 09:00:00+00:00,32077.6,12.65,7.56,408.6,93.23
2023-05-26 10:00:00+00:00,31530.1,13.04,8.63,353.8,67.01
2023-05-26 11:00:00+00:00,30457.8,14.24,8.06,559.5,34.47
2023-05-26 12:00:00+00:00,29826.8,14.41,7.63,388.6,41.1
2023-05-26 13:00:00+00:00,28776.5,15.46,6.53,446.5,51.31
2023-05-26 14:00:00+00:00,28907.6,16.04,6.52,497.1,62.87
2023-05-26 15:00:00+00:00,29962.3,15.67,6.34,231.0,82.98
2023-05-26 16:00:00+00:00,31416.9,15.6,7.8,224.3,77.95
2023-05-26 17:00:00+00:00,33318.5,15.04,8.43,89.7,110.65
2023-05-26 18:00:00+00:00,33710.5,14.85,7.95,0.0,111.87
2023-05-26 19:00:00+00:00,33051.1,15.43,6.6,0.0,98.21
2023-05-26 20:00:00+00:00,31509.2,14.52,4.84,0.0,127.18
2023-05-26 21:00:00+00:00,29126.8,14.1,4.14,0.0,93.32
2023-05-26 22:00:00+00:00,27022.4,13.37,3.25,0.0,85.3
2023-05-26 23:00:00+00:00,26063.3,12.69,3.71,0.0,85.52
2023-05-27 00:00:00+00:00,22692.4,12.1,3.76,0.0,70.55
2023-05-27 01:00:00+00:00,22119.5,11.14,3.93,0.0,56.37
2023-05-27 02:00:00+00:00,21291.3,11.08,3.34,0.0,43.4
2023-05-27 03:00:00+00:00,20820.2,10.84,3.65,0.0,50.49
2023-05-27 04:00:00+00:00,20003.8,10.44,2.7,0.0,66.65
2023-05-27 05:00:00+00:00,20832.8,11.4,2.85,0.0,60.89
2023-05-27 06:00:00+00:00,22952.5,11.97,3.71,0.0,80.19
2023-05-27 07:00:00+00:00,26181.1,12.49,3.58,157.0,82.92
2023-05-27 08:00:00+00:00,27605.3,14.05,4.1,250.1,71.28
2023-05-27 09:00:00+00:00,28476.1,13.73,2.7,356.9,74.69
2023-05-27 10:00:00+00:00,28455.9,15.32,1.31,580.2,75.12
2023-05-27 11:00:00+00:00,27043.7,15.53,1.85,648.2,58.88
2023-05-27 12:00:00+00:00,26883.6,16.31,2.92,491.2,62.6
2023-05-27 13:00:00+00:00,25891.3,16.47,2.94,713.1,41.47
2023-05-27 14:00:00+00:00,25240.7,16.25,4.82,481.7,40.64
2023-05-27 15:00:00+00:00,25692.7,17.2,3.8,375.6,56.69
2023-05-27 16:00:00+00:00,27754.8,18.24,3.43,268.9,71.78
2023-05-27 17:00:00+00:00,30580.7,17.8,3.72,172.3,91.71
2023-05-27 18:00:00+00:00,31791.6,17.52,4.25,0.0,126.57
2023-05-27 19:00:00+00:00,29972.2,16.93,3.93,0.0,100.01
2023-05-27 20:00:00+00:00,27900.0,17.23,3.25,0.0,82.36
2023-05-27 21:00:00+00:00,26557.5,15.15,3.92,0.0,85.97
2023-05-27 22:00:00+00:00,24995.4,14.6,4.18,0.0,81.43
2023-05-27 23:00:00+00:00,23322.8,13.43,4.05,0.0,67.64
2023-05-28 00:00:00+00:00,22781.0,11.51,4.59,0.0,51.22
2023-05-28 01:00:00+00:00,21322.4,10.86,4.61,0.0,65.38
2023-05-28 02:00:00+00:00,20857.4,11.73,4.62,0.0,53.82
2023-05-28 03:00:00+00:00,21688.9,11.25,4.6,0.0,68.16
2023-05-28 04:00:00+00:00,21235.4,11.86,4.07,0.0,56.24
2023-05-28 05:00:00+00:00,22394.4,12.89,3.5,0.0,71.66
2023-05-28 06:00:00+00:00,24702.4,13.35,3.26,0.0,70.49
2023-05-28 07:00:00+00:00,27101.2,14.04,3.48,103.8,56.94
2023-05-28 08:00:00+00:00,28511.0,13.73,2.19,340.9,86.33
2023-05-28 09:00:00+00:00,29991.3,14.1,3.17,353.0,75.32
2023-05-28 10:00:00+00:00,29693.7,15.45,3.37,527.3,81.93
2023-05-28 11:00:00+00:00,29517.1,16.23,2.72,709.1,71.88
2023-05-28 12:00:00+00:00,28789.3,17.09,4.2,581.4,62.58
2023-05-28 13:00:00+00:00,27969.6,17.65,4.37,572.6,45.85
2023-05-28 14:00:00+00:00,26918.9,19.27,3.46,281.1,73.76
2023-05-28 15:00:00+00:00,27508.3,19.08,4.87,259.8,76.87
2023-05-28 16:00:00+00:00,29028.9,19.92,6.03,278.8,76.85
2023-05-28 17:00:00+00:00,30911.9,19.65,5.37,124.0,89.64
2023-05-28 18:00:00+00:00,31475.6,20.13,5.2,0.0,93.17
2023-05-28 19:00:00+00:00,31176.0,18.69,4.93,0.0,115.46
2023-05-28 20:00:00+00:00,28817.7,18.02,3.56,0.0,104.76
2023-05-28 21:00:00+00:00,26810.6,16.95,3.98,0.0,96.34
2023-05-28 22:00:00+00:00,23781.5,16.21,4.79,0.0,67.86
2023-05-28 23:00:00+00:00,21930.8,16.17,5.42,0.0,51.98
2023-05-29 00:00:00+00:00,22358.7,15.8,5.52,0.0,53.8
2023-05-29 01:00:00+00:00,21485.0,15.98,6.33,0.0,42.8
2023-05-29 02:00:00+00:00,20569.0,15.18,5.48,0.0,69.08
2023-05-29 03:00:00+00:00,20973.3,14.5,6.98,0.0,37.08
2023-05-29 04:00:00+00:00,20503.6,14.55,6.37,0.0,36.6
2023-05-29 05:00:00+00:00,21541.9,14.77,5.89,0.0,55.94
2023-05-29 06:00:00+00:00,24602.7,15.07,5.49,0.0,73.7
2023-05-29 07:00:00+00:00,28362.7,15.06,5.06,109.4,87.08
2023-05-29 08:00:00+00:00,30083.6,16.47,5.01,253.5,77.86
2023-05-29 09:00:00+00:00,30442.8,16.97,4.93,353.9,68.7
2023-05-29 10:00:00+00:00,30477.4,18.56,5.13,462.9,72.52
2023-05-29 11:00:00+00:00,31076.0,19.21,4.59,744.8,57.37
2023-05-29 12:00:00+00:00,30450.7,20.15,4.84,389.4,74.79
2023-05-29 13:00:00+00:00,29712.8,20.88,4.09,644.0,69.03
2023-05-29 14:00:00+00:00,28827.1,20.6,4.81,358.8,81.64
2023-05-29 15:00:00+00:00,28827.4,20.85,5.48,460.6,72.95
2023-05-29 16:00:00+00:00,30890.9,21.83,5.55,201.4,81.84
2023-05-29 17:00:00+00:00,33705.3,21.58,5.12,143.1,125.91
2023-05-29 18:00:00+00:00,34670.9,21.53,5.46,0.0,110.86
2023-05-29 19:00:00+00:00,33461.2,21.21,4.84,0.0,125.32
2023-05-29 20:00:00+00:00,30769.4,20.54,4.97,0.0,117.62
2023-05-29 21:00:00+00:00,28151.4,19.74,4.96,0.0,83.09
2023-05-29 22:00:00+00:00,26189.2,19.16,7.12,0.0,56.56
2023-05-29 23:00:00+00:00,24167.7,18.76,6.15,0.0,62.5
2023-05-30 00:00:00+00:00,22476.3,17.28,4.11,0.0,80.43
2023-05-30 01:00:00+00:00,21503.0,16.83,3.75,0.0,77.02
2023-05-30 02:00:00+00:00,21031.6,16.3,2.57,0.0,75.27
2023-05-30 03:00:00+00:00,20710.5,15.85,2.23,0.0,53.49
2023-05-30 04:00:00+00:00,21793.2,16.63,1.45,0.0,74.2
2023-05-30 05:00:00+00:00,23748.8,16.37,1.02,0.0,110.59
2023-05-30 06:00:00+00:00,26341.5,15.91,0.49,0.0,115.68
2023-05-30 07:00:00+00:00,29257.1,16.93,1.57,175.4,90.22
2023-05-30 08:00:00+00:00,31417.3,16.71,1.8,207.8,123.11
2023-05-30 09:00:00+00:00,31755.5,16.27,2.9,390.5,90.64
2023-05-30 10:00:00+00:00,31387.8,17.57,3.14,347.6,94.71
2023-05-30 11:00:00+00:00,30618.2,18.34,4.06,420.9,90.19
2023-05-30 12:00:00+00:00,29853.1,19.21,3.97,500.7,69.26
2023-05-30 13:00:00+00:00,29650.7,19.37,5.37,615.7,50.64
2023-05-30 14:00:00+00:00,28575.3,18.8,5.82,459.1,69.02
2023-05-30 15:00:00+00:00,28663.4,18.18,5.27,485.3,67.38
2023-05-30 16:00:00+00:00,30402.1,17.92,5.84,177.3,92.7
2023-05-30 17:00:00+00:00,32279.0,16.87,5.92,149.0,123.31
2023-05-30 18:00:00+00:00,33217.6,16.61,5.81,0.0,121.3
2023-05-30 19:00:00+00:00,31966.8,15.74,5.95,0.0,114.16
2023-05-30 20:00:00+00:00,30486.3,15.17,6.59,0.0,95.46
2023-05-30 21:00:00+00:00,28375.4,14.52,4.95,0.0,85.09
2023-05-30 22:00:00+00:00,26288.9,14.0,4.78,0.0,68.99
2023-05-30 23:00:00+00:00,24018.5,13.6,5.42,0.0,74.69
2023-05-31 00:00:00+00:00,22716.9,12.88,5.7,0.0,52.33
2023-05-31 01:00:00+00:00,21041.4,12.53,4.88,0.0,76.99
2023-05-31 02:00:00+00:00,21306.9,12.39,3.14,0.0,53.31
2023-05-31 03:00:00+00:00,21656.6,10.83,4.66,0.0,48.45
2023-05-31 04:00:00+00:00,22045.9,11.38,4.63,0.0,61.84
2023-05-31 05:00:00+00:00,23455.4,11.81,5.93,0.0,49.68
2023-05-31 06:00:00+00:00,25958.5,12.66,6.61,0.0,56.38
2023-05-31 07:00:00+00:00,29886.3,12.53,6.01,190.4,91.2
2023-05-31 08:00:00+00:00,31248.4,13.11,4.1,255.8,76.29
2023-05-31 09:00:00+00:00,31307.5,13.28,3.88,234.5,103.23
2023-05-31 10:00:00+00:00,31070.7,14.57,4.01,454.9,85.47
2023-05-31 11:00:00+00:00,31748.2,14.5,4.51,699.7,76.3
2023-05-31 12:00:00+00:00,30850.5,14.65,3.77,399.2,92.06
2023-05-31 13:00:00+00:00,29565.5,15.53,4.07,407.2,105.21
2023-05-31 14:00:00+00:00,28033.1,15.54,4.35,665.5,44.24
2023-05-31 15:00:00+00:00,27566.8,15.17,5.26,501.1,38.88
2023-05-31 16:00:00+00:00,30322.6,15.71,5.1,283.2,112.76
2023-05-31 17:00:00+00:00,32770.5,16.06,5.55,102.9,111.51
2023-05-31 18:00:00+00:00,33274.9,16.08,5.84,0.0,110.57
2023-05-31 19:00:00+00:00,31971.7,16.02,6.59,0.0,91.66
2023-05-31 20:00:00+00:00,31198.4,15.19,5.97,0.0,103.04
2023-05-31 21:00:00+00:00,29248.6,14.32,3.62,0.0,99.37
2023-05-31 22:00:00+00:00,28051.1,13.19,3.6,0.0,92.36
2023-05-31 23:00:00+00:00,25805.5,12.62,3.59,0.0,65.91
2023-06-01 00:00:00+00:00,25455.7,11.82,2.85,0.0,84.82
2023-06-01 01:00:00+00:00,24044.3,11.14,1.88,0.0,89.59
2023-06-01 02:00:00+00:00,22928.3,11.26,1.69,0.0,69.6
2023-06-01 03:00:00+00:00,21926.5,11.91,1.86,0.0,68.33
2023-06-01 04:00:00+00:00,22002.5,12.27,2.2,0.0,66.49
2023-06-01 05:00:00+00:00,23190.3,13.66,0.65,0.0,87.73
2023-06-01 06:00:00+00:00,25334.0,13.7,0.0,0.0,119.93
2023-06-01 07:00:00+00:00,29022.6,13.21,0.85,195.7,108.75
2023-06-01 08:00:00+00:00,29972.9,14.39,1.01,161.3,102.39
2023-06-01 09:00:00+00:00,30413.2,14.72,1.31,404.1,96.27
2023-06-01 10:00:00+00:00,30077.5,15.36,0.55,360.2,106.33
2023-06-01 11:00:00+00:00,30647.8,15.06,0.87,620.3,73.48
2023-06-01 12:00:00+00:00,30461.5,15.2,0.88,574.1,78.7
2023-06-01 13:00:00+00:00,29903.1,14.85,0.7,389.3,89.44
2023-06-01 14:00:00+00:00,29284.8,14.99,0.0,474.6,90.84
2023-06-01 15:00:00+00:00,29246.8,14.97,0.0,392.1,94.67
2023-06-01 16:00:00+00:00,30564.9,15.03,1.47,254.0,91.51
2023-06-01 17:00:00+00:00,33637.2,15.58,1.47,85.7,133.08
2023-06-01 18:00:00+00:00,33753.6,15.59,2.36,0.0,140.58
2023-06-01 19:00:00+00:00,32547.2,14.06,2.44,0.0,144.0
2023-06-01 20:00:00+00:00,31057.6,13.79,2.43,0.0,111.17
2023-06-01 21:00:00+00:00,28453.6,13.16,2.16,0.0,101.05
2023-06-01 22:00:00+00:00,26581.9,12.4,3.45,0.0,80.65
2023-06-01 23:00:00+00:00,24753.2,11.74,3.92,0.0,62.12
2023-06-02 00:00:00+00:00,23857.8,11.41,3.46,0.0,49.18
2023-06-02 01:00:00+00:00,23027.0,10.59,3.33,0.0,75.8
2023-06-02 02:00:00+00:00,21658.8,10.25,4.35,0.0,58.79
2023-06-02 03:00:00+00:00,21684.3,10.94,2.26,0.0,73.15
2023-06-02 04:00:00+00:00,21822.7,10.68,2.74,0.0,69.9
2023-06-02 05:00:00+00:00,23106.3,10.42,3.38,0.0,67.11
2023-06-02 06:00:00+00:00,25567.8,10.94,2.97,0.0,82.04
2023-06-02 07:00:00+00:00,28912.8,10.97,3.29,164.6,105.56
2023-06-02 08:00:00+00:00,31108.7,10.76,3.87,265.5,104.16
2023-06-02 09:00:00+00:00,31851.0,11.45,3.07,433.8,93.15
2023-06-02 10:00:00+00:00,30035.8,13.23,3.92,515.8,63.03
2023-06-02 11:00:00+00:00,29847.1,14.03,4.31,703.8,57.2
2023-06-02 12:00:00+00:00,29353.2,14.85,4.32,771.0,50.32
2023-06-02 13:00:00+00:00,28865.0,14.14,4.54,520.4,56.07
2023-06-02 14:00:00+00:00,28543.9,14.83,5.21,514.3,59.6
2023-06-02 15:00:00+00:00,29268.3,15.1,7.11,317.1,71.27
2023-06-02 16:00:00+00:00,30759.8,14.71,7.59,354.3,73.57
2023-06-02 17:00:00+00:00,33878.7,14.64,8.19,167.0,107.71
2023-06-02 18:00:00+00:00,35316.6,14.38,8.28,0.0,126.84
2023-06-02 19:00:00+00:00,34255.3,13.22,9.71,0.0,114.6
2023-06-02 20:00:00+00:00,31592.4,12.82,8.42,0.0,89.83
2023-06-02 21:00:00+00:00,30419.4,12.87,6.99,0.0,103.7
2023-06-02 22:00:00+00:00,28249.5,12.05,7.11,0.0,87.04
2023-06-02 23:00:00+00:00,26760.4,10.89,7.62,0.0,78.65
2023-06-03 00:00:00+00:00,23444.2,10.36,5.58,0.0,62.87
2023-06-03 01:00:00+00:00,22294.9,10.5,5.65,0.0,59.26
2023-06-03 02:00:00+00:00,22307.7,9.54,5.57,0.0,44.69
2023-06-03 03:00:00+00:00,21647.9,9.89,6.23,0.0,52.08
2023-06-03 04:00:00+00:00,21299.6,9.67,6.6,0.0,55.45
2023-06-03 05:00:00+00:00,22734.0,10.22,5.21,0.0,75.93
2023-06-03 06:00:00+00:00,24566.9,10.45,4.45,0.0,73.26
2023-06-03 07:00:00+00:00,26953.4,10.83,3.95,90.1,102.91
2023-06-03 08:00:00+00:00,28139.0,12.57,4.68,225.4,76.83
2023-06-03 09:00:00+00:00,28598.7,12.58,5.09,333.1,78.22
2023-06-03 10:00:00+00:00,28421.4,13.74,4.7,343.4,72.2
2023-06-03 11:00:00+00:00,27941.3,15.59,4.93,684.8,55.57
2023-06-03 12:00:00+00:00,27411.8,16.68,4.2,629.7,49.61
2023-06-03 13:00:00+00:00,26894.2,16.39,5.95,606.6,30.72
2023-06-03 14:00:00+00:00,26387.1,15.99,6.45,512.3,48.15
2023-06-03 15:00:00+00:00,27085.0,15.72,7.09,347.1,45.41
2023-06-03 16:00:00+00:00,29078.8,15.81,8.16,311.4,62.25
2023-06-03 17:00:00+00:00,31736.1,15.73,8.9,170.6,64.29
2023-06-03 18:00:00+00:00,32553.8,14.57,8.83,0.0,107.05
2023-06-03 19:00:00+00:00,31498.3,13.53,8.59,0.0,74.96
2023-06-03 20:00:00+00:00,29966.5,12.43,9.52,0.0,74.52
2023-06-03 21:00:00+00:00,28383.9,11.67,9.41,0.0,56.93
2023-06-03 22:00:00+00:00,25923.3,12.21,8.71,0.0,48.44
2023-06-03 23:00:00+00:00,24340.4,11.02,10.16,0.0,41.95
2023-06-04 00:00:00+00:00,22873.3,10.0,9.27,0.0,31.59
2023-06-04 01:00:00+00:00,22290.4,8.96,7.8,0.0,50.12
2023-06-04 02:00:00+00:00,21763.9,9.17,8.54,0.0,33.14
2023-06-04 03:00:00+00:00,20893.3,9.16,7.89,0.0,35.57
2023-06-04 04:00:00+00:00,21731.9,8.84,8.18,0.0,29.15
2023-06-04 05:00:00+00:00,22875.0,9.05,9.55,0.0,44.3
2023-06-04 06:00:00+00:00,25114.7,9.18,8.34,0.0,58.58
2023-06-04 07:00:00+00:00,27823.9,10.12,8.24,121.5,70.06
2023-06-04 08:00:00+00:00,29063.0,12.58,9.34,338.0,58.31
2023-06-04 09:00:00+00:00,29795.5,13.77,9.76,304.5,63.92
2023-06-04 10:00:00+00:00,29237.5,14.55,9.48,462.6,46.2
2023-06-04 11:00:00+00:00,28502.5,14.94,11.22,530.3,25.08
2023-06-04 12:00:00+00:00,28391.7,14.83,10.94,458.3,40.45
2023-06-04 13:00:00+00:00,26969.3,15.85,11.05,461.7,21.64
2023-06-04 14:00:00+00:00,27053.6,16.63,12.14,449.3,11.4
2023-06-04 15:00:00+00:00,26663.3,16.52,12.65,500.3,15.93
2023-06-04 16:00:00+00:00,27902.3,17.22,13.4,274.7,36.85
2023-06-04 17:00:00+00:00,31170.9,16.98,12.38,92.0,64.16
2023-06-04 18:00:00+00:00,31129.6,17.02,13.07,0.0,73.52
2023-06-04 19:00:00+00:00,30402.0,16.61,12.9,0.0,68.43
2023-06-04 20:00:00+00:00,29033.6,15.8,12.02,0.0,61.3
2023-06-04 21:00:00+00:00,27167.7,14.48,11.94,0.0,34.93
2023-06-04 22:00:00+00:00,25228.0,13.66,11.84,0.0,27.5
2023-06-04 23:00:00+00:00,22631.8,13.49,13.06,0.0,12.66
2023-06-05 00:00:00+00:00,23735.3,12.68,13.06,0.0,23.42
2023-06-05 01:00:00+00:00,22822.8,12.5,12.14,0.0,10.7
2023-06-05 02:00:00+00:00,22736.3,11.58,11.1,0.0,6.67
2023-06-05 03:00:00+00:00,22462.0,12.0,10.85,0.0,26.24
2023-06-05 04:00:00+00:00,22733.9,12.32,9.61,0.0,35.71
2023-06-05 05:00:00+00:00,24021.5,11.92,8.92,0.0,55.72
2023-06-05 06:00:00+00:00,25664.1,12.31,8.63,0.0,77.8
2023-06-05 07:00:00+00:00,28417.6,13.54,8.22,123.5,54.75
2023-06-05 08:00:00+00:00,29724.6,13.53,8.73,365.7,59.4
2023-06-05 09:00:00+00:00,30206.4,13.72,8.06,492.4,77.12
2023-06-05 10:00:00+00:00,30653.3,14.52,6.08,348.8,63.9
2023-06-05 11:00:00+00:00,29443.9,16.6,4.81,742.5,38.58
2023-06-05 12:00:00+00:00,29209.2,16.84,4.9,782.5,53.25
2023-06-05 13:00:00+00:00,29108.1,17.66,4.55,670.9,54.76
2023-06-05 14:00:00+00:00,29103.9,18.14,3.7,456.9,75.57
2023-06-05 15:00:00+00:00,29490.7,17.91,5.4,446.8,72.9
2023-06-05 16:00:00+00:00,30917.7,17.94,6.13,176.3,98.21
2023-06-05 17:00:00+00:00,33914.1,17.4,6.13,193.9,111.77
2023-06-05 18:00:00+00:00,34150.5,16.75,6.35,0.0,127.15
2023-06-05 19:00:00+00:00,32982.2,15.17,6.18,0.0,103.64
2023-06-05 20:00:00+00:00,31092.9,14.5,5.24,0.0,119.18
2023-06-05 21:00:00+00:00,28651.7,14.34,6.13,0.0,105.52
2023-06-05 22:00:00+00:00,26369.3,13.65,6.84,0.0,83.45
2023-06-05 23:00:00+00:00,25451.2,13.62,5.3,0.0,80.15
2023-06-06 00:00:00+00:00,23671.9,13.47,5.57,0.0,81.94
2023-06-06 01:00:00+00:00,21880.6,12.97,5.9,0.0,52.38
2023-06-06 02:00:00+00:00,21412.2,12.31,5.7,0.0,58.69
2023-06-06 03:00:00+00:00,21629.1,11.95,7.41,0.0,57.79
2023-06-06 04:00:00+00:00,22969.1,11.2,8.94,0.0,36.97
2023-06-06 05:00:00+00:00,24069.3,11.4,8.55,0.0,62.43
2023-06-06 06:00:00+00:00,25467.3,12.03,8.3,0.0,47.75
2023-06-06 07:00:00+00:00,27982.9,13.74,7.97,137.4,57.42
2023-06-06 08:00:00+00:00,29851.7,14.81,7.44,266.9,60.95
2023-06-06 09:00:00+00:00,30516.6,15.08,6.7,553.9,36.63
2023-06-06 10:00:00+00:00,30705.4,15.02,7.11,359.5,63.86
2023-06-06 11:00:00+00:00,29491.9,15.68,8.64,533.7,43.77
2023-06-06 12:00:00+00:00,28699.5,16.85,9.77,388.4,39.5
2023-06-06 13:00:00+00:00,28249.2,17.23,10.25,530.2,14.3
2023-06-06 14:00:00+00:00,28639.4,17.9,8.2,496.6,18.2
2023-06-06 15:00:00+00:00,28626.1,17.93,6.69,268.6,59.89
2023-06-06 16:00:00+00:00,30622.9,18.29,7.53,322.7,62.41
2023-06-06 17:00:00+00:00,33163.1,17.06,8.77,182.9,108.46
2023-06-06 18:00:00+00:00,33631.1,17.59,9.12,0.0,103.44
2023-06-06 19:00:00+00:00,31923.5,16.32,8.77,0.0,112.78
2023-06-06 20:00:00+00:00,29977.3,16.12,9.74,0.0,71.16
2023-06-06 21:00:00+00:00,27847.2,15.2,10.19,0.0,73.63
2023-06-06 22:00:00+00:00,26192.0,14.38,10.92,0.0,51.68
2023-06-06 23:00:00+00:00,24560.1,13.54,9.28,0.0,40.24
2023-06-07 00:00:00+00:00,23960.1,13.19,9.43,0.0,46.48
2023-06-07 01:00:00+00:00,22639.0,13.02,10.7,0.0,27.08
2023-06-07 02:00:00+00:00,21928.2,13.37,10.92,0.0,20.6
2023-06-07 03:00:00+00:00,21714.6,14.11,11.47,0.0,2.81
2023-06-07 04:00:00+00:00,21796.5,14.39,11.27,0.0,40.66
2023-06-07 05:00:00+00:00,22529.0,15.68,11.14,0.0,31.49
2023-06-07 06:00:00+00:00,24901.9,16.15,12.03,0.0,24.36
2023-06-07 07:00:00+00:00,28313.3,17.36,11.26,162.8,52.33
2023-06-07 08:00:00+00:00,30189.8,18.26,10.44,320.6,49.24
2023-06-07 09:00:00+00:00,29736.6,18.62,9.9,321.9,66.87
2023-06-07 10:00:00+00:00,29534.1,19.44,9.77,334.9,48.47
2023-06-07 11:00:00+00:00,29076.1,20.39,8.37,662.4,32.15
2023-06-07 12:00:00+00:00,29233.3,20.91,8.88,339.3,47.84
2023-06-07 13:00:00+00:00,27874.1,21.56,8.65,489.2,41.16
2023-06-07 14:00:00+00:00,27990.2,22.29,9.24,482.3,34.22
2023-06-07 15:00:00+00:00,28754.3,22.29,7.47,229.2,79.24
2023-06-07 16:00:00+00:00,30892.1,20.33,8.12,299.3,74.1
2023-06-07 17:00:00+00:00,33265.4,21.0,9.11,96.4,118.97
2023-06-07 18:00:00+00:00,33454.9,20.28,9.34,0.0,99.92
2023-06-07 19:00:00+00:00,31998.0,19.1,9.25,0.0,85.16
2023-06-07 20:00:00+00:00,30711.4,17.66,9.81,0.0,75.07
2023-06-07 21:00:00+00:00,28330.8,16.66,10.67,0.0,56.23
2023-06-07 22:00:00+00:00,26955.8,15.54,10.89,0.0,45.83
2023-06-07 23:00:00+00:00,25600.0,14.37,11.17,0.0,59.55
2023-06-08 00:00:00+00:00,24488.6,13.43,12.25,0.0,29.25
2023-06-08 01:00:00+00:00,23293.3,13.3,12.59,0.0,25.88
2023-06-08 02:00:00+00:00,22368.7,14.23,11.68,0.0,9.45
2023-06-08 03:00:00+00:00,21525.0,14.59,12.44,0.0,13.08
2023-06-08 04:00:00+00:00,21419.4,15.33,12.07,0.0,-8.98
2023-06-08 05:00:00+00:00,23502.9,15.34,11.84,0.0,31.72
2023-06-08 06:00:00+00:00,26383.3,15.83,11.68,0.0,41.01
2023-06-08 07:00:00+00:00,28926.4,16.66,12.21,145.8,64.27
2023-06-08 08:00:00+00:00,30180.4,16.93,13.31,217.2,52.93
2023-06-08 09:00:00+00:00,29977.1,17.41,13.02,533.9,30.29
2023-06-08 10:00:00+00:00,31021.9,18.67,14.07,549.0,12.99
2023-06-08 11:00:00+00:00,31048.2,20.0,13.85,362.3,40.18
2023-06-08 12:00:00+00:00,31109.2,20.59,14.6,535.6,39.96
2023-06-08 13:00:00+00:00,29992.5,20.29,14.37,306.3,23.8
2023-06-08 14:00:00+00:00,29249.6,20.37,13.62,551.4,4.97
2023-06-08 15:00:00+00:00,29054.7,19.57,14.79,399.5,17.34
2023-06-08 16:00:00+00:00,29451.5,19.51,13.94,372.8,28.19
2023-06-08 17:00:00+00:00,31757.4,19.35,13.08,198.3,194.88
2023-06-08 18:00:00+00:00,33119.4,18.7,11.8,0.0,91.55
2023-06-08 19:00:00+00:00,31957.0,18.21,12.55,0.0,77.43
2023-06-08 20:00:00+00:00,29738.0,17.73,13.45,0.0,49.88
2023-06-08 21:00:00+00:00,28114.7,17.08,13.42,0.0,67.27
2023-06-08 22:00:00+00:00,25498.1,15.56,12.33,0.0,52.75
2023-06-08 23:00:00+00:00,24292.5,14.69,12.05,0.0,36.59
2023-06-09 00:00:00+00:00,23576.6,14.4,11.57,0.0,42.79
2023-06-09 01:00:00+00:00,22528.1,14.87,10.53,0.0,29.21
2023-06-09 02:00:00+00:00,22043.8,14.37,9.97,0.0,17.63
2023-06-09 03:00:00+00:00,21208.7,14.57,10.22,0.0,32.43
2023-06-09 04:00:00+00:00,20809.9,15.17,9.59,0.0,11.86
2023-06-09 05:00:00+00:00,21141.7,15.3,9.68,0.0,46.69
2023-06-09 06:00:00+00:00,24163.7,16.42,8.16,0.0,41.1
2023-06-09 07:00:00+00:00,26562.0,17.69,9.42,153.3,63.1
2023-06-09 08:00:00+00:00,28578.5,19.16,8.99,293.2,72.09
2023-06-09 09:00:00+00:00,29510.5,20.11,9.57,235.3,46.46
2023-06-09 10:00:00+00:00,29219.5,22.19,9.59,652.6,13.6
2023-06-09 11:00:00+00:00,29118.7,22.39,9.77,521.8,41.04
2023-06-09 12:00:00+00:00,29368.8,24.15,8.75,792.2,38.97
2023-06-09 13:00:00+00:00,28865.5,24.92,8.07,383.2,60.75
2023-06-09 14:00:00+00:00,29010.4,25.85,7.44,408.8,47.86
2023-06-09 15:00:00+00:00,29135.7,25.56,7.44,294.7,80.62
2023-06-09 16:00:00+00:00,30924.9,25.78,8.45,248.5,96.16
2023-06-09 17:00:00+00:00,33063.6,26.14,8.72,202.2,78.99
2023-06-09 18:00:00+00:00,33897.6,24.8,7.93,0.0,116.16
2023-06-09 19:00:00+00:00,32428.5,23.89,7.95,0.0,109.7
2023-06-09 20:00:00+00:00,29795.5,21.7,7.84,0.0,85.42
2023-06-09 21:00:00+00:00,28059.0,20.68,7.52,0.0,70.53
2023-06-09 22:00:00+00:00,24647.3,19.28,7.48,0.0,48.6
2023-06-09 23:00:00+00:00,23634.4,18.32,8.06,0.0,32.3
2023-06-10 00:00:00+00:00,19739.2,19.43,7.44,0.0,38.66
2023-06-10 01:00:00+00:00,19249.1,19.83,7.15,0.0,23.52
2023-06-10 02:00:00+00:00,19028.1,18.49,7.91,0.0,39.83
2023-06-10 03:00:00+00:00,19207.7,18.57,8.23,0.0,28.0
2023-06-10 04:00:00+00:00,18929.0,19.0,9.17,0.0,14.96
2023-06-10 05:00:00+00:00,20081.1,18.94,10.18,0.0,31.75
2023-06-10 06:00:00+00:00,22666.7,19.37,8.96,0.0,38.58
2023-06-10 07:00:00+00:00,25875.5,20.0,9.09,135.9,42.47
2023-06-10 08:00:00+00:00,28028.0,19.77,8.59,368.2,54.32
2023-06-10 09:00:00+00:00,28825.1,19.8,7.57,554.6,38.26
2023-06-10 10:00:00+00:00,28903.7,20.58,6.92,444.1,57.34
2023-06-10 11:00:00+00:00,28673.6,21.27,6.69,381.6,63.56
2023-06-10 12:00:00+00:00,28516.1,21.36,6.48,336.4,63.99
2023-06-10 13:00:00+00:00,27731.3,21.28,6.03,454.9,56.36
2023-06-10 14:00:00+00:00,27790.3,21.46,6.07,415.9,59.33
2023-06-10 15:00:00+00:00,27830.7,22.03,8.03,367.8,50.41
2023-06-10 16:00:00+00:00,28690.1,21.81,6.63,193.2,68.56
2023-06-10 17:00:00+00:00,31710.7,22.41,7.53,142.9,80.31
2023-06-10 18:00:00+00:00,32669.7,21.41,7.49,0.0,99.5
2023-06-10 19:00:00+00:00,30978.3,20.82,7.13,0.0,259.18
2023-06-10 20:00:00+00:00,28843.4,19.8,5.54,0.0,101.04
2023-06-10 21:00:00+00:00,27342.4,19.3,6.21,0.0,99.07
2023-06-10 22:00:00+00:00,24788.5,17.97,5.12,0.0,72.3
2023-06-10 23:00:00+00:00,23503.8,18.33,5.87,0.0,72.95
2023-06-11 00:00:00+00:00,22244.8,16.68,7.28,0.0,38.4
2023-06-11 01:00:00+00:00,20622.1,17.16,6.27,0.0,39.73
2023-06-11 02:00:00+00:00,19257.7,16.82,7.22,0.0,26.15
2023-06-11 03:00:00+00:00,18976.8,16.95,7.23,0.0,32.04
2023-06-11 04:00:00+00:00,19842.3,17.75,5.58,0.0,34.04
2023-06-11 05:00:00+00:00,20647.5,18.44,4.71,0.0,57.16
2023-06-11 06:00:00+00:00,23152.4,18.35,4.96,0.0,66.89
2023-06-11 07:00:00+00:00,26762.1,19.21,5.38,167.8,72.36
2023-06-11 08:00:00+00:00,27561.4,20.93,4.22,229.2,71.63
2023-06-11 09:00:00+00:00,28337.5,21.02,4.38,502.3,44.82
2023-06-11 10:00:00+00:00,28660.8,22.93,5.16,395.6,62.36
2023-06-11 11:00:00+00:00,28535.1,23.72,6.03,409.9,67.84
2023-06-11 12:00:00+00:00,27395.0,23.91,5.76,553.7,26.96
2023-06-11 13:00:00+00:00,26503.6,23.69,6.16,609.4,17.3
2023-06-11 14:00:00+00:00,25397.9,23.72,7.04,642.3,16.39
2023-06-11 15:00:00+00:00,25252.2,22.52,7.71,499.1,16.67
2023-06-11 16:00:00+00:00,27730.6,22.08,8.37,284.0,83.99
2023-06-11 17:00:00+00:00,30177.3,21.55,8.39,203.0,74.65
2023-06-11 18:00:00+00:00,31639.9,20.35,8.25,0.0,92.37
2023-06-11 19:00:00+00:00,30565.4,20.13,8.4,0.0,100.5
2023-06-11 20:00:00+00:00,27956.1,19.21,7.73,0.0,76.42
2023-06-11 21:00:00+00:00,26030.5,18.0,8.56,0.0,60.15
2023-06-11 22:00:00+00:00,22980.0,16.98,7.29,0.0,67.84
2023-06-11 23:00:00+00:00,21497.0,16.44,6.88,0.0,22.07
2023-06-12 00:00:00+00:00,22817.7,15.89,6.86,0.0,41.28
2023-06-12 01:00:00+00:00,21598.0,14.96,7.23,0.0,46.9
2023-06-12 02:00:00+00:00,20410.1,14.7,7.73,0.0,22.2
2023-06-12 03:00:00+00:00,19712.0,14.54,8.86,0.0,11.79
2023-06-12 04:00:00+00:00,21689.5,13.93,8.83,0.0,41.77
2023-06-12 05:00:00+00:00,23136.0,14.05,8.18,0.0,38.95
2023-06-12 06:00:00+00:00,25051.7,14.88,8.0,0.0,61.82
2023-06-12 07:00:00+00:00,28425.1,15.83,7.7,145.9,66.96
2023-06-12 08:00:00+00:00,30791.7,16.39,8.08,295.0,74.45
2023-06-12 09:00:00+00:00,31727.4,17.56,7.19,460.7,68.45
2023-06-12 10:00:00+00:00,31364.2,17.72,7.04,621.0,64.86
2023-06-12 11:00:00+00:00,30710.5,17.86,8.31,651.1,53.08
2023-06-12 12:00:00+00:00,30635.9,18.34,8.38,662.3,34.91
2023-06-12 13:00:00+00:00,29752.1,19.73,7.49,513.7,35.96
2023-06-12 14:00:00+00:00,29870.4,20.11,7.2,634.9,44.27
2023-06-12 15:00:00+00:00,30016.1,20.03,5.44,448.7,63.57
2023-06-12 16:00:00+00:00,31999.3,20.84,5.48,197.1,92.09
2023-06-12 17:00:00+00:00,34656.6,20.33,6.84,156.3,93.4
2023-06-12 18:00:00+00:00,34710.0,21.16,5.92,0.0,123.2
2023-06-12 19:00:00+00:00,33182.9,20.16,4.84,0.0,124.38
2023-06-12 20:00:00+00:00,31512.4,18.77,4.43,0.0,110.2
2023-06-12 21:00:00+00:00,28876.2,17.85,5.28,0.0,95.21
2023-06-12 22:00:00+00:00,26163.7,16.89,6.7,0.0,78.28
2023-06-12 23:00:00+00:00,24900.9,15.65,7.07,0.0,76.4
2023-06-13 00:00:00+00:00,24277.6,16.65,6.06,0.0,79.28
2023-06-13 01:00:00+00:00,21266.6,16.3,6.09,0.0,39.21
2023-06-13 02:00:00+00:00,21342.0,16.22,7.53,0.0,30.85
2023-06-13 03:00:00+00:00,19996.7,15.76,7.26,0.0,17.91
2023-06-13 04:00:00+00:00,20478.2,15.46,7.36,0.0,42.26
2023-06-13 05:00:00+00:00,21228.3,16.32,7.53,0.0,39.51
2023-06-13 06:00:00+00:00,23645.5,15.73,6.29,0.0,73.05
2023-06-13 07:00:00+00:00,26952.9,15.63,7.11,89.6,69.65
2023-06-13 08:00:00+00:00,29190.4,16.19,7.77,313.9,55.97
2023-06-13 09:00:00+00:00,30544.8,17.77,6.17,521.3,62.87
2023-06-13 10:00:00+00:00,29899.7,18.29,5.18,575.7,58.79
2023-06-13 11:00:00+00:00,30209.4,19.24,4.51,500.5,64.65
2023-06-13 12:00:00+00:00,29751.7,19.85,5.22,374.1,75.21
2023-06-13 13:00:00+00:00,29035.2,21.07,4.72,419.2,60.76
2023-06-13 14:00:00+00:00,29522.6,20.36,5.15,385.8,86.42
2023-06-13 15:00:00+00:00,30066.4,20.89,5.1,355.4,61.03
2023-06-13 16:00:00+00:00,30925.3,20.63,5.25,191.2,106.43
2023-06-13 17:00:00+00:00,33294.2,20.85,5.72,153.7,103.72
2023-06-13 18:00:00+00:00,33868.1,19.84,6.0,0.0,92.71
2023-06-13 19:00:00+00:00,32248.2,19.2,6.04,0.0,93.86
2023-06-13 20:00:00+00:00,30188.6,18.39,6.34,0.0,97.19
2023-06-13 21:00:00+00:00,28388.5,16.98,6.54,0.0,81.74
2023-06-13 22:00:00+00:00,25455.1,15.43,6.4,0.0,73.2
2023-06-13 23:00:00+00:00,23932.9,14.37,6.09,0.0,57.39
2023-06-14 00:00:00+00:00,22854.6,13.93,7.61,0.0,52.76
2023-06-14 01:00:00+00:00,22312.9,13.02,7.23,0.0,45.88
2023-06-14 02:00:00+00:00,21942.3,12.55,8.29,0.0,44.35
2023-06-14 03:00:00+00:00,22584.7,11.36,7.69,0.0,53.6
2023-06-14 04:00:00+00:00,22988.1,11.31,8.29,0.0,49.19
2023-06-14 05:00:00+00:00,24035.0,12.3,9.62,0.0,40.24
2023-06-14 06:00:00+00:00,26083.7,13.26,9.22,0.0,71.86
2023-06-14 07:00:00+00:00,28239.0,13.87,8.59,195.8,59.22
2023-06-14 08:00:00+00:00,29551.2,14.78,8.18,360.3,50.89
2023-06-14 09:00:00+00:00,29822.7,15.1,8.1,433.3,50.68
2023-06-14 10:00:00+00:00,30268.8,16.9,8.3,625.6,46.56
2023-06-14 11:00:00+00:00,30367.4,18.88,8.2,458.9,65.78
2023-06-14 12:00:00+00:00,29966.2,19.58,7.81,774.4,39.45
2023-06-14 13:00:00+00:00,29387.5,21.59,9.3,388.3,55.78
2023-06-14 14:00:00+00:00,28328.4,21.42,9.03,371.2,41.73
2023-06-14 15:00:00+00:00,28556.4,20.72,8.44,279.2,67.45
2023-06-14 16:00:00+00:00,29348.4,20.16,9.02,345.4,53.52
2023-06-14 17:00:00+00:00,32431.9,19.72,9.58,136.4,78.53
2023-06-14 18:00:00+00:00,34517.7,20.62,10.56,0.0,81.94
2023-06-14 19:00:00+00:00,32723.3,19.77,11.89,0.0,89.15
2023-06-14 20:00:00+00:00,30730.8,18.49,11.91,0.0,65.14
2023-06-14 21:00:00+00:00,28801.5,17.15,11.44,0.0,51.09
2023-06-14 22:00:00+00:00,25838.8,17.04,9.73,0.0,40.62
2023-06-14 23:00:00+00:00,24041.0,16.89,8.86,0.0,56.28
2023-06-15 00:00:00+00:00,23112.4,16.0,8.93,0.0,43.09
2023-06-15 01:00:00+00:00,22239.4,14.36,7.91,0.0,46.78
2023-06-15 02:00:00+00:00,22028.7,13.38,6.63,0.0,45.14
2023-06-15 03:00:00+00:00,21222.0,14.32,6.7,0.0,42.5
2023-06-15 04:00:00+00:00,20980.3,14.83,7.32,0.0,36.86
2023-06-15 05:00:00+00:00,22504.5,15.14,7.11,0.0,35.94
2023-06-15 06:00:00+00:00,25704.9,16.71,7.81,0.0,71.16
2023-06-15 07:00:00+00:00,27650.5,18.45,8.25,90.1,57.22
2023-06-15 08:00:00+00:00,28540.5,19.06,9.09,337.1,43.43
2023-06-15 09:00:00+00:00,28835.0,19.73,10.68,466.0,36.41
2023-06-15 10:00:00+00:00,28938.5,20.07,12.54,443.3,35.28
2023-06-15 11:00:00+00:00,28801.8,20.55,12.84,475.2,14.02
2023-06-15 12:00:00+00:00,28807.7,20.21,12.18,454.3,32.89
2023-06-15 13:00:00+00:00,28427.9,19.76,11.97,336.9,35.87
2023-06-15 14:00:00+00:00,28208.9,19.02,12.96,489.4,12.78
2023-06-15 15:00:00+00:00,29208.7,19.79,11.96,434.3,29.48
2023-06-15 16:00:00+00:00,30579.4,18.75,12.84,366.8,37.69
2023-06-15 17:00:00+00:00,33460.8,19.65,12.42,149.8,76.14
2023-06-15 18:00:00+00:00,35231.0,18.73,12.32,0.0,107.28
2023-06-15 19:00:00+00:00,32872.0,19.16,11.43,0.0,89.37
2023-06-15 20:00:00+00:00,29869.3,18.19,10.17,0.0,72.5
2023-06-15 21:00:00+00:00,28008.0,16.46,9.79,0.0,61.58
2023-06-15 22:00:00+00:00,26006.5,16.47,10.67,0.0,50.74
2023-06-15 23:00:00+00:00,24250.5,16.57,9.94,0.0,38.0
2023-06-16 00:00:00+00:00,22112.8,15.44,11.05,0.0,6.13
2023-06-16 01:00:00+00:00,20457.3,14.74,10.4,0.0,28.95
2023-06-16 02:00:00+00:00,20270.9,13.89,9.4,0.0,20.53
2023-06-16 03:00:00+00:00,20522.1,13.72,9.48,0.0,21.09
2023-06-16 04:00:00+00:00,20798.9,13.89,9.88,0.0,35.84
2023-06-16 05:00:00+00:00,22253.2,13.98,9.89,0.0,25.92
2023-06-16 06:00:00+00:00,25101.9,13.38,9.86,0.0,52.55
2023-06-16 07:00:00+00:00,28493.0,13.69,10.97,158.8,51.16
2023-06-16 08:00:00+00:00,29305.3,14.89,10.85,259.7,52.93
2023-06-16 09:00:00+00:00,29999.8,15.58,10.29,501.6,33.28
2023-06-16 10:00:00+00:00,30716.2,16.2,9.24,601.9,51.04
2023-06-16 11:00:00+00:00,29986.5,16.41,10.12,641.8,47.74
2023-06-16 12:00:00+00:00,29416.0,16.73,9.63,329.0,42.35
2023-06-16 13:00:00+00:00,28920.6,18.12,9.24,547.6,42.7
2023-06-16 14:00:00+00:00,28189.7,17.77,9.95,602.6,24.13
2023-06-16 15:00:00+00:00,28096.8,18.37,11.41,308.9,39.31
2023-06-16 16:00:00+00:00,29950.1,18.34,11.39,221.8,57.79
2023-06-16 17:00:00+00:00,32439.2,18.23,11.06,194.8,59.26
2023-06-16 18:00:00+00:00,33858.5,17.36,10.85,0.0,87.54
2023-06-16 19:00:00+00:00,32032.2,16.57,10.31,0.0,85.02
2023-06-16 20:00:00+00:00,30088.4,15.9,9.86,0.0,90.42
2023-06-16 21:00:00+00:00,28705.5,14.87,9.44,0.0,69.11
2023-06-16 22:00:00+00:00,27008.2,14.35,10.03,0.0,63.46
2023-06-16 23:00:00+00:00,25185.5,13.96,9.81,0.0,49.59
2023-06-17 00:00:00+00:00,21479.9,14.75,10.74,0.0,22.49
2023-06-17 01:00:00+00:00,19900.9,14.44,10.46,0.0,15.36
2023-06-17 02:00:00+00:00,19992.5,12.99,10.0,0.0,8.73
2023-06-17 03:00:00+00:00,20125.2,13.62,10.85,0.0,11.54
2023-06-17 04:00:00+00:00,20861.9,13.61,10.67,0.0,14.36
2023-06-17 05:00:00+00:00,21287.0,15.13,10.39,0.0,21.95
2023-06-17 06:00:00+00:00,23654.1,16.47,10.25,0.0,30.72
2023-06-17 07:00:00+00:00,26141.2,16.74,11.23,150.0,54.47
2023-06-17 08:00:00+00:00,27443.5,17.86,11.26,345.0,12.86
2023-06-17 09:00:00+00:00,27899.7,18.23,12.02,549.7,-2.95
2023-06-17 10:00:00+00:00,28070.5,18.97,11.59,613.4,16.86
2023-06-17 11:00:00+00:00,28110.1,20.06,12.21,525.3,24.04
2023-06-17 12:00:00+00:00,27721.3,21.31,12.14,630.4,22.37
2023-06-17 13:00:00+00:00,27314.4,22.25,12.57,601.6,0.98
2023-06-17 14:00:00+00:00,25829.9,22.52,13.05,661.2,-12.13
2023-06-17 15:00:00+00:00,26563.5,24.03,12.01,273.9,30.73
2023-06-17 16:00:00+00:00,28156.2,23.59,11.81,326.6,46.54
2023-06-17 17:00:00+00:00,29984.0,22.21,12.32,189.8,37.5
2023-06-17 18:00:00+00:00,31299.8,20.81,12.93,0.0,70.82
2023-06-17 19:00:00+00:00,30599.9,21.02,13.61,0.0,67.39
2023-06-17 20:00:00+00:00,28482.6,20.18,13.36,0.0,46.29
2023-06-17 21:00:00+00:00,26770.8,19.42,14.25,0.0,38.91
2023-06-17 22:00:00+00:00,24097.5,18.25,13.37,0.0,17.14
2023-06-17 23:00:00+00:00,23190.6,17.19,11.89,0.0,38.07
2023-06-18 00:00:00+00:00,21072.0,16.11,11.42,0.0,-2.0
2023-06-18 01:00:00+00:00,19801.0,15.88,12.14,0.0,1.55
2023-06-18 02:00:00+00:00,19527.8,15.48,11.03,0.0,14.18
2023-06-18 03:00:00+00:00,19137.1,15.6,9.68,0.0,10.56
2023-06-18 04:00:00+00:00,19997.9,15.86,8.2,0.0,35.14
2023-06-18 05:00:00+00:00,20094.2,15.85,8.72,0.0,25.09
2023-06-18 06:00:00+00:00,22494.1,15.41,7.5,0.0,48.38
2023-06-18 07:00:00+00:00,25431.9,15.09,7.9,172.9,54.01
2023-06-18 08:00:00+00:00,27244.7,17.64,7.6,355.4,47.2
2023-06-18 09:00:00+00:00,27192.2,19.27,6.97,496.5,24.11
2023-06-18 10:00:00+00:00,27251.4,20.78,6.19,555.6,58.5
2023-06-18 11:00:00+00:00,26978.0,21.01,6.39,654.9,44.77
2023-06-18 12:00:00+00:00,26960.6,21.56,5.83,593.1,45.69
2023-06-18 13:00:00+00:00,26971.5,21.48,5.89,524.3,39.56
2023-06-18 14:00:00+00:00,26716.1,20.94,6.26,302.6,-6.02
2023-06-18 15:00:00+00:00,27189.6,20.66,6.77,556.9,20.09
2023-06-18 16:00:00+00:00,29506.3,21.33,7.51,361.4,45.7
2023-06-18 17:00:00+00:00,32289.0,21.49,7.62,166.2,115.62
2023-06-18 18:00:00+00:00,31886.9,20.38,6.77,0.0,93.28
2023-06-18 19:00:00+00:00,30777.1,19.53,7.14,0.0,93.95
2023-06-18 20:00:00+00:00,28986.4,19.23,7.65,0.0,84.95
2023-06-18 21:00:00+00:00,26659.9,18.07,7.47,0.0,73.94
2023-06-18 22:00:00+00:00,23990.3,17.31,7.22,0.0,55.81
2023-06-18 23:00:00+00:00,21672.9,16.8,9.15,0.0,27.82
2023-06-19 00:00:00+00:00,21893.5,16.44,8.03,0.0,37.87
2023-06-19 01:00:00+00:00,21325.9,16.07,8.36,0.0,45.04
2023-06-19 02:00:00+00:00,21193.7,15.33,9.11,0.0,35.21
2023-06-19 03:00:00+00:00,20930.3,14.86,8.74,0.0,36.08
2023-06-19 04:00:00+00:00,21810.9,14.26,8.52,0.0,16.34
2023-06-19 05:00:00+00:00,23676.7,13.63,8.13,0.0,54.29
2023-06-19 06:00:00+00:00,24981.3,14.06,8.08,0.0,58.43
2023-06-19 07:00:00+00:00,27800.0,15.2,8.73,142.3,53.96
2023-06-19 08:00:00+00:00,29519.5,15.11,8.48,297.5,79.17
2023-06-19 09:00:00+00:00,30358.8,16.08,10.84,291.3,38.82
2023-06-19 10:00:00+00:00,30439.6,17.36,10.3,427.6,46.78
2023-06-19 11:00:00+00:00,30466.8,17.0,11.21,536.7,46.33
2023-06-19 12:00:00+00:00,29369.8,17.51,11.42,641.6,20.77
2023-06-19 13:00:00+00:00,29435.8,19.02,11.29,517.4,9.67
2023-06-19 14:00:00+00:00,28841.7,19.67,12.22,341.3,47.76
2023-06-19 15:00:00+00:00,29081.6,18.66,10.71,370.5,23.83
2023-06-19 16:00:00+00:00,30102.1,19.0,10.86,287.5,40.19
2023-06-19 17:00:00+00:00,32623.7,18.28,10.1,163.6,89.94
2023-06-19 18:00:00+00:00,33659.5,18.26,9.61,0.0,91.31
2023-06-19 19:00:00+00:00,32240.3,17.26,9.1,0.0,92.62
2023-06-19 20:00:00+00:00,29909.7,16.54,8.24,0.0,76.08
2023-06-19 21:00:00+00:00,27407.6,15.48,6.89,0.0,78.85
2023-06-19 22:00:00+00:00,25615.1,14.76,7.2,0.0,77.67
2023-06-19 23:00:00+00:00,23543.6,13.74,7.14,0.0,37.82
2023-06-20 00:00:00+00:00,23203.4,13.1,6.89,0.0,55.3
2023-06-20 01:00:00+00:00,23324.9,11.98,7.49,0.0,33.15
2023-06-20 02:00:00+00:00,23648.0,12.05,7.82,0.0,71.52
2023-06-20 03:00:00+00:00,22596.8,12.12,7.57,0.0,36.35
2023-06-20 04:00:00+00:00,23376.9,11.32,9.93,0.0,43.14
2023-06-20 05:00:00+00:00,23822.9,12.3,10.58,0.0,159.73
2023-06-20 06:00:00+00:00,26556.1,12.74,12.31,0.0,45.08
2023-06-20 07:00:00+00:00,29282.7,13.53,11.72,146.7,48.31
2023-06-20 08:00:00+00:00,30321.3,14.78,11.68,392.9,27.74
2023-06-20 09:00:00+00:00,30327.6,15.8,10.48,329.6,67.26
2023-06-20 10:00:00+00:00,30164.4,17.31,10.05,530.3,29.99
2023-06-20 11:00:00+00:00,29596.6,17.88,9.44,551.5,36.6
2023-06-20 12:00:00+00:00,29374.9,19.15,11.66,426.1,30.02
2023-06-20 13:00:00+00:00,28860.8,19.7,10.88,686.3,25.68
2023-06-20 14:00:00+00:00,28367.6,20.31,10.51,586.0,44.89
2023-06-20 15:00:00+00:00,28472.8,20.65,9.19,410.9,35.65
2023-06-20 16:00:00+00:00,30689.2,21.27,9.5,386.5,57.25
2023-06-20 17:00:00+00:00,33455.1,21.37,8.67,197.9,101.26
2023-06-20 18:00:00+00:00,33966.9,20.58,9.31,0.0,117.72
2023-06-20 19:00:00+00:00,32497.5,19.54,7.79,0.0,102.21
2023-06-20 20:00:00+00:00,30057.7,18.76,7.66,0.0,88.68
2023-06-20 21:00:00+00:00,29248.2,17.5,6.18,0.0,105.8
2023-06-20 22:00:00+00:00,26283.8,16.08,5.84,0.0,-0.84
2023-06-20 23:00:00+00:00,24914.8,14.09,5.67,0.0,78.83
2023-06-21 00:00:00+00:00,24418.3,12.65,5.27,0.0,60.92
2023-06-21 01:00:00+00:00,22542.9,13.44,4.97,0.0,60.79
2023-06-21 02:00:00+00:00,21804.4,12.78,5.83,0.0,50.84
2023-06-21 03:00:00+00:00,21042.2,13.87,7.59,0.0,30.08
2023-06-21 04:00:00+00:00,20904.2,14.22,7.82,0.0,37.15
2023-06-21 05:00:00+00:00,22232.1,14.49,7.11,0.0,42.28
2023-06-21 06:00:00+00:00,24509.6,14.07,7.15,0.0,69.41
2023-06-21 07:00:00+00:00,27483.5,14.73,6.87,142.5,60.74
2023-06-21 08:00:00+00:00,28364.2,16.62,7.57,254.4,51.38
2023-06-21 09:00:00+00:00,28876.7,18.33,7.77,538.1,44.54
2023-06-21 10:00:00+00:00,28980.8,19.23,6.5,591.4,46.36
2023-06-21 11:00:00+00:00,29403.5,19.23,7.38,602.5,59.16
2023-06-21 12:00:00+00:00,28399.8,19.26,8.12,483.2,42.38
2023-06-21 13:00:00+00:00,28525.2,19.23,9.23,707.3,21.23
2023-06-21 14:00:00+00:00,28645.5,20.32,8.71,382.3,36.05
2023-06-21 15:00:00+00:00,28181.4,21.39,8.86,547.3,34.59
2023-06-21 16:00:00+00:00,30415.7,21.37,7.84,222.5,63.55
2023-06-21 17:00:00+00:00,32502.5,20.85,7.76,184.7,88.78
2023-06-21 18:00:00+00:00,33827.5,21.28,8.03,0.0,101.26
2023-06-21 19:00:00+00:00,32694.2,20.01,7.49,0.0,111.74
2023-06-21 20:00:00+00:00,30960.7,19.28,7.73,0.0,93.79
2023-06-21 21:00:00+00:00,28539.9,18.74,7.82,0.0,91.35
2023-06-21 22:00:00+00:00,26447.3,17.4,7.43,0.0,59.37
2023-06-21 23:00:00+00:00,25279.2,16.27,8.5,0.0,56.99
2023-06-22 00:00:00+00:00,23760.7,15.26,8.24,0.0,50.14
2023-06-22 01:00:00+00:00,22363.1,15.63,8.29,0.0,38.75
2023-06-22 02:00:00+00:00,21998.6,16.45,7.07,0.0,55.41
2023-06-22 03:00:00+00:00,20286.3,16.36,7.48,0.0,31.39
2023-06-22 04:00:00+00:00,20295.8,16.24,7.08,0.0,23.84
2023-06-22 05:00:00+00:00,22158.3,16.12,7.82,0.0,45.44
2023-06-22 06:00:00+00:00,24704.2,16.56,6.76,0.0,80.36
2023-06-22 07:00:00+00:00,27654.8,16.81,7.11,102.0,64.11
2023-06-22 08:00:00+00:00,29088.5,17.44,5.39,233.7,78.59
2023-06-22 09:00:00+00:00,29831.2,18.44,5.96,275.7,79.72
2023-06-22 10:00:00+00:00,29694.4,18.94,5.87,366.7,80.17
2023-06-22 11:00:00+00:00,28737.8,19.52,6.24,404.9,67.8
2023-06-22 12:00:00+00:00,29284.8,20.01,5.81,520.9,58.79
2023-06-22 13:00:00+00:00,28463.6,20.28,5.13,552.0,49.89
2023-06-22 14:00:00+00:00,28176.9,20.3,4.88,535.9,50.15
2023-06-22 15:00:00+00:00,27807.5,20.86,5.14,534.9,56.13
2023-06-22 16:00:00+00:00,29633.5,19.68,5.68,325.1,67.33
2023-06-22 17:00:00+00:00,32747.9,20.34,5.98,107.5,93.37
2023-06-22 18:00:00+00:00,34185.6,19.93,5.3,0.0,347.36
2023-06-22 19:00:00+00:00,32708.2,19.66,6.82,0.0,104.99
2023-06-22 20:00:00+00:00,30333.7,19.34,7.09,0.0,90.65
2023-06-22 21:00:00+00:00,28307.0,18.1,6.6,0.0,90.31
2023-06-22 22:00:00+00:00,26181.5,16.75,6.95,0.0,71.26
2023-06-22 23:00:00+00:00,23699.9,15.4,7.16,0.0,52.01
2023-06-23 00:00:00+00:00,22854.9,14.7,7.01,0.0,38.19
2023-06-23 01:00:00+00:00,22095.7,14.66,6.78,0.0,42.72
2023-06-23 02:00:00+00:00,21709.6,14.01,7.56,0.0,24.03
2023-06-23 03:00:00+00:00,21297.6,14.29,8.89,0.0,22.85
2023-06-23 04:00:00+00:00,21774.0,12.97,7.2,0.0,34.51
2023-06-23 05:00:00+00:00,23132.6,13.08,8.15,0.0,45.69
2023-06-23 06:00:00+00:00,25817.5,14.31,8.11,0.0,62.49
2023-06-23 07:00:00+00:00,29120.0,14.86,8.24,103.0,71.1
2023-06-23 08:00:00+00:00,30381.7,15.11,9.23,273.4,52.15
2023-06-23 09:00:00+00:00,30685.1,15.54,7.05,491.0,44.29
2023-06-23 10:00:00+00:00,31400.9,14.55,7.68,305.7,89.21
2023-06-23 11:00:00+00:00,31105.8,14.78,8.65,456.9,49.38
2023-06-23 12:00:00+00:00,30783.6,16.15,8.03,764.1,34.26
2023-06-23 13:00:00+00:00,29161.4,16.38,6.89,393.6,55.43
2023-06-23 14:00:00+00:00,29269.1,16.51,8.18,400.5,62.07
2023-06-23 15:00:00+00:00,29357.3,15.32,6.74,543.5,54.34
2023-06-23 16:00:00+00:00,31449.5,14.39,7.08,242.7,76.63
2023-06-23 17:00:00+00:00,33252.3,14.98,7.88,186.0,99.56
2023-06-23 18:00:00+00:00,34907.5,15.03,8.15,0.0,102.76
2023-06-23 19:00:00+00:00,33306.8,13.76,8.53,0.0,103.6
2023-06-23 20:00:00+00:00,32427.3,12.81,8.25,0.0,70.83
2023-06-23 21:00:00+00:00,30390.5,12.18,8.55,0.0,90.16
2023-06-23 22:00:00+00:00,28268.8,10.84,7.91,0.0,73.46
2023-06-23 23:00:00+00:00,26628.8,9.08,7.42,0.0,68.29
2023-06-24 00:00:00+00:00,23160.7,8.62,7.42,0.0,61.79
2023-06-24 01:00:00+00:00,21884.7,8.69,6.2,0.0,41.17
2023-06-24 02:00:00+00:00,21305.5,8.93,6.69,0.0,35.47
2023-06-24 03:00:00+00:00,21052.6,9.52,4.76,0.0,36.53
2023-06-24 04:00:00+00:00,21492.8,8.83,5.16,0.0,52.39
2023-06-24 05:00:00+00:00,22741.7,9.34,5.61,0.0,56.3
2023-06-24 06:00:00+00:00,25441.8,9.82,5.06,0.0,83.45
2023-06-24 07:00:00+00:00,28493.3,10.55,4.19,199.8,84.42
2023-06-24 08:00:00+00:00,30075.3,11.31,4.01,211.3,97.74
2023-06-24 09:00:00+00:00,30469.1,11.85,4.66,307.1,91.57
2023-06-24 10:00:00+00:00,30095.5,10.98,5.05,518.0,70.46
2023-06-24 11:00:00+00:00,29182.2,12.62,4.28,507.0,65.01
2023-06-24 12:00:00+00:00,27923.9,13.63,4.5,745.7,45.77
2023-06-24 13:00:00+00:00,27899.5,13.39,4.83,506.7,62.13
2023-06-24 14:00:00+00:00,27363.0,14.17,5.11,333.4,73.45
2023-06-24 15:00:00+00:00,28083.3,14.19,4.43,411.6,88.57
2023-06-24 16:00:00+00:00,30308.9,14.02,4.68,187.1,83.95
2023-06-24 17:00:00+00:00,32885.8,13.45,5.51,138.3,113.58
2023-06-24 18:00:00+00:00,33234.4,13.49,6.01,0.0,117.63
2023-06-24 19:00:00+00:00,30951.0,12.57,6.38,0.0,104.09
2023-06-24 20:00:00+00:00,29650.7,11.38,7.69,0.0,94.74
2023-06-24 21:00:00+00:00,27467.8,11.48,7.79,0.0,75.78
2023-06-24 22:00:00+00:00,25738.1,10.78,7.09,0.0,56.29
2023-06-24 23:00:00+00:00,24455.6,10.14,6.43,0.0,57.6
2023-06-25 00:00:00+00:00,23424.3,10.16,6.6,0.0,61.46
2023-06-25 01:00:00+00:00,22481.0,9.44,5.49,0.0,48.28
2023-06-25 02:00:00+00:00,21168.1,9.02,5.33,0.0,38.04
2023-06-25 03:00:00+00:00,21391.9,9.27,5.77,0.0,44.96
2023-06-25 04:00:00+00:00,21305.1,8.6,6.75,0.0,27.74
2023-06-25 05:00:00+00:00,22035.2,9.21,5.56,0.0,45.41
2023-06-25 06:00:00+00:00,24314.3,9.4,5.71,0.0,85.28
2023-06-25 07:00:00+00:00,26934.4,10.72,5.72,171.0,63.77
2023-06-25 08:00:00+00:00,28218.3,11.92,5.81,391.4,64.4
2023-06-25 09:00:00+00:00,28222.7,13.09,5.98,319.2,56.62
2023-06-25 10:00:00+00:00,28734.0,13.04,6.01,534.2,58.61
2023-06-25 11:00:00+00:00,27554.8,13.85,7.14,480.4,40.35
2023-06-25 12:00:00+00:00,27186.8,13.92,8.11,563.9,37.44
2023-06-25 13:00:00+00:00,25558.8,14.55,9.73,347.3,23.38
2023-06-25 14:00:00+00:00,25457.0,13.62,9.59,361.7,21.07
2023-06-25 15:00:00+00:00,25630.9,13.0,9.14,495.3,18.08
2023-06-25 16:00:00+00:00,27857.9,13.84,8.27,242.5,55.87
2023-06-25 17:00:00+00:00,30562.4,13.95,7.8,82.9,88.37
2023-06-25 18:00:00+00:00,31485.9,13.45,8.32,0.0,87.85
2023-06-25 19:00:00+00:00,29148.9,12.46,8.93,0.0,68.47
2023-06-25 20:00:00+00:00,27281.5,11.28,9.37,0.0,49.79
2023-06-25 21:00:00+00:00,25371.4,10.84,8.73,0.0,50.03
2023-06-25 22:00:00+00:00,23617.3,10.05,8.13,0.0,31.71
2023-06-25 23:00:00+00:00,22445.8,10.46,9.6,0.0,20.85
2023-06-26 00:00:00+00:00,23279.6,9.94,8.82,0.0,40.44
2023-06-26 01:00:00+00:00,21934.4,9.66,9.84,0.0,35.14
2023-06-26 02:00:00+00:00,21358.0,8.68,10.01,0.0,21.52
2023-06-26 03:00:00+00:00,21589.4,8.54,9.29,0.0,50.11
2023-06-26 04:00:00+00:00,21147.1,8.93,8.25,0.0,36.19
2023-06-26 05:00:00+00:00,21959.1,9.18,7.65,0.0,43.31
2023-06-26 06:00:00+00:00,24994.4,9.53,7.94,0.0,46.58
2023-06-26 07:00:00+00:00,28707.5,10.53,7.18,87.4,83.79
2023-06-26 08:00:00+00:00,30040.0,12.32,8.39,357.0,65.81
2023-06-26 09:00:00+00:00,30263.9,13.32,8.16,511.9,42.01
2023-06-26 10:00:00+00:00,30783.4,14.91,8.65,494.0,53.65
2023-06-26 11:00:00+00:00,30131.6,16.1,9.05,692.2,48.19
2023-06-26 12:00:00+00:00,29580.1,17.46,10.21,387.8,47.82
2023-06-26 13:00:00+00:00,28770.7,17.64,9.71,745.1,25.84
2023-06-26 14:00:00+00:00,29219.8,17.89,9.66,296.9,49.2
2023-06-26 15:00:00+00:00,29686.4,17.94,8.43,238.5,48.68
2023-06-26 16:00:00+00:00,31614.9,18.25,8.44,285.3,79.19
2023-06-26 17:00:00+00:00,34026.8,18.49,9.26,173.9,90.87
2023-06-26 18:00:00+00:00,34583.9,18.13,9.32,0.0,110.41
2023-06-26 19:00:00+00:00,32869.7,18.08,11.01,0.0,89.04
2023-06-26 20:00:00+00:00,30309.7,17.05,11.22,0.0,64.24
2023-06-26 21:00:00+00:00,28097.4,16.84,10.58,0.0,62.88
2023-06-26 22:00:00+00:00,25913.1,16.69,10.76,0.0,41.83
2023-06-26 23:00:00+00:00,24070.5,16.38,9.43,0.0,34.02
2023-06-27 00:00:00+00:00,23288.5,15.87,8.68,0.0,51.48
2023-06-27 01:00:00+00:00,22176.9,15.81,7.65,0.0,34.12
2023-06-27 02:00:00+00:00,21634.7,14.95,7.63,0.0,37.95
2023-06-27 03:00:00+00:00,20886.1,14.96,7.55,0.0,26.47
2023-06-27 04:00:00+00:00,20651.4,15.23,8.46,0.0,43.47
2023-06-27 05:00:00+00:00,21592.2,14.71,8.31,0.0,40.36
2023-06-27 06:00:00+00:00,24583.3,15.48,7.46,0.0,48.06
2023-06-27 07:00:00+00:00,26877.3,15.35,8.66,132.0,55.86
2023-06-27 08:00:00+00:00,28975.2,15.84,6.27,383.0,63.44
2023-06-27 09:00:00+00:00,29813.8,16.67,6.34,553.5,56.67
2023-06-27 10:00:00+00:00,29611.0,17.03,6.54,481.1,52.3
2023-06-27 11:00:00+00:00,29440.6,17.84,6.56,656.1,38.05
2023-06-27 12:00:00+00:00,29337.4,18.54,6.97,577.0,62.43
2023-06-27 13:00:00+00:00,28298.0,18.56,7.06,360.8,47.52
2023-06-27 14:00:00+00:00,27811.1,19.25,7.45,547.3,27.61
2023-06-27 15:00:00+00:00,28256.4,18.93,6.95,275.5,44.69
2023-06-27 16:00:00+00:00,30186.5,20.25,5.81,316.7,75.17
2023-06-27 17:00:00+00:00,32097.2,19.89,5.84,112.4,90.86
2023-06-27 18:00:00+00:00,33247.2,18.71,5.09,0.0,144.75
2023-06-27 19:00:00+00:00,31964.1,17.53,4.62,0.0,104.02
2023-06-27 20:00:00+00:00,30431.3,17.54,5.65,0.0,95.2
2023-06-27 21:00:00+00:00,28325.5,16.54,6.93,0.0,105.04
2023-06-27 22:00:00+00:00,25757.3,14.98,7.83,0.0,73.85
2023-06-27 23:00:00+00:00,24402.9,14.82,8.54,0.0,32.83
2023-06-28 00:00:00+00:00,23967.2,14.03,8.51,0.0,48.77
2023-06-28 01:00:00+00:00,22030.1,13.99,9.22,0.0,35.52
2023-06-28 02:00:00+00:00,21103.7,14.28,9.39,0.0,16.82
2023-06-28 03:00:00+00:00,19886.7,14.36,10.8,0.0,17.95
2023-06-28 04:00:00+00:00,19749.8,15.9,9.89,0.0,1.64
2023-06-28 05:00:00+00:00,21896.3,15.13,10.27,0.0,9.59
2023-06-28 06:00:00+00:00,23901.7,15.11,9.12,0.0,54.42
2023-06-28 07:00:00+00:00,27278.3,15.59,9.54,114.3,60.35
2023-06-28 08:00:00+00:00,29354.3,17.69,8.07,398.5,72.98
2023-06-28 09:00:00+00:00,29727.7,19.52,7.07,424.8,59.26
2023-06-28 10:00:00+00:00,29604.7,21.01,6.06,380.7,83.78
2023-06-28 11:00:00+00:00,30037.1,21.18,6.31,627.5,46.09
2023-06-28 12:00:00+00:00,30121.1,21.33,6.62,670.8,58.87
2023-06-28 13:00:00+00:00,30410.4,21.26,8.55,553.7,65.76
2023-06-28 14:00:00+00:00,28665.4,21.06,8.4,330.3,44.37
2023-06-28 15:00:00+00:00,29204.1,22.04,8.94,501.3,23.66
2023-06-28 16:00:00+00:00,29873.2,21.75,8.97,353.3,58.28
2023-06-28 17:00:00+00:00,32426.5,21.34,9.41,177.3,83.65
2023-06-28 18:00:00+00:00,33366.4,21.3,9.4,0.0,98.55
2023-06-28 19:00:00+00:00,31481.9,19.63,10.14,0.0,94.5
2023-06-28 20:00:00+00:00,29317.5,18.92,9.16,0.0,65.9
2023-06-28 21:00:00+00:00,27303.3,17.47,7.14,0.0,74.75
2023-06-28 22:00:00+00:00,25303.4,16.52,7.46,0.0,54.51
2023-06-28 23:00:00+00:00,23110.6,15.45,6.02,0.0,73.13
2023-06-29 00:00:00+00:00,21966.1,14.51,7.1,0.0,51.91
2023-06-29 01:00:00+00:00,21345.9,14.2,6.66,0.0,35.69
2023-06-29 02:00:00+00:00,21258.7,14.06,5.87,0.0,47.01
2023-06-29 03:00:00+00:00,22266.7,13.84,8.04,0.0,-10.62
2023-06-29 04:00:00+00:00,22307.7,14.19,7.97,0.0,28.32
2023-06-29 05:00:00+00:00,23693.7,13.99,7.76,0.0,66.86
2023-06-29 06:00:00+00:00,25445.5,14.9,8.3,0.0,54.24
2023-06-29 07:00:00+00:00,28901.7,15.42,8.88,135.8,97.27
2023-06-29 08:00:00+00:00,30044.7,15.88,9.67,169.7,66.88
2023-06-29 09:00:00+00:00,30508.7,16.2,8.5,430.5,69.37
2023-06-29 10:00:00+00:00,30542.9,16.88,8.84,432.4,55.4
2023-06-29 11:00:00+00:00,30377.1,18.77,8.52,676.3,41.37
2023-06-29 12:00:00+00:00,30385.9,19.37,7.72,697.5,36.96
2023-06-29 13:00:00+00:00,29520.1,19.17,7.73,625.0,23.18
2023-06-29 14:00:00+00:00,29500.7,20.05,6.27,386.8,82.72
2023-06-29 15:00:00+00:00,28986.9,19.88,7.03,283.8,60.15
2023-06-29 16:00:00+00:00,30885.8,19.97,6.8,278.1,93.95
2023-06-29 17:00:00+00:00,32402.0,19.33,6.44,138.4,121.35
2023-06-29 18:00:00+00:00,33342.7,19.65,6.36,0.0,109.9
2023-06-29 19:00:00+00:00,33102.2,18.67,6.26,0.0,107.11
2023-06-29 20:00:00+00:00,31004.3,18.8,7.19,0.0,92.13
2023-06-29 21:00:00+00:00,28571.5,17.39,6.32,0.0,68.94
2023-06-29 22:00:00+00:00,26351.6,16.44,6.06,0.0,79.61
2023-06-29 23:00:00+00:00,24442.7,16.57,5.94,0.0,78.31
2023-06-30 00:00:00+00:00,22670.6,16.08,5.16,0.0,49.47
2023-06-30 01:00:00+00:00,20689.1,16.95,5.37,0.0,50.57
2023-06-30 02:00:00+00:00,20288.4,16.43,4.89,0.0,43.83
2023-06-30 03:00:00+00:00,20065.8,16.43,3.9,0.0,47.91
2023-06-30 04:00:00+00:00,20401.1,17.62,4.46,0.0,48.87
2023-06-30 05:00:00+00:00,22123.3,16.93,5.8,0.0,55.5
2023-06-30 06:00:00+00:00,25187.7,16.37,5.9,0.0,63.66
2023-06-30 07:00:00+00:00,28427.9,16.49,5.87,205.7,74.92
2023-06-30 08:00:00+00:00,29943.0,17.69,5.83,159.3,81.44
2023-06-30 09:00:00+00:00,30526.4,17.48,5.49,289.2,84.75
2023-06-30 10:00:00+00:00,30953.6,18.62,6.48,311.6,69.88
2023-06-30 11:00:00+00:00,30895.6,19.65,6.58,613.4,65.54
2023-06-30 12:00:00+00:00,30653.3,21.47,4.89,522.1,67.17
2023-06-30 13:00:00+00:00,29684.9,22.52,5.94,451.0,51.84
2023-06-30 14:00:00+00:00,29808.8,22.97,6.74,404.9,61.93
2023-06-30 15:00:00+00:00,30644.8,23.82,7.22,526.5,56.99
2023-06-30 16:00:00+00:00,32571.3,23.95,5.05,177.2,101.24
2023-06-30 17:00:00+00:00,35934.6,23.27,5.15,121.1,113.72
2023-06-30 18:00:00+00:00,36532.3,22.01,5.94,0.0,136.57
2023-06-30 19:00:00+00:00,35088.3,20.99,6.29,0.0,128.94
2023-06-30 20:00:00+00:00,32806.5,20.18,6.49,0.0,116.8
2023-06-30 21:00:00+00:00,30214.5,19.46,7.21,0.0,103.23
2023-06-30 22:00:00+00:00,26949.9,17.35,7.31,0.0,77.99
2023-06-30 23:00:00+00:00,24641.4,16.48,8.24,0.0,57.43
2023-07-01 00:00:00+00:00,20839.1,15.9,8.3,0.0,36.66
2023-07-01 01:00:00+00:00,19114.9,15.75,8.3,0.0,14.96
2023-07-01 02:00:00+00:00,18510.5,16.4,8.93,0.0,22.92
2023-07-01 03:00:00+00:00,18337.4,16.37,8.52,0.0,13.98
2023-07-01 04:00:00+00:00,19273.6,15.87,7.59,0.0,23.51
2023-07-01 05:00:00+00:00,19904.1,15.05,7.56,0.0,16.87
2023-07-01 06:00:00+00:00,22792.2,15.94,8.0,0.0,48.74
2023-07-01 07:00:00+00:00,25901.9,16.03,8.67,201.5,48.21
2023-07-01 08:00:00+00:00,27838.5,17.28,9.32,380.7,47.51
2023-07-01 09:00:00+00:00,28335.1,18.88,9.15,276.0,37.66
2023-07-01 10:00:00+00:00,29236.9,18.7,8.9,477.4,50.91
2023-07-01 11:00:00+00:00,28363.3,19.75,8.35,709.0,23.04
2023-07-01 12:00:00+00:00,27706.9,21.13,8.47,516.5,25.09
2023-07-01 13:00:00+00:00,27147.4,22.18,7.12,545.7,31.29
2023-07-01 14:00:00+00:00,26966.3,21.16,7.13,687.2,16.41
2023-07-01 15:00:00+00:00,27301.8,20.74,9.35,387.5,39.46
2023-07-01 16:00:00+00:00,29006.5,19.87,8.06,204.2,62.22
2023-07-01 17:00:00+00:00,31589.6,19.9,8.13,87.0,89.31
2023-07-01 18:00:00+00:00,32669.9,19.69,8.37,0.0,96.92
2023-07-01 19:00:00+00:00,31026.0,17.45,8.69,0.0,-11.69
2023-07-01 20:00:00+00:00,29654.8,16.6,7.85,0.0,74.91
2023-07-01 21:00:00+00:00,27510.1,16.36,8.21,0.0,51.36
2023-07-01 22:00:00+00:00,24751.6,15.71,7.74,0.0,84.09
2023-07-01 23:00:00+00:00,23348.3,15.11,6.58,0.0,55.67
2023-07-02 00:00:00+00:00,21242.8,14.34,7.35,0.0,68.04
2023-07-02 01:00:00+00:00,19933.3,13.27,7.85,0.0,27.21
2023-07-02 02:00:00+00:00,19430.2,13.02,7.05,0.0,28.94
2023-07-02 03:00:00+00:00,18698.4,13.0,6.62,0.0,24.23
2023-07-02 04:00:00+00:00,19340.7,13.52,6.19,0.0,38.97
2023-07-02 05:00:00+00:00,20670.6,14.28,4.94,0.0,49.03
2023-07-02 06:00:00+00:00,23581.9,14.84,5.64,0.0,48.27
2023-07-02 07:00:00+00:00,26102.9,16.14,6.34,165.5,50.61
2023-07-02 08:00:00+00:00,28085.1,16.64,6.11,240.2,56.76
2023-07-02 09:00:00+00:00,29151.4,16.56,6.13,538.9,54.75
2023-07-02 10:00:00+00:00,29021.7,17.66,6.27,342.1,67.88
2023-07-02 11:00:00+00:00,28988.5,18.48,6.49,387.2,62.73
2023-07-02 12:00:00+00:00,28413.2,19.43,5.46,428.4,53.6
2023-07-02 13:00:00+00:00,28229.6,19.16,5.92,413.5,46.12
2023-07-02 14:00:00+00:00,27328.6,20.57,5.06,304.2,76.76
2023-07-02 15:00:00+00:00,26792.1,21.1,5.69,328.7,59.01
2023-07-02 16:00:00+00:00,28450.6,20.81,4.92,289.3,79.69
2023-07-02 17:00:00+00:00,30868.3,19.95,4.01,109.6,115.83
2023-07-02 18:00:00+00:00,32019.0,20.13,4.14,0.0,99.89
2023-07-02 19:00:00+00:00,30725.5,18.84,4.24,0.0,112.66
2023-07-02 20:00:00+00:00,28268.6,19.48,4.46,0.0,107.29
2023-07-02 21:00:00+00:00,25752.9,18.31,3.89,0.0,71.75
2023-07-02 22:00:00+00:00,24201.6,18.55,4.2,0.0,61.78
2023-07-02 23:00:00+00:00,22286.7,17.67,4.57,0.0,48.06
2023-07-03 00:00:00+00:00,23042.7,17.98,5.61,0.0,43.23
2023-07-03 01:00:00+00:00,22005.0,17.0,5.82,0.0,56.89
2023-07-03 02:00:00+00:00,20955.0,16.65,5.41,0.0,48.92
2023-07-03 03:00:00+00:00,20409.6,16.98,4.44,0.0,36.5
2023-07-03 04:00:00+00:00,21191.4,17.42,3.37,0.0,41.1
2023-07-03 05:00:00+00:00,21964.0,18.3,3.8,0.0,53.13
2023-07-03 06:00:00+00:00,23880.4,18.39,4.58,0.0,79.72
2023-07-03 07:00:00+00:00,26931.6,18.98,4.01,161.6,66.94
2023-07-03 08:00:00+00:00,29049.2,20.37,4.36,272.5,63.97
2023-07-03 09:00:00+00:00,30405.3,20.62,4.35,505.6,71.22
2023-07-03 10:00:00+00:00,30544.8,21.66,5.05,311.3,71.46
2023-07-03 11:00:00+00:00,30454.5,22.16,5.82,321.2,94.96
2023-07-03 12:00:00+00:00,29693.5,22.82,4.11,493.3,71.75
2023-07-03 13:00:00+00:00,29258.6,23.26,5.06,524.0,56.44
2023-07-03 14:00:00+00:00,28429.6,23.0,5.35,537.8,49.04
2023-07-03 15:00:00+00:00,29232.0,22.87,5.02,262.5,73.14
2023-07-03 16:00:00+00:00,31075.6,22.8,4.73,298.1,84.22
2023-07-03 17:00:00+00:00,33392.6,22.37,4.87,182.1,134.82
2023-07-03 18:00:00+00:00,34566.7,22.78,4.58,0.0,141.96
2023-07-03 19:00:00+00:00,32786.3,22.68,3.97,0.0,122.78
2023-07-03 20:00:00+00:00,30396.2,22.02,3.56,0.0,114.94
2023-07-03 21:00:00+00:00,27913.9,20.69,2.92,0.0,93.86
2023-07-03 22:00:00+00:00,26439.9,19.33,4.18,0.0,95.73
2023-07-03 23:00:00+00:00,24476.7,19.72,4.36,0.0,39.15
2023-07-04 00:00:00+00:00,23106.4,18.42,6.26,0.0,48.37
2023-07-04 01:00:00+00:00,22224.6,17.93,6.59,0.0,36.28
2023-07-04 02:00:00+00:00,21572.2,17.77,7.07,0.0,49.32
2023-07-04 03:00:00+00:00,20180.3,17.39,6.23,0.0,36.31
2023-07-04 04:00:00+00:00,21561.7,16.81,6.1,0.0,27.79
2023-07-04 05:00:00+00:00,22500.8,16.59,6.2,0.0,49.13
2023-07-04 06:00:00+00:00,24530.0,16.69,5.74,0.0,64.67
2023-07-04 07:00:00+00:00,27538.1,16.86,5.44,99.1,92.06
2023-07-04 08:00:00+00:00,29185.4,18.36,5.85,162.3,83.17
2023-07-04 09:00:00+00:00,29672.0,19.09,6.25,312.9,69.8
2023-07-04 10:00:00+00:00,29857.1,19.52,5.24,295.2,78.59
2023-07-04 11:00:00+00:00,28815.9,20.28,5.55,321.8,45.27
2023-07-04 12:00:00+00:00,29090.6,21.27,6.06,441.7,50.24
2023-07-04 13:00:00+00:00,29049.1,21.5,5.64,763.5,17.52
2023-07-04 14:00:00+00:00,28043.3,22.31,5.17,604.2,65.42
2023-07-04 15:00:00+00:00,28677.2,21.6,5.61,345.1,60.5
2023-07-04 16:00:00+00:00,30205.0,22.18,3.66,247.5,98.5
2023-07-04 17:00:00+00:00,32537.2,21.83,3.83,196.1,98.56
2023-07-04 18:00:00+00:00,33755.3,21.28,5.27,0.0,118.51
2023-07-04 19:00:00+00:00,32741.3,20.2,3.33,0.0,123.49
2023-07-04 20:00:00+00:00,30789.2,18.72,4.15,0.0,115.88
2023-07-04 21:00:00+00:00,28033.4,16.94,4.72,0.0,89.49
2023-07-04 22:00:00+00:00,25762.8,15.73,3.71,0.0,76.27
2023-07-04 23:00:00+00:00,24257.7,15.4,4.28,0.0,50.1
2023-07-05 00:00:00+00:00,23009.2,14.25,5.2,0.0,80.5
2023-07-05 01:00:00+00:00,22028.2,12.89,4.37,0.0,51.55
2023-07-05 02:00:00+00:00,21832.1,12.12,3.95,0.0,53.95
2023-07-05 03:00:00+00:00,22004.5,11.87,4.12,0.0,52.15
2023-07-05 04:00:00+00:00,22099.8,11.85,5.03,0.0,67.64
2023-07-05 05:00:00+00:00,23374.6,12.17,4.71,0.0,56.38
2023-07-05 06:00:00+00:00,24803.2,13.36,4.79,0.0,66.28
2023-07-05 07:00:00+00:00,27528.5,14.8,4.38,144.5,81.38
2023-07-05 08:00:00+00:00,28529.0,16.77,4.53,317.5,84.22
2023-07-05 09:00:00+00:00,29509.7,16.58,5.47,489.1,60.35
2023-07-05 10:00:00+00:00,30071.6,16.88,5.63,515.3,61.61
2023-07-05 11:00:00+00:00,29749.3,18.08,5.42,323.0,73.01
2023-07-05 12:00:00+00:00,29757.4,18.46,5.47,557.7,52.34
2023-07-05 13:00:00+00:00,29263.4,19.5,4.92,578.3,74.06
2023-07-05 14:00:00+00:00,28318.2,19.95,4.25,632.7,41.5
2023-07-05 15:00:00+00:00,28190.2,21.03,5.33,225.1,76.37
2023-07-05 16:00:00+00:00,30016.3,21.55,6.69,169.4,74.35
2023-07-05 17:00:00+00:00,32533.3,21.86,5.31,126.9,111.6
2023-07-05 18:00:00+00:00,33241.6,21.09,5.85,0.0,115.53
2023-07-05 19:00:00+00:00,31391.3,20.38,6.58,0.0,103.51
2023-07-05 20:00:00+00:00,28274.8,19.44,5.65,0.0,88.25
2023-07-05 21:00:00+00:00,27400.1,17.74,5.35,0.0,72.71
2023-07-05 22:00:00+00:00,25994.3,17.84,4.98,0.0,76.67
2023-07-05 23:00:00+00:00,23842.3,17.55,6.57,0.0,37.62
2023-07-06 00:00:00+00:00,22092.7,16.71,7.88,0.0,40.42
2023-07-06 01:00:00+00:00,21756.0,16.98,7.12,0.0,35.24
2023-07-06 02:00:00+00:00,20238.0,16.25,5.97,0.0,35.14
2023-07-06 03:00:00+00:00,20620.0,15.01,6.63,0.0,36.41
2023-07-06 04:00:00+00:00,21289.6,15.71,7.07,0.0,39.23
2023-07-06 05:00:00+00:00,22341.5,15.22,8.04,0.0,15.72
2023-07-06 06:00:00+00:00,25407.1,15.58,7.16,0.0,205.16
2023-07-06 07:00:00+00:00,28015.8,16.33,7.72,126.4,68.14
2023-07-06 08:00:00+00:00,30178.0,17.29,7.11,302.7,84.84
2023-07-06 09:00:00+00:00,30577.1,18.57,7.59,481.2,81.93
2023-07-06 10:00:00+00:00,29981.2,19.67,7.53,609.5,63.45
2023-07-06 11:00:00+00:00,30671.3,20.7,8.99,432.4,45.23
2023-07-06 12:00:00+00:00,29925.3,20.8,9.24,392.0,55.19
2023-07-06 13:00:00+00:00,29094.1,21.43,8.88,752.5,31.96
2023-07-06 14:00:00+00:00,29168.3,20.8,8.9,290.9,61.11
2023-07-06 15:00:00+00:00,29959.8,21.84,8.72,495.0,45.12
2023-07-06 16:00:00+00:00,31001.4,20.86,7.74,162.4,84.04
2023-07-06 17:00:00+00:00,34036.6,20.35,9.2,141.0,97.07
2023-07-06 18:00:00+00:00,34793.4,19.09,10.34,0.0,95.65
2023-07-06 19:00:00+00:00,33142.2,18.06,10.04,0.0,96.25
2023-07-06 20:00:00+00:00,30885.4,17.38,10.43,0.0,65.61
2023-07-06 21:00:00+00:00,28727.8,16.32,11.87,0.0,81.16
2023-07-06 22:00:00+00:00,25587.6,16.28,12.59,0.0,31.14
2023-07-06 23:00:00+00:00,24080.0,15.72,12.07,0.0,34.26
2023-07-07 00:00:00+00:00,23075.2,14.86,11.75,0.0,26.86
2023-07-07 01:00:00+00:00,21933.6,14.33,10.17,0.0,27.56
2023-07-07 02:00:00+00:00,21302.0,14.79,10.62,0.0,26.24
2023-07-07 03:00:00+00:00,20853.5,15.24,11.41,0.0,24.43
2023-07-07 04:00:00+00:00,21289.1,14.65,12.16,0.0,12.78
2023-07-07 05:00:00+00:00,22750.1,14.55,12.45,0.0,27.14
2023-07-07 06:00:00+00:00,24869.4,15.34,12.46,0.0,36.53
2023-07-07 07:00:00+00:00,27532.7,16.18,11.4,177.1,27.83
2023-07-07 08:00:00+00:00,29754.6,16.28,11.43,173.3,54.47
2023-07-07 09:00:00+00:00,29866.8,17.53,10.72,267.9,49.74
2023-07-07 10:00:00+00:00,30433.6,17.79,10.94,295.6,58.28
2023-07-07 11:00:00+00:00,29959.2,19.32,10.15,391.5,53.68
2023-07-07 12:00:00+00:00,30068.4,20.26,10.4,521.7,37.89
2023-07-07 13:00:00+00:00,30048.7,20.05,11.26,323.0,50.08
2023-07-07 14:00:00+00:00,29539.2,20.04,11.34,440.6,35.84
2023-07-07 15:00:00+00:00,30090.7,19.84,11.38,383.0,35.81
2023-07-07 16:00:00+00:00,31983.1,19.87,11.88,183.4,77.04
2023-07-07 17:00:00+00:00,34255.7,19.47,13.02,88.2,84.91
2023-07-07 18:00:00+00:00,35242.7,18.34,12.63,0.0,112.5
2023-07-07 19:00:00+00:00,33415.1,16.93,12.76,0.0,79.97
2023-07-07 20:00:00+00:00,31917.9,16.61,13.65,0.0,62.25
2023-07-07 21:00:00+00:00,29599.1,16.07,13.84,0.0,32.0
2023-07-07 22:00:00+00:00,26657.6,15.41,11.94,0.0,68.9
2023-07-07 23:00:00+00:00,24595.9,14.9,11.13,0.0,43.13
2023-07-08 00:00:00+00:00,21902.7,13.97,11.51,0.0,27.54
2023-07-08 01:00:00+00:00,20291.4,13.66,10.97,0.0,30.09
2023-07-08 02:00:00+00:00,20049.5,14.93,11.9,0.0,8.0
2023-07-08 03:00:00+00:00,20133.9,15.54,13.11,0.0,-6.52
2023-07-08 04:00:00+00:00,19620.0,15.45,12.34,0.0,10.68
2023-07-08 05:00:00+00:00,21070.9,15.42,11.27,0.0,13.85
2023-07-08 06:00:00+00:00,23200.0,14.18,10.77,0.0,13.41
2023-07-08 07:00:00+00:00,25482.2,15.49,10.25,136.0,53.46
2023-07-08 08:00:00+00:00,27121.6,16.71,11.29,330.6,17.53
2023-07-08 09:00:00+00:00,27470.1,17.18,10.27,380.1,25.18
2023-07-08 10:00:00+00:00,27929.4,17.12,10.69,621.1,23.51
2023-07-08 11:00:00+00:00,27784.5,17.19,11.59,365.0,8.3
2023-07-08 12:00:00+00:00,27684.6,18.15,12.0,322.0,29.61
2023-07-08 13:00:00+00:00,27055.9,18.63,12.09,475.2,194.27
2023-07-08 14:00:00+00:00,26494.0,19.4,11.71,324.3,33.62
2023-07-08 15:00:00+00:00,26587.8,19.59,12.92,281.6,26.07
2023-07-08 16:00:00+00:00,28954.6,20.11,12.43,168.2,52.29
2023-07-08 17:00:00+00:00,31153.5,20.06,12.9,133.7,67.14
2023-07-08 18:00:00+00:00,32677.7,20.09,12.48,0.0,93.86
2023-07-08 19:00:00+00:00,30763.0,18.21,10.77,0.0,72.35
2023-07-08 20:00:00+00:00,28637.9,16.78,10.37,0.0,56.42
2023-07-08 21:00:00+00:00,26636.4,15.85,10.08,0.0,46.5
2023-07-08 22:00:00+00:00,24707.8,15.78,9.81,0.0,52.03
2023-07-08 23:00:00+00:00,23189.2,16.23,9.15,0.0,37.33
2023-07-09 00:00:00+00:00,21916.5,15.53,9.54,0.0,24.49
2023-07-09 01:00:00+00:00,20669.6,14.69,9.99,0.0,31.34
2023-07-09 02:00:00+00:00,20049.1,13.24,9.6,0.0,24.7
2023-07-09 03:00:00+00:00,19434.6,13.71,9.22,0.0,33.04
2023-07-09 04:00:00+00:00,20803.4,13.52,8.29,0.0,33.35
2023-07-09 05:00:00+00:00,20788.1,15.64,8.42,0.0,35.28
2023-07-09 06:00:00+00:00,22844.1,15.66,9.43,0.0,32.65
2023-07-09 07:00:00+00:00,25200.1,17.55,10.39,157.4,13.17
2023-07-09 08:00:00+00:00,26770.6,18.69,9.75,179.4,40.28
2023-07-09 09:00:00+00:00,26990.8,18.8,11.17,442.6,13.01
2023-07-09 10:00:00+00:00,26667.8,19.69,10.68,623.4,-5.45
2023-07-09 11:00:00+00:00,26806.3,20.85,9.7,716.6,9.22
2023-07-09 12:00:00+00:00,27040.5,21.29,8.5,573.6,34.87
2023-07-09 13:00:00+00:00,26726.3,22.24,7.58,357.0,39.68
2023-07-09 14:00:00+00:00,26102.3,22.98,7.81,532.8,30.63
2023-07-09 15:00:00+00:00,25821.6,23.37,7.57,268.9,39.58
2023-07-09 16:00:00+00:00,26934.5,23.19,7.05,169.7,60.43
2023-07-09 17:00:00+00:00,29045.2,22.11,6.38,106.8,76.74
2023-07-09 18:00:00+00:00,29890.6,21.54,5.57,0.0,102.96
2023-07-09 19:00:00+00:00,28612.7,20.98,4.94,0.0,101.49
2023-07-09 20:00:00+00:00,27014.9,19.08,5.84,0.0,98.36
2023-07-09 21:00:00+00:00,25024.6,18.4,7.31,0.0,55.64
2023-07-09 22:00:00+00:00,23599.4,17.55,8.75,0.0,42.88
2023-07-09 23:00:00+00:00,22904.3,16.04,9.2,0.0,49.69
2023-07-10 00:00:00+00:00,23702.2,15.24,8.7,0.0,42.49
2023-07-10 01:00:00+00:00,21680.2,14.6,8.1,0.0,42.07
2023-07-10 02:00:00+00:00,20766.8,15.48,8.63,0.0,23.63
2023-07-10 03:00:00+00:00,20460.1,15.5,8.36,0.0,32.26
2023-07-10 04:00:00+00:00,21183.4,16.2,8.61,0.0,37.25
2023-07-10 05:00:00+00:00,21812.2,16.4,10.04,0.0,40.38
2023-07-10 06:00:00+00:00,23626.1,15.72,10.06,0.0,30.49
2023-07-10 07:00:00+00:00,27005.4,16.75,11.69,124.7,45.52
2023-07-10 08:00:00+00:00,28744.9,17.07,10.57,302.8,42.85
2023-07-10 09:00:00+00:00,29289.4,17.64,10.74,441.0,20.26
2023-07-10 10:00:00+00:00,29102.4,17.8,10.8,647.5,14.11
2023-07-10 11:00:00+00:00,28866.8,18.59,9.84,658.1,15.88
2023-07-10 12:00:00+00:00,28889.7,19.88,10.33,403.5,43.49
2023-07-10 13:00:00+00:00,27377.0,20.92,11.36,584.9,2.76
2023-07-10 14:00:00+00:00,27455.0,22.16,12.86,659.2,-0.58
2023-07-10 15:00:00+00:00,28475.8,23.26,12.89,346.2,27.14
2023-07-10 16:00:00+00:00,30487.5,21.86,11.11,335.5,55.95
2023-07-10 17:00:00+00:00,33924.9,20.82,11.28,146.2,78.04
2023-07-10 18:00:00+00:00,34509.7,19.25,11.64,0.0,80.07
2023-07-10 19:00:00+00:00,32912.6,19.03,11.23,0.0,96.8
2023-07-10 20:00:00+00:00,31349.8,17.9,11.18,0.0,72.78
2023-07-10 21:00:00+00:00,29130.8,16.86,10.6,0.0,79.24
2023-07-10 22:00:00+00:00,27288.7,15.98,10.31,0.0,58.54
2023-07-10 23:00:00+00:00,25625.1,15.52,10.94,0.0,46.04
2023-07-11 00:00:00+00:00,24591.1,14.05,11.83,0.0,40.43
2023-07-11 01:00:00+00:00,23614.0,12.88,10.6,0.0,41.59
2023-07-11 02:00:00+00:00,22818.9,12.65,10.02,0.0,32.76
2023-07-11 03:00:00+00:00,22122.6,13.34,8.62,0.0,32.51
2023-07-11 04:00:00+00:00,21898.8,13.48,9.98,0.0,27.74
2023-07-11 05:00:00+00:00,23454.8,13.35,10.51,0.0,16.6
2023-07-11 06:00:00+00:00,26943.0,12.6,8.77,0.0,74.79
2023-07-11 07:00:00+00:00,28418.0,13.89,8.63,152.5,55.01
2023-07-11 08:00:00+00:00,30599.5,14.25,8.33,184.5,70.9
2023-07-11 09:00:00+00:00,31125.4,14.42,7.67,537.7,53.32
2023-07-11 10:00:00+00:00,31536.5,14.28,8.45,401.9,69.09
2023-07-11 11:00:00+00:00,30788.9,14.27,9.17,313.7,62.02
2023-07-11 12:00:00+00:00,30235.4,14.47,9.27,312.4,66.2
2023-07-11 13:00:00+00:00,29953.9,14.97,8.66,634.4,43.15
2023-07-11 14:00:00+00:00,29567.6,14.71,8.08,607.0,32.62
2023-07-11 15:00:00+00:00,30005.0,15.11,8.06,485.7,44.13
2023-07-11 16:00:00+00:00,31365.8,15.04,7.65,286.4,74.25
2023-07-11 17:00:00+00:00,33589.9,16.25,7.61,157.1,106.97
2023-07-11 18:00:00+00:00,34714.8,14.88,8.02,0.0,121.05
2023-07-11 19:00:00+00:00,33449.8,14.51,6.77,0.0,121.19
2023-07-11 20:00:00+00:00,31794.7,14.04,6.19,0.0,105.47
2023-07-11 21:00:00+00:00,29858.5,12.78,6.2,0.0,106.39
2023-07-11 22:00:00+00:00,27576.0,12.22,7.46,0.0,79.32
2023-07-11 23:00:00+00:00,26177.6,12.11,8.1,0.0,58.09
2023-07-12 00:00:00+00:00,25637.5,11.69,8.04,0.0,58.44
2023-07-12 01:00:00+00:00,23628.8,12.17,8.31,0.0,55.73
2023-07-12 02:00:00+00:00,24013.4,10.66,8.16,0.0,65.73
2023-07-12 03:00:00+00:00,23342.0,10.18,8.95,0.0,25.13
2023-07-12 04:00:00+00:00,23210.1,11.31,9.19,0.0,42.99
2023-07-12 05:00:00+00:00,24077.1,12.27,10.08,0.0,24.68
2023-07-12 06:00:00+00:00,25816.5,13.17,8.86,0.0,50.23
2023-07-12 07:00:00+00:00,28151.3,14.61,8.14,128.8,71.04
2023-07-12 08:00:00+00:00,29282.0,14.24,8.3,157.3,71.39
2023-07-12 09:00:00+00:00,30066.2,15.58,8.62,309.3,54.14
2023-07-12 10:00:00+00:00,29994.5,17.07,10.42,402.7,41.02
2023-07-12 11:00:00+00:00,29743.3,17.45,8.83,505.3,54.37
2023-07-12 12:00:00+00:00,29243.5,19.71,8.71,637.6,33.98
2023-07-12 13:00:00+00:00,29068.9,20.31,8.57,503.0,42.6
2023-07-12 14:00:00+00:00,28864.9,19.3,8.67,419.3,57.03
2023-07-12 15:00:00+00:00,28641.3,19.68,9.95,301.5,54.88
2023-07-12 16:00:00+00:00,30488.9,19.19,10.48,334.4,49.08
2023-07-12 17:00:00+00:00,32511.8,19.64,9.06,175.4,90.34
2023-07-12 18:00:00+00:00,33585.0,19.52,10.15,0.0,94.83
2023-07-12 19:00:00+00:00,32521.7,18.55,11.17,0.0,86.44
2023-07-12 20:00:00+00:00,30550.5,18.76,11.17,0.0,56.49
2023-07-12 21:00:00+00:00,28662.3,18.55,9.7,0.0,64.61
2023-07-12 22:00:00+00:00,26711.9,17.26,9.44,0.0,61.51
2023-07-12 23:00:00+00:00,24427.6,16.44,9.69,0.0,33.72
2023-07-13 00:00:00+00:00,23011.1,16.14,10.33,0.0,29.66
2023-07-13 01:00:00+00:00,21025.4,15.44,8.78,0.0,13.33
2023-07-13 02:00:00+00:00,20461.3,14.93,8.09,0.0,36.78
2023-07-13 03:00:00+00:00,20093.2,14.86,8.89,0.0,37.15
2023-07-13 04:00:00+00:00,21088.8,14.32,9.97,0.0,13.28
2023-07-13 05:00:00+00:00,22982.9,13.31,10.16,0.0,17.88
2023-07-13 06:00:00+00:00,25837.4,13.99,10.9,0.0,52.24
2023-07-13 07:00:00+00:00,28703.4,13.47,11.06,97.5,58.61
2023-07-13 08:00:00+00:00,30560.7,13.69,11.61,157.9,64.44
2023-07-13 09:00:00+00:00,31496.3,13.51,11.5,283.7,64.16
2023-07-13 10:00:00+00:00,32437.5,13.43,11.65,604.4,40.28
2023-07-13 11:00:00+00:00,31598.6,14.57,10.46,540.4,58.55
2023-07-13 12:00:00+00:00,30833.4,15.21,10.85,490.8,56.54
2023-07-13 13:00:00+00:00,30069.6,15.68,9.68,405.8,68.74
2023-07-13 14:00:00+00:00,29791.5,15.33,10.11,505.7,59.05
2023-07-13 15:00:00+00:00,30517.5,15.21,9.61,538.9,35.94
2023-07-13 16:00:00+00:00,31848.9,15.51,9.77,235.8,82.74
2023-07-13 17:00:00+00:00,33745.6,15.34,8.89,182.1,93.95
2023-07-13 18:00:00+00:00,35742.7,15.51,8.4,0.0,100.68
2023-07-13 19:00:00+00:00,33433.4,15.61,8.61,0.0,109.94
2023-07-13 20:00:00+00:00,31636.2,14.85,9.12,0.0,84.07
2023-07-13 21:00:00+00:00,30207.0,13.08,9.87,0.0,78.59
2023-07-13 22:00:00+00:00,28174.6,11.99,8.83,0.0,60.63
2023-07-13 23:00:00+00:00,25879.9,11.37,7.56,0.0,78.15
2023-07-14 00:00:00+00:00,26217.3,10.44,6.77,0.0,62.44
2023-07-14 01:00:00+00:00,25185.8,9.49,5.95,0.0,62.27
2023-07-14 02:00:00+00:00,24152.3,9.41,7.23,0.0,67.95
2023-07-14 03:00:00+00:00,22534.3,10.94,8.27,0.0,43.99
2023-07-14 04:00:00+00:00,21963.7,10.87,7.42,0.0,60.31
2023-07-14 05:00:00+00:00,23506.5,11.3,8.74,0.0,53.4
2023-07-14 06:00:00+00:00,25687.4,11.11,9.65,0.0,63.66
2023-07-14 07:00:00+00:00,28137.4,12.62,8.25,118.1,56.03
2023-07-14 08:00:00+00:00,29287.6,13.98,7.38,282.3,69.71
2023-07-14 09:00:00+00:00,29909.2,15.34,6.06,255.1,97.3
2023-07-14 10:00:00+00:00,30169.0,17.01,6.04,314.7,65.52
2023-07-14 11:00:00+00:00,30239.9,17.53,6.1,329.1,75.56
2023-07-14 12:00:00+00:00,30253.8,18.03,6.16,541.8,58.92
2023-07-14 13:00:00+00:00,29227.1,19.6,4.62,426.6,73.13
2023-07-14 14:00:00+00:00,28301.9,20.3,3.62,283.3,88.15
2023-07-14 15:00:00+00:00,28641.0,19.09,3.99,382.8,74.75
2023-07-14 16:00:00+00:00,30771.9,19.32,4.63,323.7,107.27
2023-07-14 17:00:00+00:00,33252.5,18.72,3.17,160.1,97.99
2023-07-14 18:00:00+00:00,33327.0,18.84,2.36,0.0,111.04
2023-07-14 19:00:00+00:00,32033.7,18.5,3.39,0.0,122.07
2023-07-14 20:00:00+00:00,29623.0,16.76,2.61,0.0,127.06
2023-07-14 21:00:00+00:00,27734.6,16.21,2.82,0.0,100.28
2023-07-14 22:00:00+00:00,25927.9,15.61,2.0,0.0,91.24
2023-07-14 23:00:00+00:00,23046.6,15.15,2.9,0.0,54.3
2023-07-15 00:00:00+00:00,20611.5,14.92,1.53,0.0,63.04
2023-07-15 01:00:00+00:00,18980.8,15.37,1.56,0.0,50.83
2023-07-15 02:00:00+00:00,18979.1,15.32,2.57,0.0,48.97
2023-07-15 03:00:00+00:00,19087.9,15.23,3.27,0.0,46.14
2023-07-15 04:00:00+00:00,19201.0,16.01,3.09,0.0,56.09
2023-07-15 05:00:00+00:00,20591.5,17.63,2.74,0.0,55.06
2023-07-15 06:00:00+00:00,22623.8,18.59,2.77,0.0,62.92
2023-07-15 07:00:00+00:00,24868.5,19.25,1.97,105.3,81.82
2023-07-15 08:00:00+00:00,27353.0,20.15,2.15,201.7,88.48
2023-07-15 09:00:00+00:00,27681.2,20.99,2.33,302.0,70.19
2023-07-15 10:00:00+00:00,28581.5,21.69,2.23,385.5,86.09
2023-07-15 11:00:00+00:00,28783.8,23.63,3.25,612.6,49.05
2023-07-15 12:00:00+00:00,27957.9,23.67,2.6,755.8,56.46
2023-07-15 13:00:00+00:00,27705.1,24.74,1.49,317.7,80.72
2023-07-15 14:00:00+00:00,27565.4,24.84,1.35,395.8,68.87
2023-07-15 15:00:00+00:00,28413.2,23.93,1.73,435.7,108.14
2023-07-15 16:00:00+00:00,29706.7,23.63,1.91,224.6,103.46
2023-07-15 17:00:00+00:00,31760.9,22.92,2.05,102.5,133.35
2023-07-15 18:00:00+00:00,32727.9,22.72,1.42,0.0,138.65
2023-07-15 19:00:00+00:00,31036.6,22.07,0.93,0.0,145.0
2023-07-15 20:00:00+00:00,28202.6,20.66,0.85,0.0,122.66
2023-07-15 21:00:00+00:00,26604.9,20.71,0.71,0.0,103.69
2023-07-15 22:00:00+00:00,24869.2,20.51,1.89,0.0,99.41
2023-07-15 23:00:00+00:00,22950.5,20.64,2.35,0.0,87.57
2023-07-16 00:00:00+00:00,21013.9,20.04,2.16,0.0,60.9
2023-07-16 01:00:00+00:00,19746.3,19.41,3.26,0.0,51.38
2023-07-16 02:00:00+00:00,18734.0,19.41,3.8,0.0,63.46
2023-07-16 03:00:00+00:00,18396.7,18.84,2.9,0.0,47.37
2023-07-16 04:00:00+00:00,18866.9,18.9,0.57,0.0,71.93
2023-07-16 05:00:00+00:00,20414.9,18.98,0.0,0.0,81.43
2023-07-16 06:00:00+00:00,23430.3,18.47,0.67,0.0,98.53
2023-07-16 07:00:00+00:00,26572.6,19.09,1.69,115.6,102.65
2023-07-16 08:00:00+00:00,27728.0,19.48,0.66,380.8,58.82
2023-07-16 09:00:00+00:00,28595.4,20.04,1.49,534.2,70.46
2023-07-16 10:00:00+00:00,28373.8,20.97,2.25,541.7,66.75
2023-07-16 11:00:00+00:00,27994.5,22.39,3.58,401.2,73.36
2023-07-16 12:00:00+00:00,27667.9,22.42,4.49,389.4,55.58
2023-07-16 13:00:00+00:00,27135.9,22.62,5.67,323.2,58.49
2023-07-16 14:00:00+00:00,27239.0,22.4,6.12,290.2,47.58
2023-07-16 15:00:00+00:00,27602.0,21.96,6.52,523.2,23.19
2023-07-16 16:00:00+00:00,28734.2,21.48,6.28,292.4,94.95
2023-07-16 17:00:00+00:00,30457.5,21.04,6.96,103.1,84.11
2023-07-16 18:00:00+00:00,31784.6,20.9,5.92,0.0,122.15
2023-07-16 19:00:00+00:00,30576.2,20.45,5.86,0.0,111.43
2023-07-16 20:00:00+00:00,29034.5,19.06,6.34,0.0,86.46
2023-07-16 21:00:00+00:00,26769.3,19.05,7.48,0.0,86.15
2023-07-16 22:00:00+00:00,24407.5,18.81,7.08,0.0,49.95
2023-07-16 23:00:00+00:00,22726.9,17.5,7.83,0.0,43.98
2023-07-17 00:00:00+00:00,22908.1,17.58,7.64,0.0,52.98
2023-07-17 01:00:00+00:00,21027.0,17.25,8.38,0.0,31.91
2023-07-17 02:00:00+00:00,20938.7,16.8,7.68,0.0,33.24
2023-07-17 03:00:00+00:00,20883.2,16.87,8.21,0.0,12.06
2023-07-17 04:00:00+00:00,21818.6,16.9,8.08,0.0,45.64
2023-07-17 05:00:00+00:00,23750.6,17.47,7.1,0.0,63.98
2023-07-17 06:00:00+00:00,25771.3,18.0,6.97,0.0,62.83
2023-07-17 07:00:00+00:00,28444.4,18.35,8.01,105.9,79.8
2023-07-17 08:00:00+00:00,29531.1,17.8,7.16,172.1,79.29
2023-07-17 09:00:00+00:00,30404.0,18.88,5.99,353.8,86.3
2023-07-17 10:00:00+00:00,29463.0,19.41,6.35,560.8,60.58
2023-07-17 11:00:00+00:00,28899.7,20.58,5.07,625.5,48.65
2023-07-17 12:00:00+00:00,28964.6,21.45,6.39,509.2,74.22
2023-07-17 13:00:00+00:00,28221.2,21.68,7.63,493.2,34.39
2023-07-17 14:00:00+00:00,28149.3,22.56,8.41,504.4,7.59
2023-07-17 15:00:00+00:00,28526.8,22.74,8.33,518.9,13.27
2023-07-17 16:00:00+00:00,29958.0,22.68,9.56,187.3,69.73
2023-07-17 17:00:00+00:00,31586.8,22.25,10.49,127.2,51.74
2023-07-17 18:00:00+00:00,33214.4,22.73,9.9,0.0,90.17
2023-07-17 19:00:00+00:00,31767.3,21.6,10.88,0.0,93.72
2023-07-17 20:00:00+00:00,30012.6,20.62,9.97,0.0,51.77
2023-07-17 21:00:00+00:00,28009.7,19.05,9.67,0.0,64.1
2023-07-17 22:00:00+00:00,25679.4,18.68,8.13,0.0,60.07
2023-07-17 23:00:00+00:00,24043.0,17.56,8.19,0.0,35.29
2023-07-18 00:00:00+00:00,22813.8,16.62,7.9,0.0,47.41
2023-07-18 01:00:00+00:00,21524.6,15.81,7.5,0.0,37.36
2023-07-18 02:00:00+00:00,20553.4,15.54,7.35,0.0,40.45
2023-07-18 03:00:00+00:00,21649.9,14.67,6.88,0.0,42.91
2023-07-18 04:00:00+00:00,22772.7,13.44,6.91,0.0,45.06
2023-07-18 05:00:00+00:00,24236.4,14.06,7.92,0.0,56.91
2023-07-18 06:00:00+00:00,27222.8,13.31,7.05,0.0,88.64
2023-07-18 07:00:00+00:00,29306.7,14.52,7.72,180.7,85.61
2023-07-18 08:00:00+00:00,30604.5,16.24,7.85,159.5,86.39
2023-07-18 09:00:00+00:00,31030.8,16.95,8.1,310.9,78.93
2023-07-18 10:00:00+00:00,30726.6,18.54,8.02,514.2,48.1
2023-07-18 11:00:00+00:00,30742.2,19.25,7.41,569.0,51.5
2023-07-18 12:00:00+00:00,29933.6,20.84,7.74,450.0,60.76
2023-07-18 13:00:00+00:00,28812.7,21.02,8.11,372.9,55.37
2023-07-18 14:00:00+00:00,27992.7,19.89,7.42,373.6,57.73
2023-07-18 15:00:00+00:00,28314.2,19.97,6.36,503.9,64.35
2023-07-18 16:00:00+00:00,30064.9,20.93,6.46,212.5,79.73
2023-07-18 17:00:00+00:00,32359.3,20.95,7.07,137.1,81.95
2023-07-18 18:00:00+00:00,33491.0,20.15,7.86,0.0,100.27
2023-07-18 19:00:00+00:00,31614.0,19.73,8.75,0.0,95.15
2023-07-18 20:00:00+00:00,30071.1,19.58,8.96,0.0,78.99
2023-07-18 21:00:00+00:00,27589.1,18.73,8.65,0.0,57.18
2023-07-18 22:00:00+00:00,24849.4,19.5,8.57,0.0,53.05
2023-07-18 23:00:00+00:00,23015.7,18.4,7.52,0.0,40.76
2023-07-19 00:00:00+00:00,22016.3,18.32,6.96,0.0,51.03
2023-07-19 01:00:00+00:00,21426.1,18.23,6.92,0.0,57.05
2023-07-19 02:00:00+00:00,20893.1,17.42,6.71,0.0,51.43
2023-07-19 03:00:00+00:00,19958.2,17.0,6.8,0.0,24.4
2023-07-19 04:00:00+00:00,20691.8,17.65,5.74,0.0,37.61
2023-07-19 05:00:00+00:00,22230.0,17.96,4.9,0.0,42.19
2023-07-19 06:00:00+00:00,24428.6,18.56,5.61,0.0,78.13
2023-07-19 07:00:00+00:00,27605.6,18.12,5.03,108.7,82.69
2023-07-19 08:00:00+00:00,30115.9,19.19,4.6,165.4,110.6
2023-07-19 09:00:00+00:00,30249.6,20.08,4.79,312.9,89.83
2023-07-19 10:00:00+00:00,30697.7,20.75,4.17,327.6,84.26
2023-07-19 11:00:00+00:00,30893.5,21.63,5.18,594.8,47.46
2023-07-19 12:00:00+00:00,30499.7,21.95,4.29,594.3,70.77
2023-07-19 13:00:00+00:00,29194.0,22.01,4.43,586.0,80.78
2023-07-19 14:00:00+00:00,29482.9,22.12,3.97,529.6,76.52
2023-07-19 15:00:00+00:00,30052.3,21.91,4.24,247.9,88.93
2023-07-19 16:00:00+00:00,32045.2,23.09,3.99,200.5,115.37
2023-07-19 17:00:00+00:00,34246.3,23.27,4.12,165.5,129.26
2023-07-19 18:00:00+00:00,35377.5,22.13,5.22,0.0,147.41
2023-07-19 19:00:00+00:00,33333.3,22.67,4.77,0.0,116.33
2023-07-19 20:00:00+00:00,31433.4,21.59,4.34,0.0,120.16
2023-07-19 21:00:00+00:00,29027.8,20.75,4.23,0.0,87.12
2023-07-19 22:00:00+00:00,25773.6,20.43,5.52,0.0,56.77
2023-07-19 23:00:00+00:00,23592.5,18.43,5.52,0.0,69.4
2023-07-20 00:00:00+00:00,22721.5,17.6,6.56,0.0,64.03
2023-07-20 01:00:00+00:00,21702.9,16.73,6.44,0.0,46.11
2023-07-20 02:00:00+00:00,21347.6,16.51,7.4,0.0,37.87
2023-07-20 03:00:00+00:00,20878.6,16.59,7.7,0.0,37.83
2023-07-20 04:00:00+00:00,21303.6,16.6,8.1,0.0,46.28
2023-07-20 05:00:00+00:00,22790.0,16.78,6.92,0.0,58.97
2023-07-20 06:00:00+00:00,26199.7,17.85,5.69,0.0,80.42
2023-07-20 07:00:00+00:00,28769.0,18.59,6.59,104.4,87.04
2023-07-20 08:00:00+00:00,30862.1,19.28,7.44,358.1,78.09
2023-07-20 09:00:00+00:00,31526.3,20.08,9.31,405.5,49.61
2023-07-20 10:00:00+00:00,31342.0,21.9,8.03,438.6,69.12
2023-07-20 11:00:00+00:00,30329.2,22.63,8.36,599.0,31.48
2023-07-20 12:00:00+00:00,30635.8,22.85,7.49,430.3,73.8
2023-07-20 13:00:00+00:00,29896.5,22.1,6.89,646.5,54.76
2023-07-20 14:00:00+00:00,29167.7,21.49,6.5,469.3,57.37
2023-07-20 15:00:00+00:00,29001.9,21.29,6.82,493.3,50.44
2023-07-20 16:00:00+00:00,30944.6,21.12,6.31,297.2,92.32
2023-07-20 17:00:00+00:00,32919.3,20.48,6.37,108.8,108.64
2023-07-20 18:00:00+00:00,33645.2,20.22,7.06,0.0,116.99
2023-07-20 19:00:00+00:00,31995.7,19.25,7.94,0.0,103.11
2023-07-20 20:00:00+00:00,30063.0,17.98,8.43,0.0,89.59
2023-07-20 21:00:00+00:00,28346.3,17.6,8.71,0.0,85.37
2023-07-20 22:00:00+00:00,25839.7,17.66,8.52,0.0,43.61
2023-07-20 23:00:00+00:00,24001.8,16.25,8.0,0.0,50.33
2023-07-21 00:00:00+00:00,22915.8,15.78,8.37,0.0,22.72
2023-07-21 01:00:00+00:00,21740.7,14.16,7.48,0.0,44.72
2023-07-21 02:00:00+00:00,21414.0,13.01,7.55,0.0,31.97
2023-07-21 03:00:00+00:00,21187.2,12.62,6.68,0.0,43.13
2023-07-21 04:00:00+00:00,21441.5,13.47,6.66,0.0,35.6
2023-07-21 05:00:00+00:00,23504.2,13.35,5.85,0.0,51.87
2023-07-21 06:00:00+00:00,25255.4,13.4,5.6,0.0,67.6
2023-07-21 07:00:00+00:00,28146.8,14.12,5.14,183.3,79.39
2023-07-21 08:00:00+00:00,29556.5,14.93,4.61,307.7,87.79
2023-07-21 09:00:00+00:00,30094.4,15.31,4.66,467.3,65.02
2023-07-21 10:00:00+00:00,29921.5,17.36,2.88,514.4,78.95
2023-07-21 11:00:00+00:00,30216.4,17.96,1.68,430.5,95.93
2023-07-21 12:00:00+00:00,28787.1,18.7,2.57,670.0,56.32
2023-07-21 13:00:00+00:00,27864.2,18.97,2.91,390.3,77.8
2023-07-21 14:00:00+00:00,28307.5,19.59,2.55,429.7,62.82
2023-07-21 15:00:00+00:00,29235.7,20.47,3.53,322.8,74.7
2023-07-21 16:00:00+00:00,31806.1,21.38,3.21,189.5,121.11
2023-07-21 17:00:00+00:00,34168.5,20.61,2.94,171.4,105.08
2023-07-21 18:00:00+00:00,35117.4,20.79,2.53,0.0,144.27
2023-07-21 19:00:00+00:00,32601.1,20.48,4.25,0.0,124.0
2023-07-21 20:00:00+00:00,30527.7,20.31,4.57,0.0,111.57
2023-07-21 21:00:00+00:00,28699.6,19.43,4.84,0.0,99.5
2023-07-21 22:00:00+00:00,26045.6,18.5,5.32,0.0,75.99
2023-07-21 23:00:00+00:00,24220.6,18.3,3.95,0.0,70.82
2023-07-22 00:00:00+00:00,21396.5,18.18,3.64,0.0,50.88
2023-07-22 01:00:00+00:00,20758.3,18.58,4.16,0.0,68.17
2023-07-22 02:00:00+00:00,20064.8,18.3,4.3,0.0,55.49
2023-07-22 03:00:00+00:00,19554.5,18.04,6.16,0.0,37.62
2023-07-22 04:00:00+00:00,20037.2,16.57,5.78,0.0,38.92
2023-07-22 05:00:00+00:00,20889.0,15.86,6.58,0.0,34.45
2023-07-22 06:00:00+00:00,23646.6,16.08,7.23,0.0,52.95
2023-07-22 07:00:00+00:00,26226.6,16.04,7.33,153.1,47.7
2023-07-22 08:00:00+00:00,28264.3,17.26,7.57,223.0,76.99
2023-07-22 09:00:00+00:00,28708.1,17.25,7.32,399.4,45.82
2023-07-22 10:00:00+00:00,28313.4,17.75,5.76,324.6,53.55
2023-07-22 11:00:00+00:00,28137.8,18.22,6.09,318.0,93.42
2023-07-22 12:00:00+00:00,27599.2,19.6,6.47,322.2,56.66
2023-07-22 13:00:00+00:00,27432.3,19.73,6.96,407.2,39.68
2023-07-22 14:00:00+00:00,26583.9,20.33,7.01,329.7,56.21
2023-07-22 15:00:00+00:00,26993.7,20.56,7.77,340.5,32.79
2023-07-22 16:00:00+00:00,28451.0,21.01,7.05,347.3,51.32
2023-07-22 17:00:00+00:00,31446.8,21.22,8.2,121.7,94.31
2023-07-22 18:00:00+00:00,32604.5,20.7,7.36,0.0,127.93
2023-07-22 19:00:00+00:00,30969.0,19.05,7.26,0.0,107.48
2023-07-22 20:00:00+00:00,28773.8,18.2,7.78,0.0,88.53
2023-07-22 21:00:00+00:00,27362.5,17.42,7.34,0.0,89.12
2023-07-22 22:00:00+00:00,25097.0,16.84,7.91,0.0,55.66
2023-07-22 23:00:00+00:00,22723.0,15.68,7.59,0.0,31.32
2023-07-23 00:00:00+00:00,21824.5,15.75,7.66,0.0,33.23
2023-07-23 01:00:00+00:00,20191.8,15.29,7.48,0.0,45.12
2023-07-23 02:00:00+00:00,19781.7,14.44,7.01,0.0,19.61
2023-07-23 03:00:00+00:00,18585.7,14.08,8.77,0.0,13.4
2023-07-23 04:00:00+00:00,19020.5,15.36,8.02,0.0,21.9
2023-07-23 05:00:00+00:00,19940.5,16.05,6.18,0.0,41.13
2023-07-23 06:00:00+00:00,22324.4,17.14,5.6,0.0,60.43
2023-07-23 07:00:00+00:00,24778.0,17.09,5.77,189.5,61.05
2023-07-23 08:00:00+00:00,26849.0,17.39,5.54,289.7,90.61
2023-07-23 09:00:00+00:00,27616.3,17.75,6.41,319.0,66.47
2023-07-23 10:00:00+00:00,27145.0,18.64,7.2,472.2,55.1
2023-07-23 11:00:00+00:00,27056.1,19.26,6.94,692.7,26.22
2023-07-23 12:00:00+00:00,26791.0,19.6,5.63,597.7,57.96
2023-07-23 13:00:00+00:00,26888.9,19.87,4.7,353.1,53.44
2023-07-23 14:00:00+00:00,26277.7,19.71,4.79,635.7,46.93
2023-07-23 15:00:00+00:00,26863.1,19.74,3.67,497.1,55.2
2023-07-23 16:00:00+00:00,28014.2,20.34,3.55,197.9,95.23
2023-07-23 17:00:00+00:00,30592.7,19.15,4.84,153.5,102.59
2023-07-23 18:00:00+00:00,31760.5,18.92,5.21,0.0,125.96
2023-07-23 19:00:00+00:00,30497.1,19.16,5.34,0.0,109.92
2023-07-23 20:00:00+00:00,28349.6,18.34,4.61,0.0,95.44
2023-07-23 21:00:00+00:00,27044.4,17.26,4.87,0.0,96.76
2023-07-23 22:00:00+00:00,24338.6,17.06,4.77,0.0,62.74
2023-07-23 23:00:00+00:00,22673.0,15.75,5.07,0.0,41.66
2023-07-24 00:00:00+00:00,23422.1,15.12,5.74,0.0,38.32
2023-07-24 01:00:00+00:00,22152.3,14.04,6.5,0.0,66.7
2023-07-24 02:00:00+00:00,21571.4,12.65,6.63,0.0,46.94
2023-07-24 03:00:00+00:00,21035.6,12.53,7.05,0.0,43.68
2023-07-24 04:00:00+00:00,22015.2,11.95,6.64,0.0,43.41
2023-07-24 05:00:00+00:00,23760.2,12.33,7.55,0.0,55.72
2023-07-24 06:00:00+00:00,25917.1,13.57,6.83,0.0,62.3
2023-07-24 07:00:00+00:00,28133.3,15.37,6.67,163.4,71.52
2023-07-24 08:00:00+00:00,29609.2,16.18,7.66,318.1,46.12
2023-07-24 09:00:00+00:00,30306.6,17.6,7.25,345.0,49.77
2023-07-24 10:00:00+00:00,29842.0,18.63,6.19,409.1,53.83
2023-07-24 11:00:00+00:00,30036.6,19.12,5.91,375.9,63.47
2023-07-24 12:00:00+00:00,29900.9,18.6,7.05,323.4,82.46
2023-07-24 13:00:00+00:00,28830.5,20.09,5.27,675.7,71.92
2023-07-24 14:00:00+00:00,29260.8,19.78,5.44,485.8,73.39
2023-07-24 15:00:00+00:00,28931.2,20.74,5.02,386.4,37.55
2023-07-24 16:00:00+00:00,30793.5,20.97,4.99,224.1,110.09
2023-07-24 17:00:00+00:00,33595.3,20.08,4.82,162.4,110.73
2023-07-24 18:00:00+00:00,34772.0,19.8,5.68,0.0,113.03
2023-07-24 19:00:00+00:00,32881.6,20.47,5.78,0.0,135.79
2023-07-24 20:00:00+00:00,30565.1,20.63,6.63,0.0,94.2
2023-07-24 21:00:00+00:00,28047.2,19.49,7.66,0.0,68.0
2023-07-24 22:00:00+00:00,25841.5,18.24,7.65,0.0,59.05
2023-07-24 23:00:00+00:00,24467.5,17.55,7.33,0.0,54.62
2023-07-25 00:00:00+00:00,22380.1,16.77,7.61,0.0,49.95
2023-07-25 01:00:00+00:00,21579.5,16.99,8.03,0.0,38.89
2023-07-25 02:00:00+00:00,20827.5,17.08,7.07,0.0,30.98
2023-07-25 03:00:00+00:00,20585.4,15.9,7.26,0.0,15.54
2023-07-25 04:00:00+00:00,20494.4,16.25,7.04,0.0,27.76
2023-07-25 05:00:00+00:00,21582.3,16.41,6.71,0.0,46.38
2023-07-25 06:00:00+00:00,25067.6,16.87,6.19,0.0,60.35
2023-07-25 07:00:00+00:00,27887.1,17.61,5.74,128.3,79.19
2023-07-25 08:00:00+00:00,29690.0,19.02,6.78,270.9,72.71
2023-07-25 09:00:00+00:00,29885.5,20.32,6.51,299.8,84.68
2023-07-25 10:00:00+00:00,31135.9,20.58,7.43,350.3,74.98
2023-07-25 11:00:00+00:00,30883.6,21.21,7.51,297.2,82.75
2023-07-25 12:00:00+00:00,30402.4,21.51,6.6,509.6,58.51
2023-07-25 13:00:00+00:00,30081.3,20.93,6.77,382.5,83.47
2023-07-25 14:00:00+00:00,29750.0,21.15,5.85,436.1,61.61
2023-07-25 15:00:00+00:00,29830.1,22.35,6.38,464.4,53.3
2023-07-25 16:00:00+00:00,31397.7,21.18,6.25,229.6,102.14
2023-07-25 17:00:00+00:00,33010.7,20.86,6.96,113.6,96.67
2023-07-25 18:00:00+00:00,33809.2,20.33,8.08,0.0,98.98
2023-07-25 19:00:00+00:00,32165.2,19.88,6.67,0.0,96.43
2023-07-25 20:00:00+00:00,30321.8,18.56,6.33,0.0,93.43
2023-07-25 21:00:00+00:00,28187.3,16.93,5.41,0.0,87.86
2023-07-25 22:00:00+00:00,26163.7,15.36,7.18,0.0,73.0
2023-07-25 23:00:00+00:00,24401.0,15.49,6.83,0.0,67.89
2023-07-26 00:00:00+00:00,23079.2,14.28,5.81,0.0,58.05
2023-07-26 01:00:00+00:00,22890.9,13.55,7.62,0.0,56.32
2023-07-26 02:00:00+00:00,21648.1,14.57,7.02,0.0,50.77
2023-07-26 03:00:00+00:00,21767.2,14.04,5.75,0.0,40.93
2023-07-26 04:00:00+00:00,21275.3,14.37,4.91,0.0,42.02
2023-07-26 05:00:00+00:00,22641.0,15.33,5.12,0.0,54.36
2023-07-26 06:00:00+00:00,24281.8,16.41,5.25,0.0,46.47
2023-07-26 07:00:00+00:00,28282.2,16.22,4.69,96.8,88.85
2023-07-26 08:00:00+00:00,30319.0,16.52,4.42,262.6,87.5
2023-07-26 09:00:00+00:00,30702.5,17.49,4.59,341.0,101.79
2023-07-26 10:00:00+00:00,30884.2,19.44,5.75,606.3,72.23
2023-07-26 11:00:00+00:00,29902.2,19.68,6.07,522.7,56.63
2023-07-26 12:00:00+00:00,29535.8,20.0,5.68,500.5,70.93
2023-07-26 13:00:00+00:00,29309.0,20.73,5.57,535.1,56.29
2023-07-26 14:00:00+00:00,29230.2,21.39,6.24,527.5,59.05
2023-07-26 15:00:00+00:00,29445.8,21.89,7.59,218.4,51.29
2023-07-26 16:00:00+00:00,31323.7,21.25,6.7,201.9,82.29
2023-07-26 17:00:00+00:00,34130.4,20.61,7.58,103.2,108.68
2023-07-26 18:00:00+00:00,35194.8,20.26,7.31,0.0,119.67
2023-07-26 19:00:00+00:00,32655.5,20.39,6.02,0.0,126.98
2023-07-26 20:00:00+00:00,30566.0,19.49,4.65,0.0,293.64
2023-07-26 21:00:00+00:00,28486.3,18.68,5.81,0.0,96.31
2023-07-26 22:00:00+00:00,25531.4,17.26,7.01,0.0,68.15
2023-07-26 23:00:00+00:00,23375.1,17.65,6.56,0.0,55.64
2023-07-27 00:00:00+00:00,23038.9,17.07,6.42,0.0,63.44
2023-07-27 01:00:00+00:00,21529.5,17.2,5.05,0.0,70.41
2023-07-27 02:00:00+00:00,20818.1,16.86,5.75,0.0,23.62
2023-07-27 03:00:00+00:00,20259.7,16.75,5.79,0.0,30.85
2023-07-27 04:00:00+00:00,20898.8,15.89,4.63,0.0,51.6
2023-07-27 05:00:00+00:00,22356.9,14.88,4.91,0.0,71.73
2023-07-27 06:00:00+00:00,25625.2,16.12,3.93,0.0,91.04
2023-07-27 07:00:00+00:00,28243.8,16.77,4.52,173.2,75.06
2023-07-27 08:00:00+00:00,30215.7,17.61,3.8,200.5,93.08
2023-07-27 09:00:00+00:00,29868.5,17.62,4.22,442.9,82.69
2023-07-27 10:00:00+00:00,29321.6,17.86,3.85,294.0,78.62
2023-07-27 11:00:00+00:00,29821.5,19.25,2.16,513.8,83.75
2023-07-27 12:00:00+00:00,30059.5,20.92,3.18,435.1,75.7
2023-07-27 13:00:00+00:00,29592.4,20.99,4.19,380.1,83.07
2023-07-27 14:00:00+00:00,29705.9,21.68,3.92,500.5,78.0
2023-07-27 15:00:00+00:00,29345.7,21.87,4.29,332.6,52.66
2023-07-27 16:00:00+00:00,31845.2,21.66,4.77,183.2,120.74
2023-07-27 17:00:00+00:00,33649.3,22.45,5.25,145.0,132.81
2023-07-27 18:00:00+00:00,34587.3,21.64,6.69,0.0,101.7
2023-07-27 19:00:00+00:00,34262.2,21.71,7.03,0.0,115.96
2023-07-27 20:00:00+00:00,31457.8,21.15,6.75,0.0,86.62
2023-07-27 21:00:00+00:00,29798.0,20.29,7.09,0.0,69.79
2023-07-27 22:00:00+00:00,27578.3,20.26,6.75,0.0,87.73
2023-07-27 23:00:00+00:00,25247.5,19.62,5.93,0.0,88.19
2023-07-28 00:00:00+00:00,24803.5,18.82,6.94,0.0,61.74
2023-07-28 01:00:00+00:00,22857.5,19.07,7.36,0.0,63.64
2023-07-28 02:00:00+00:00,22054.5,19.41,5.89,0.0,44.54
2023-07-28 03:00:00+00:00,21897.2,19.89,5.41,0.0,38.31
2023-07-28 04:00:00+00:00,21979.7,17.51,6.08,0.0,45.77
2023-07-28 05:00:00+00:00,24447.6,18.0,4.9,0.0,63.0
2023-07-28 06:00:00+00:00,25896.9,18.52,4.42,0.0,86.43
2023-07-28 07:00:00+00:00,29430.5,19.04,6.63,102.3,94.91
2023-07-28 08:00:00+00:00,29911.3,20.05,6.39,309.5,61.76
2023-07-28 09:00:00+00:00,29173.0,20.89,7.27,279.3,52.77
2023-07-28 10:00:00+00:00,29427.2,21.98,8.43,549.9,50.88
2023-07-28 11:00:00+00:00,29691.5,22.44,7.64,659.7,36.49
2023-07-28 12:00:00+00:00,30310.6,23.87,7.82,511.4,61.22
2023-07-28 13:00:00+00:00,30461.3,24.7,9.39,465.0,40.97
2023-07-28 14:00:00+00:00,30108.4,25.2,9.63,307.9,50.52
2023-07-28 15:00:00+00:00,30484.4,25.46,11.35,279.4,62.38
2023-07-28 16:00:00+00:00,32259.3,25.91,10.63,363.1,68.83
2023-07-28 17:00:00+00:00,35191.9,26.07,11.86,158.3,100.27
2023-07-28 18:00:00+00:00,35174.7,25.36,11.63,0.0,96.79
2023-07-28 19:00:00+00:00,33243.4,25.17,11.14,0.0,102.87
2023-07-28 20:00:00+00:00,31405.7,24.38,11.43,0.0,81.77
2023-07-28 21:00:00+00:00,29704.4,24.58,11.12,0.0,72.83
2023-07-28 22:00:00+00:00,27697.5,24.26,10.85,0.0,49.67
2023-07-28 23:00:00+00:00,25447.6,22.94,11.04,0.0,50.3
2023-07-29 00:00:00+00:00,21687.6,23.49,9.42,0.0,27.32
2023-07-29 01:00:00+00:00,20508.2,21.52,8.68,0.0,45.42
2023-07-29 02:00:00+00:00,19257.9,21.42,9.16,0.0,16.69
2023-07-29 03:00:00+00:00,19681.0,20.7,9.83,0.0,13.83
2023-07-29 04:00:00+00:00,19583.3,21.76,9.96,0.0,27.09
2023-07-29 05:00:00+00:00,20567.4,22.0,10.03,0.0,20.69
2023-07-29 06:00:00+00:00,23256.6,21.8,10.19,0.0,26.59
2023-07-29 07:00:00+00:00,25832.7,22.08,10.78,97.3,25.06
2023-07-29 08:00:00+00:00,27110.4,22.2,9.48,294.7,31.92
2023-07-29 09:00:00+00:00,28369.3,22.64,8.96,437.0,22.74
2023-07-29 10:00:00+00:00,27918.4,23.07,8.8,257.9,51.09
2023-07-29 11:00:00+00:00,27818.9,23.21,8.86,540.3,39.35
2023-07-29 12:00:00+00:00,27638.7,23.88,7.12,471.8,38.34
2023-07-29 13:00:00+00:00,26277.4,24.47,6.13,652.7,251.18
2023-07-29 14:00:00+00:00,25644.6,24.05,6.16,607.3,13.3
2023-07-29 15:00:00+00:00,26230.2,23.06,7.0,385.0,47.79
2023-07-29 16:00:00+00:00,28751.4,23.08,6.67,232.2,74.75
2023-07-29 17:00:00+00:00,30822.6,23.03,6.16,180.9,85.01
2023-07-29 18:00:00+00:00,31394.8,22.91,6.62,0.0,101.68
2023-07-29 19:00:00+00:00,30281.0,22.53,6.38,0.0,114.47
2023-07-29 20:00:00+00:00,28618.0,22.65,7.1,0.0,94.7
2023-07-29 21:00:00+00:00,26879.2,22.35,6.92,0.0,83.86
2023-07-29 22:00:00+00:00,24559.4,23.05,6.05,0.0,55.92
2023-07-29 23:00:00+00:00,22533.6,24.0,7.21,0.0,51.82
2023-07-30 00:00:00+00:00,21420.0,22.07,8.17,0.0,43.18
2023-07-30 01:00:00+00:00,20076.5,20.08,7.36,0.0,39.96
2023-07-30 02:00:00+00:00,19707.9,19.63,7.66,0.0,13.55
2023-07-30 03:00:00+00:00,19057.6,19.69,7.37,0.0,28.58
2023-07-30 04:00:00+00:00,19216.4,19.6,7.83,0.0,26.92
2023-07-30 05:00:00+00:00,20638.8,20.18,7.11,0.0,47.27
2023-07-30 06:00:00+00:00,22050.1,20.34,7.78,0.0,38.25
2023-07-30 07:00:00+00:00,25787.3,20.41,8.68,77.0,41.39
2023-07-30 08:00:00+00:00,27551.9,20.68,7.85,301.5,42.32
2023-07-30 09:00:00+00:00,26878.1,21.23,7.86,414.8,43.18
2023-07-30 10:00:00+00:00,27252.2,22.41,8.77,467.7,44.7
2023-07-30 11:00:00+00:00,26979.3,22.72,7.9,430.8,35.15
2023-07-30 12:00:00+00:00,26437.9,23.07,7.33,428.6,41.71
2023-07-30 13:00:00+00:00,27048.6,23.79,7.83,375.0,23.12
2023-07-30 14:00:00+00:00,27152.7,23.87,7.67,472.1,16.84
2023-07-30 15:00:00+00:00,27401.9,24.55,6.4,509.3,48.55
2023-07-30 16:00:00+00:00,29099.9,23.78,6.18,314.1,73.81
2023-07-30 17:00:00+00:00,31458.7,22.71,7.59,148.2,94.88
2023-07-30 18:00:00+00:00,31532.2,22.34,9.17,0.0,69.38
2023-07-30 19:00:00+00:00,31280.5,21.89,8.56,0.0,106.6
2023-07-30 20:00:00+00:00,29049.1,20.57,7.77,0.0,77.33
2023-07-30 21:00:00+00:00,27637.8,20.54,7.37,0.0,70.55
2023-07-30 22:00:00+00:00,24593.3,20.84,8.76,0.0,57.51
2023-07-30 23:00:00+00:00,22923.4,19.62,9.34,0.0,38.56
2023-07-31 00:00:00+00:00,23230.8,19.76,10.36,0.0,50.96
2023-07-31 01:00:00+00:00,20712.5,17.73,10.98,0.0,22.81
2023-07-31 02:00:00+00:00,20761.7,18.0,9.75,0.0,37.97
2023-07-31 03:00:00+00:00,20661.7,17.29,8.87,0.0,22.53
2023-07-31 04:00:00+00:00,20795.5,17.9,8.23,0.0,43.21
2023-07-31 05:00:00+00:00,20582.2,17.53,7.76,0.0,9.99
2023-07-31 06:00:00+00:00,23158.7,17.9,7.19,0.0,49.89
2023-07-31 07:00:00+00:00,26634.7,17.96,6.74,88.1,54.22
2023-07-31 08:00:00+00:00,28207.7,18.51,7.26,282.6,61.64
2023-07-31 09:00:00+00:00,29170.1,20.34,7.35,299.0,66.26
2023-07-31 10:00:00+00:00,29115.1,20.97,8.29,479.0,55.64
2023-07-31 11:00:00+00:00,28622.5,22.89,8.42,636.3,33.63
2023-07-31 12:00:00+00:00,28593.6,23.17,7.82,344.9,47.83
2023-07-31 13:00:00+00:00,27423.9,24.44,7.92,567.3,26.95
2023-07-31 14:00:00+00:00,27652.2,23.64,6.7,503.7,46.16
2023-07-31 15:00:00+00:00,28250.9,23.48,4.9,433.7,55.98
2023-07-31 16:00:00+00:00,30472.5,22.98,5.51,352.4,90.25
2023-07-31 17:00:00+00:00,33560.4,23.53,6.38,128.2,104.56
2023-07-31 18:00:00+00:00,34280.6,23.07,6.47,0.0,131.64
2023-07-31 19:00:00+00:00,31456.8,21.1,6.19,0.0,99.18
2023-07-31 20:00:00+00:00,29494.5,19.54,5.18,0.0,105.86
2023-07-31 21:00:00+00:00,27105.0,18.12,6.18,0.0,77.76
2023-07-31 22:00:00+00:00,25633.3,17.89,6.61,0.0,80.38
2023-07-31 23:00:00+00:00,23764.3,17.63,6.86,0.0,75.31
2023-08-01 00:00:00+00:00,23054.7,16.75,6.86,0.0,53.98
2023-08-01 01:00:00+00:00,22525.8,15.91,6.5,0.0,69.68
2023-08-01 02:00:00+00:00,21468.7,16.02,5.66,0.0,47.36
2023-08-01 03:00:00+00:00,21173.5,15.2,5.92,0.0,47.68
2023-08-01 04:00:00+00:00,21461.1,15.56,5.55,0.0,48.33
2023-08-01 05:00:00+00:00,23626.2,16.06,5.29,0.0,53.75
2023-08-01 06:00:00+00:00,26375.3,16.35,6.72,0.0,87.2
2023-08-01 07:00:00+00:00,28605.9,17.18,6.7,159.3,76.17
2023-08-01 08:00:00+00:00,29994.5,17.94,4.8,146.0,89.97
2023-08-01 09:00:00+00:00,30331.4,18.99,4.49,499.5,65.25
2023-08-01 10:00:00+00:00,29964.1,18.92,3.83,458.3,95.65
2023-08-01 11:00:00+00:00,29593.4,20.0,3.88,345.5,80.91
2023-08-01 12:00:00+00:00,29140.8,21.22,2.92,621.6,63.38
2023-08-01 13:00:00+00:00,28673.5,21.84,3.46,625.4,69.18
2023-08-01 14:00:00+00:00,28466.7,22.46,3.41,323.4,95.19
2023-08-01 15:00:00+00:00,29365.8,22.44,3.22,214.5,88.84
2023-08-01 16:00:00+00:00,30830.7,22.82,3.52,255.2,104.44
2023-08-01 17:00:00+00:00,32478.5,22.5,3.64,145.0,121.63
2023-08-01 18:00:00+00:00,33277.8,21.26,3.7,0.0,128.55
2023-08-01 19:00:00+00:00,31690.8,21.09,3.69,0.0,117.0
2023-08-01 20:00:00+00:00,30460.1,19.33,3.84,0.0,106.55
2023-08-01 21:00:00+00:00,28773.0,18.7,4.27,0.0,110.61
2023-08-01 22:00:00+00:00,26907.0,17.66,4.57,0.0,89.88
2023-08-01 23:00:00+00:00,25383.2,16.65,5.58,0.0,73.59
2023-08-02 00:00:00+00:00,23083.5,16.08,5.22,0.0,53.78
2023-08-02 01:00:00+00:00,21507.7,15.16,5.49,0.0,60.39
2023-08-02 02:00:00+00:00,20316.3,15.17,7.48,0.0,35.27
2023-08-02 03:00:00+00:00,20922.7,15.09,7.43,0.0,27.35
2023-08-02 04:00:00+00:00,21693.0,14.81,7.4,0.0,37.32
2023-08-02 05:00:00+00:00,22940.2,15.91,6.4,0.0,61.32
2023-08-02 06:00:00+00:00,25000.7,16.49,5.87,0.0,51.32
2023-08-02 07:00:00+00:00,27779.9,17.46,5.84,76.8,79.86
2023-08-02 08:00:00+00:00,29221.4,18.99,6.32,271.8,80.62
2023-08-02 09:00:00+00:00,30214.0,20.55,6.86,496.4,61.59
2023-08-02 10:00:00+00:00,30282.3,21.59,7.12,496.4,65.49
2023-08-02 11:00:00+00:00,30306.6,22.03,7.74,378.3,42.52
2023-08-02 12:00:00+00:00,30134.8,21.71,6.92,655.8,33.8
2023-08-02 13:00:00+00:00,29854.5,22.26,7.31,495.8,63.52
2023-08-02 14:00:00+00:00,29754.3,23.15,7.31,434.0,62.46
2023-08-02 15:00:00+00:00,30420.0,23.39,7.39,218.1,74.87
2023-08-02 16:00:00+00:00,32159.8,21.14,7.09,154.9,96.92
2023-08-02 17:00:00+00:00,34080.9,21.35,6.34,137.4,117.02
2023-08-02 18:00:00+00:00,35049.3,21.4,5.42,0.0,126.78
2023-08-02 19:00:00+00:00,33523.0,20.55,5.75,0.0,113.77
2023-08-02 20:00:00+00:00,31177.1,20.38,6.2,0.0,90.85
2023-08-02 21:00:00+00:00,28958.3,19.92,6.14,0.0,105.75
2023-08-02 22:00:00+00:00,26924.1,18.66,6.17,0.0,79.56
2023-08-02 23:00:00+00:00,25207.1,18.65,5.65,0.0,86.57
2023-08-03 00:00:00+00:00,24248.9,17.15,6.11,0.0,49.71
2023-08-03 01:00:00+00:00,22841.6,16.59,6.2,0.0,55.47
2023-08-03 02:00:00+00:00,22575.1,16.15,5.96,0.0,41.99
2023-08-03 03:00:00+00:00,22372.5,15.51,6.69,0.0,66.33
2023-08-03 04:00:00+00:00,22039.6,15.77,7.21,0.0,71.18
2023-08-03 05:00:00+00:00,22935.0,16.83,5.99,0.0,68.38
2023-08-03 06:00:00+00:00,24870.0,18.0,6.08,0.0,55.78
2023-08-03 07:00:00+00:00,27394.6,18.98,5.38,86.5,68.13
2023-08-03 08:00:00+00:00,30505.9,18.6,5.57,297.3,81.19
2023-08-03 09:00:00+00:00,31699.7,18.53,3.18,362.5,98.94
2023-08-03 10:00:00+00:00,31944.2,19.38,3.52,482.6,93.7
2023-08-03 11:00:00+00:00,31521.8,20.05,4.25,391.4,93.34
2023-08-03 12:00:00+00:00,30677.8,20.34,4.3,656.7,64.33
2023-08-03 13:00:00+00:00,29387.9,21.95,3.53,494.9,69.97
2023-08-03 14:00:00+00:00,28971.4,22.26,5.23,452.0,55.43
2023-08-03 15:00:00+00:00,28968.7,22.64,6.22,496.3,61.85
2023-08-03 16:00:00+00:00,31187.5,23.07,5.85,304.6,60.43
2023-08-03 17:00:00+00:00,33587.3,22.72,5.7,148.6,111.64
2023-08-03 18:00:00+00:00,34957.3,23.73,4.22,0.0,139.85
2023-08-03 19:00:00+00:00,33304.2,22.42,4.73,0.0,122.69
2023-08-03 20:00:00+00:00,30286.2,21.24,3.77,0.0,120.11
2023-08-03 21:00:00+00:00,28175.7,19.81,4.45,0.0,105.47
2023-08-03 22:00:00+00:00,26019.3,19.91,5.38,0.0,79.7
2023-08-03 23:00:00+00:00,24363.4,19.57,5.41,0.0,90.72
2023-08-04 00:00:00+00:00,22905.5,18.48,4.65,0.0,55.94
2023-08-04 01:00:00+00:00,21528.2,17.4,5.75,0.0,44.1
2023-08-04 02:00:00+00:00,20707.6,17.86,5.81,0.0,39.3
2023-08-04 03:00:00+00:00,19778.8,17.88,5.94,0.0,48.46
2023-08-04 04:00:00+00:00,20314.3,18.73,5.27,0.0,47.67
2023-08-04 05:00:00+00:00,22066.3,18.87,5.51,0.0,34.03
2023-08-04 06:00:00+00:00,24343.3,19.54,5.42,0.0,64.08
2023-08-04 07:00:00+00:00,26900.0,20.22,4.46,114.0,73.7
2023-08-04 08:00:00+00:00,29351.7,20.44,5.64,253.3,94.96
2023-08-04 09:00:00+00:00,30638.9,21.02,7.08,466.7,54.5
2023-08-04 10:00:00+00:00,30377.2,20.99,7.87,282.9,69.81
2023-08-04 11:00:00+00:00,29643.9,21.93,8.51,659.7,19.27
2023-08-04 12:00:00+00:00,29464.9,22.92,9.81,519.9,38.53
2023-08-04 13:00:00+00:00,29181.7,23.9,8.85,657.4,49.36
2023-08-04 14:00:00+00:00,28783.6,24.49,7.93,316.2,49.36
2023-08-04 15:00:00+00:00,28433.0,24.39,7.56,214.6,74.22
2023-08-04 16:00:00+00:00,30946.2,25.11,7.77,271.1,72.76
2023-08-04 17:00:00+00:00,33536.4,25.2,7.5,130.1,101.76
2023-08-04 18:00:00+00:00,35192.0,25.41,6.68,0.0,131.9
2023-08-04 19:00:00+00:00,33608.2,25.49,6.7,0.0,103.51
2023-08-04 20:00:00+00:00,31958.2,24.5,6.64,0.0,98.83
2023-08-04 21:00:00+00:00,29461.6,23.77,7.31,0.0,78.81
2023-08-04 22:00:00+00:00,26584.5,23.28,7.33,0.0,87.41
2023-08-04 23:00:00+00:00,24344.3,21.67,5.83,0.0,75.73
2023-08-05 00:00:00+00:00,21760.5,20.16,6.19,0.0,57.62
2023-08-05 01:00:00+00:00,20308.2,18.76,7.47,0.0,42.23
2023-08-05 02:00:00+00:00,20302.5,18.28,7.46,0.0,40.19
2023-08-05 03:00:00+00:00,19558.6,17.87,8.21,0.0,7.36
2023-08-05 04:00:00+00:00,19088.0,17.01,7.76,0.0,17.27
2023-08-05 05:00:00+00:00,20609.1,17.33,8.16,0.0,28.0
2023-08-05 06:00:00+00:00,22662.8,17.68,7.52,0.0,47.28
2023-08-05 07:00:00+00:00,25811.1,18.94,7.3,102.5,48.48
2023-08-05 08:00:00+00:00,27683.5,20.79,7.1,207.7,49.54
2023-08-05 09:00:00+00:00,28334.8,21.72,7.47,202.2,55.18
2023-08-05 10:00:00+00:00,29033.8,21.95,6.8,539.9,41.62
2023-08-05 11:00:00+00:00,28779.5,22.96,5.67,627.3,43.83
2023-08-05 12:00:00+00:00,28425.8,23.47,6.1,353.1,67.04
2023-08-05 13:00:00+00:00,27546.6,23.69,6.48,514.2,42.3
2023-08-05 14:00:00+00:00,27365.2,23.36,6.6,401.8,62.42
2023-08-05 15:00:00+00:00,27718.1,23.1,7.35,235.1,66.52
2023-08-05 16:00:00+00:00,29170.1,22.81,7.17,144.7,73.36
2023-08-05 17:00:00+00:00,31937.2,22.93,7.38,144.1,96.47
2023-08-05 18:00:00+00:00,32573.7,22.67,7.09,0.0,106.72
2023-08-05 19:00:00+00:00,31286.4,23.06,6.88,0.0,95.25
2023-08-05 20:00:00+00:00,28409.2,22.62,7.15,0.0,83.0
2023-08-05 21:00:00+00:00,26663.2,21.97,8.92,0.0,66.56
2023-08-05 22:00:00+00:00,23871.6,20.88,9.4,0.0,53.08
2023-08-05 23:00:00+00:00,22385.3,19.41,9.71,0.0,54.51
2023-08-06 00:00:00+00:00,21708.8,18.3,10.18,0.0,38.59
2023-08-06 01:00:00+00:00,20535.6,17.31,8.19,0.0,19.62
2023-08-06 02:00:00+00:00,20291.3,15.4,8.38,0.0,11.15
2023-08-06 03:00:00+00:00,19395.8,14.67,9.02,0.0,31.2
2023-08-06 04:00:00+00:00,19444.3,15.73,8.99,0.0,17.5
2023-08-06 05:00:00+00:00,20288.1,16.22,8.85,0.0,17.48
2023-08-06 06:00:00+00:00,22397.2,16.43,8.02,0.0,57.96
2023-08-06 07:00:00+00:00,24751.7,17.26,7.63,85.0,49.88
2023-08-06 08:00:00+00:00,26781.7,16.77,6.95,321.5,49.5
2023-08-06 09:00:00+00:00,27952.7,17.72,7.73,235.6,53.19
2023-08-06 10:00:00+00:00,28556.1,19.26,8.87,314.1,31.07
2023-08-06 11:00:00+00:00,27693.5,19.88,10.29,277.3,31.98
2023-08-06 12:00:00+00:00,27203.0,19.41,9.46,492.9,20.87
2023-08-06 13:00:00+00:00,26333.1,19.65,8.82,599.3,1.43
2023-08-06 14:00:00+00:00,25786.4,20.73,8.14,546.6,22.8
2023-08-06 15:00:00+00:00,26119.7,20.97,7.29,414.7,40.77
2023-08-06 16:00:00+00:00,28088.7,20.01,6.49,236.6,76.15
2023-08-06 17:00:00+00:00,30484.4,21.14,6.11,167.5,80.88
2023-08-06 18:00:00+00:00,30884.9,19.88,6.84,0.0,80.25
2023-08-06 19:00:00+00:00,30048.1,19.11,6.29,0.0,93.66
2023-08-06 20:00:00+00:00,28122.6,17.76,7.14,0.0,68.23
2023-08-06 21:00:00+00:00,26259.2,16.38,8.21,0.0,63.57
2023-08-06 22:00:00+00:00,24074.4,15.36,8.37,0.0,58.52
2023-08-06 23:00:00+00:00,22521.0,15.06,9.26,0.0,30.4
2023-08-07 00:00:00+00:00,23509.9,15.19,8.08,0.0,47.28
2023-08-07 01:00:00+00:00,22050.5,14.49,7.59,0.0,21.4
2023-08-07 02:00:00+00:00,22485.0,13.6,7.71,0.0,39.96
2023-08-07 03:00:00+00:00,22264.6,13.81,7.85,0.0,57.83
2023-08-07 04:00:00+00:00,21840.0,14.24,8.93,0.0,39.01
2023-08-07 05:00:00+00:00,22424.0,14.69,8.05,0.0,33.86
2023-08-07 06:00:00+00:00,25644.6,15.34,7.58,0.0,52.32
2023-08-07 07:00:00+00:00,28426.6,15.89,7.48,80.5,74.7
2023-08-07 08:00:00+00:00,29820.4,16.68,7.05,218.1,80.82
2023-08-07 09:00:00+00:00,30161.6,17.34,6.23,418.9,60.06
2023-08-07 10:00:00+00:00,30396.2,18.77,5.9,425.9,68.51
2023-08-07 11:00:00+00:00,29866.9,20.81,5.76,283.5,58.95
2023-08-07 12:00:00+00:00,29657.5,21.49,6.96,550.1,59.49
2023-08-07 13:00:00+00:00,30109.2,21.9,6.16,559.6,49.12
2023-08-07 14:00:00+00:00,28940.2,22.3,6.84,454.2,60.93
2023-08-07 15:00:00+00:00,29004.7,21.95,7.84,244.8,68.12
2023-08-07 16:00:00+00:00,30886.6,22.26,7.4,177.2,87.81
2023-08-07 17:00:00+00:00,32494.7,22.17,7.58,114.8,93.75
2023-08-07 18:00:00+00:00,33776.1,21.38,8.0,0.0,126.47
2023-08-07 19:00:00+00:00,32767.7,21.24,8.28,0.0,96.0
2023-08-07 20:00:00+00:00,30033.3,20.46,8.28,0.0,102.7
2023-08-07 21:00:00+00:00,28014.0,19.04,7.68,0.0,79.73
2023-08-07 22:00:00+00:00,25797.5,18.42,8.17,0.0,267.34
2023-08-07 23:00:00+00:00,24320.5,17.79,7.81,0.0,52.01
2023-08-08 00:00:00+00:00,24321.4,17.64,7.8,0.0,55.54
2023-08-08 01:00:00+00:00,22547.4,17.59,7.89,0.0,43.35
2023-08-08 02:00:00+00:00,22063.7,17.14,8.52,0.0,54.4
2023-08-08 03:00:00+00:00,21557.5,16.68,9.95,0.0,14.06
2023-08-08 04:00:00+00:00,21615.7,16.72,9.23,0.0,28.52
2023-08-08 05:00:00+00:00,22763.8,17.17,9.16,0.0,28.27
2023-08-08 06:00:00+00:00,25299.8,17.86,7.89,0.0,54.05
2023-08-08 07:00:00+00:00,28228.0,18.59,9.0,132.4,61.99
2023-08-08 08:00:00+00:00,30090.2,19.18,8.94,148.3,87.25
2023-08-08 09:00:00+00:00,30579.9,20.48,8.6,302.5,70.66
2023-08-08 10:00:00+00:00,30106.1,20.76,8.56,314.4,52.77
2023-08-08 11:00:00+00:00,30327.1,22.89,8.57,418.9,53.19
2023-08-08 12:00:00+00:00,30564.1,23.85,7.92,322.4,79.54
2023-08-08 13:00:00+00:00,30241.6,23.52,8.8,506.4,42.22
2023-08-08 14:00:00+00:00,30093.8,23.83,9.21,443.7,50.8
2023-08-08 15:00:00+00:00,29888.8,24.29,9.72,365.5,55.22
2023-08-08 16:00:00+00:00,31109.4,23.86,9.05,212.0,70.93
2023-08-08 17:00:00+00:00,33771.8,22.56,8.37,147.5,88.26
2023-08-08 18:00:00+00:00,33986.0,21.38,8.21,0.0,112.66
2023-08-08 19:00:00+00:00,32224.2,21.03,8.78,0.0,291.75
2023-08-08 20:00:00+00:00,31189.0,19.19,9.08,0.0,84.01
2023-08-08 21:00:00+00:00,29203.6,17.51,8.37,0.0,75.25
2023-08-08 22:00:00+00:00,26738.4,17.05,8.82,0.0,70.78
2023-08-08 23:00:00+00:00,23981.2,16.19,7.97,0.0,75.25
2023-08-09 00:00:00+00:00,22546.8,15.09,7.41,0.0,37.37
2023-08-09 01:00:00+00:00,22097.1,14.32,7.51,0.0,30.8
2023-08-09 02:00:00+00:00,21290.1,13.15,6.57,0.0,50.82
2023-08-09 03:00:00+00:00,21231.3,13.38,5.84,0.0,54.65
2023-08-09 04:00:00+00:00,21124.1,13.02,7.11,0.0,29.19
2023-08-09 05:00:00+00:00,22224.4,13.05,8.17,0.0,36.84
2023-08-09 06:00:00+00:00,23844.0,13.78,9.9,0.0,28.59
2023-08-09 07:00:00+00:00,27000.2,14.29,10.11,169.5,42.12
2023-08-09 08:00:00+00:00,28140.2,14.64,10.46,284.9,39.55
2023-08-09 09:00:00+00:00,29182.0,14.28,10.16,303.3,58.46
2023-08-09 10:00:00+00:00,29478.4,15.37,9.73,306.4,65.08
2023-08-09 11:00:00+00:00,29436.4,16.22,10.28,481.2,36.1
2023-08-09 12:00:00+00:00,29462.1,16.61,11.18,280.5,61.82
2023-08-09 13:00:00+00:00,29015.1,16.56,11.59,442.6,39.84
2023-08-09 14:00:00+00:00,28694.9,16.96,10.7,584.4,9.71
2023-08-09 15:00:00+00:00,28988.9,17.45,10.82,405.3,48.23
2023-08-09 16:00:00+00:00,30946.7,17.5,10.03,336.7,65.97
2023-08-09 17:00:00+00:00,32849.8,18.26,9.62,112.1,106.87
2023-08-09 18:00:00+00:00,33665.4,18.26,10.77,0.0,97.08
2023-08-09 19:00:00+00:00,33191.4,17.61,9.64,0.0,311.81
2023-08-09 20:00:00+00:00,31215.0,17.37,11.21,0.0,60.02
2023-08-09 21:00:00+00:00,29557.9,16.64,11.43,0.0,61.8
2023-08-09 22:00:00+00:00,27103.2,15.92,10.84,0.0,34.85
2023-08-09 23:00:00+00:00,24776.9,15.99,10.7,0.0,-11.35
2023-08-10 00:00:00+00:00,23434.8,14.77,9.98,0.0,38.95
2023-08-10 01:00:00+00:00,21576.0,14.32,9.4,0.0,29.0
2023-08-10 02:00:00+00:00,21552.8,14.75,9.34,0.0,38.77
2023-08-10 03:00:00+00:00,21600.3,14.82,8.97,0.0,56.54
2023-08-10 04:00:00+00:00,21472.4,14.69,8.14,0.0,31.88
2023-08-10 05:00:00+00:00,23287.7,13.95,7.91,0.0,60.32
2023-08-10 06:00:00+00:00,26244.8,13.09,6.84,0.0,78.25
2023-08-10 07:00:00+00:00,28433.9,15.02,5.85,83.3,87.33
2023-08-10 08:00:00+00:00,30345.1,15.95,4.9,240.3,97.44
2023-08-10 09:00:00+00:00,31076.3,16.4,6.32,293.4,78.4
2023-08-10 10:00:00+00:00,31097.8,17.41,6.67,426.3,81.04
2023-08-10 11:00:00+00:00,30709.9,17.58,7.15,532.5,43.47
2023-08-10 12:00:00+00:00,30310.2,18.04,7.15,355.0,69.86
2023-08-10 13:00:00+00:00,29336.5,18.0,7.54,339.2,58.41
2023-08-10 14:00:00+00:00,29401.7,17.51,8.43,352.2,80.99
2023-08-10 15:00:00+00:00,30476.7,16.43,8.68,458.6,42.79
2023-08-10 16:00:00+00:00,31501.0,15.48,9.88,224.9,75.0
2023-08-10 17:00:00+00:00,33799.9,15.94,9.71,96.8,106.65
2023-08-10 18:00:00+00:00,34314.3,14.99,10.04,0.0,96.66
2023-08-10 19:00:00+00:00,33107.3,14.82,10.44,0.0,93.25
2023-08-10 20:00:00+00:00,31146.4,14.79,9.54,0.0,80.9
2023-08-10 21:00:00+00:00,29271.1,14.12,9.44,0.0,70.89
2023-08-10 22:00:00+00:00,26847.9,13.26,7.88,0.0,86.01
2023-08-10 23:00:00+00:00,25028.5,12.72,7.74,0.0,40.13
2023-08-11 00:00:00+00:00,23835.2,11.88,7.48,0.0,55.98
2023-08-11 01:00:00+00:00,21823.8,12.22,7.19,0.0,21.86
2023-08-11 02:00:00+00:00,21665.1,13.12,6.86,0.0,53.07
2023-08-11 03:00:00+00:00,21433.5,13.93,7.27,0.0,36.11
2023-08-11 04:00:00+00:00,22760.6,12.75,6.56,0.0,34.48
2023-08-11 05:00:00+00:00,23653.7,12.83,8.04,0.0,47.65
2023-08-11 06:00:00+00:00,26008.8,13.37,8.43,0.0,49.06
2023-08-11 07:00:00+00:00,28171.5,14.32,7.73,172.8,75.38
2023-08-11 08:00:00+00:00,29818.8,14.05,8.2,257.8,77.08
2023-08-11 09:00:00+00:00,31467.8,13.85,8.92,413.2,50.08
2023-08-11 10:00:00+00:00,30721.3,15.52,9.11,576.3,49.7
2023-08-11 11:00:00+00:00,30766.9,15.98,8.22,637.7,38.46
2023-08-11 12:00:00+00:00,30430.1,15.79,9.91,496.4,41.06
2023-08-11 13:00:00+00:00,29060.0,15.71,10.26,463.6,56.11
2023-08-11 14:00:00+00:00,28711.0,16.37,9.12,467.4,36.21
2023-08-11 15:00:00+00:00,29202.4,16.09,9.18,252.0,72.77
2023-08-11 16:00:00+00:00,31304.9,16.26,8.9,212.2,92.8
2023-08-11 17:00:00+00:00,32823.3,15.49,8.81,155.5,85.66
2023-08-11 18:00:00+00:00,33730.7,14.1,7.79,0.0,113.84
2023-08-11 19:00:00+00:00,32387.6,14.49,7.79,0.0,98.23
2023-08-11 20:00:00+00:00,30104.7,14.13,7.1,0.0,93.16
2023-08-11 21:00:00+00:00,29048.5,13.27,6.82,0.0,94.76
2023-08-11 22:00:00+00:00,27014.2,12.3,7.13,0.0,73.45
2023-08-11 23:00:00+00:00,25352.3,12.58,6.75,0.0,70.3
2023-08-12 00:00:00+00:00,22599.8,12.35,6.54,0.0,44.08
2023-08-12 01:00:00+00:00,20606.8,12.65,7.2,0.0,26.51
2023-08-12 02:00:00+00:00,20440.8,12.05,6.5,0.0,34.62
2023-08-12 03:00:00+00:00,20162.5,12.05,6.02,0.0,40.66
2023-08-12 04:00:00+00:00,20337.1,12.46,5.08,0.0,58.23
2023-08-12 05:00:00+00:00,21376.4,12.48,4.54,0.0,52.69
2023-08-12 06:00:00+00:00,23644.3,12.96,4.76,0.0,71.02
2023-08-12 07:00:00+00:00,25170.0,13.3,5.37,122.7,54.52
2023-08-12 08:00:00+00:00,27375.5,14.33,4.82,191.1,83.8
2023-08-12 09:00:00+00:00,27435.8,14.38,5.41,281.9,61.97
2023-08-12 10:00:00+00:00,28182.0,15.58,5.57,561.7,47.1
2023-08-12 11:00:00+00:00,27441.8,16.56,4.56,594.4,48.59
2023-08-12 12:00:00+00:00,26770.2,17.13,4.82,271.5,60.37
2023-08-12 13:00:00+00:00,26502.0,17.94,5.86,489.3,31.78
2023-08-12 14:00:00+00:00,26407.2,18.08,4.44,279.6,69.64
2023-08-12 15:00:00+00:00,26952.1,17.84,6.14,411.0,58.82
2023-08-12 16:00:00+00:00,28908.0,18.13,5.7,299.9,58.48
2023-08-12 17:00:00+00:00,31206.6,18.24,4.48,137.1,106.44
2023-08-12 18:00:00+00:00,31923.3,17.51,4.71,0.0,119.19
2023-08-12 19:00:00+00:00,30704.1,16.58,5.48,0.0,101.8
2023-08-12 20:00:00+00:00,28255.5,15.81,5.33,0.0,87.83
2023-08-12 21:00:00+00:00,26328.4,14.77,5.66,0.0,88.86
2023-08-12 22:00:00+00:00,23100.7,14.98,7.38,0.0,71.16
2023-08-12 23:00:00+00:00,21766.1,14.49,7.53,0.0,53.69
2023-08-13 00:00:00+00:00,20961.6,13.85,9.83,0.0,28.83
2023-08-13 01:00:00+00:00,20202.1,12.85,10.68,0.0,26.1
2023-08-13 02:00:00+00:00,20362.4,13.05,10.54,0.0,20.74
2023-08-13 03:00:00+00:00,20799.3,12.61,10.59,0.0,11.49
2023-08-13 04:00:00+00:00,21388.5,12.37,10.16,0.0,27.84
2023-08-13 05:00:00+00:00,22424.5,13.19,10.2,0.0,16.77
2023-08-13 06:00:00+00:00,24303.5,13.94,10.47,0.0,32.53
2023-08-13 07:00:00+00:00,27527.8,13.09,9.98,95.7,64.46
2023-08-13 08:00:00+00:00,29037.7,13.79,8.76,317.4,52.87
2023-08-13 09:00:00+00:00,29343.5,14.72,9.7,207.5,51.12
2023-08-13 10:00:00+00:00,29045.9,15.37,10.33,415.2,33.24
2023-08-13 11:00:00+00:00,28804.1,16.26,9.05,438.1,30.83
2023-08-13 12:00:00+00:00,28335.7,15.87,9.08,538.4,36.06
2023-08-13 13:00:00+00:00,27857.0,14.75,9.78,599.0,17.54
2023-08-13 14:00:00+00:00,27852.7,14.61,10.37,228.9,42.82
2023-08-13 15:00:00+00:00,27492.7,15.05,9.66,191.4,53.78
2023-08-13 16:00:00+00:00,29935.4,13.16,10.29,206.8,63.16
2023-08-13 17:00:00+00:00,32493.5,12.56,10.14,109.6,71.06
2023-08-13 18:00:00+00:00,33383.1,11.15,10.29,0.0,83.83
2023-08-13 19:00:00+00:00,32727.7,10.62,9.4,0.0,95.48
2023-08-13 20:00:00+00:00,29883.9,11.31,5.95,0.0,104.25
2023-08-13 21:00:00+00:00,28684.7,10.61,5.4,0.0,86.86
2023-08-13 22:00:00+00:00,25786.2,9.96,5.9,0.0,68.16
2023-08-13 23:00:00+00:00,23332.6,9.93,5.79,0.0,60.71
2023-08-14 00:00:00+00:00,24513.8,9.43,6.36,0.0,64.55
2023-08-14 01:00:00+00:00,23804.0,8.99,7.26,0.0,53.7
2023-08-14 02:00:00+00:00,23299.9,9.41,6.99,0.0,56.5
2023-08-14 03:00:00+00:00,23486.9,9.73,6.65,0.0,46.52
2023-08-14 04:00:00+00:00,23192.5,10.14,4.96,0.0,78.1
2023-08-14 05:00:00+00:00,24675.2,10.48,3.85,0.0,74.84
2023-08-14 06:00:00+00:00,26093.2,10.87,2.96,0.0,107.96
2023-08-14 07:00:00+00:00,28245.2,12.16,3.6,154.9,67.71
2023-08-14 08:00:00+00:00,29839.8,12.78,3.52,167.4,81.64
2023-08-14 09:00:00+00:00,29472.7,14.4,3.27,332.7,84.96
2023-08-14 10:00:00+00:00,29846.3,14.63,2.95,508.7,87.1
2023-08-14 11:00:00+00:00,29235.6,16.31,2.55,312.1,92.11
2023-08-14 12:00:00+00:00,29543.2,17.28,3.49,553.7,68.05
2023-08-14 13:00:00+00:00,29368.7,17.24,3.74,455.2,76.68
2023-08-14 14:00:00+00:00,28714.4,17.92,4.68,314.2,74.77
2023-08-14 15:00:00+00:00,28876.3,17.69,3.08,197.0,112.66
2023-08-14 16:00:00+00:00,30684.1,17.68,3.69,182.8,96.44
2023-08-14 17:00:00+00:00,33740.1,17.15,3.48,111.1,138.98
2023-08-14 18:00:00+00:00,34131.2,16.67,3.43,0.0,129.42
2023-08-14 19:00:00+00:00,31580.1,16.69,4.67,0.0,111.9
2023-08-14 20:00:00+00:00,29516.7,16.34,4.48,0.0,93.77
2023-08-14 21:00:00+00:00,27249.5,14.93,4.99,0.0,95.64
2023-08-14 22:00:00+00:00,24933.2,13.58,4.3,0.0,89.1
2023-08-14 23:00:00+00:00,23643.7,13.1,4.46,0.0,66.62
2023-08-15 00:00:00+00:00,22349.5,12.69,3.34,0.0,72.08
2023-08-15 01:00:00+00:00,21940.4,11.87,3.48,0.0,64.7
2023-08-15 02:00:00+00:00,20754.1,12.61,3.96,0.0,59.67
2023-08-15 03:00:00+00:00,21913.8,13.04,4.98,0.0,67.02
2023-08-15 04:00:00+00:00,22753.0,12.79,4.44,0.0,51.71
2023-08-15 05:00:00+00:00,23539.5,12.7,4.15,0.0,58.83
2023-08-15 06:00:00+00:00,25414.1,13.09,3.79,0.0,77.08
2023-08-15 07:00:00+00:00,28193.4,13.56,3.75,120.6,86.39
2023-08-15 08:00:00+00:00,29832.8,15.1,3.16,212.9,99.28
2023-08-15 09:00:00+00:00,30207.9,16.5,1.67,317.5,100.08
2023-08-15 10:00:00+00:00,29706.8,17.31,1.12,287.6,100.07
2023-08-15 11:00:00+00:00,28875.7,18.46,1.37,577.9,74.07
2023-08-15 12:00:00+00:00,28795.3,19.57,1.54,291.4,96.28
2023-08-15 13:00:00+00:00,28053.4,20.07,2.24,545.9,59.81
2023-08-15 14:00:00+00:00,28093.3,20.6,3.14,544.5,-19.64
2023-08-15 15:00:00+00:00,27581.0,21.04,2.98,213.3,75.55
2023-08-15 16:00:00+00:00,29900.6,21.2,1.94,214.7,115.11
2023-08-15 17:00:00+00:00,32359.2,20.39,2.51,126.4,96.18
2023-08-15 18:00:00+00:00,32661.1,19.48,2.73,0.0,143.16
2023-08-15 19:00:00+00:00,31635.1,18.68,2.74,0.0,119.93
2023-08-15 20:00:00+00:00,29975.6,17.52,3.91,0.0,117.85
2023-08-15 21:00:00+00:00,27640.6,15.87,4.41,0.0,82.38
2023-08-15 22:00:00+00:00,25706.5,15.53,4.64,0.0,54.7
2023-08-15 23:00:00+00:00,23373.7,15.04,4.88,0.0,55.85
2023-08-16 00:00:00+00:00,21876.2,13.56,5.66,0.0,49.98
2023-08-16 01:00:00+00:00,21178.8,12.98,5.18,0.0,53.53
2023-08-16 02:00:00+00:00,20621.3,12.61,4.59,0.0,35.41
2023-08-16 03:00:00+00:00,20062.4,12.66,4.52,0.0,50.3
2023-08-16 04:00:00+00:00,21181.2,12.15,3.73,0.0,57.82
2023-08-16 05:00:00+00:00,22894.7,11.69,3.85,0.0,60.96
2023-08-16 06:00:00+00:00,25878.6,12.56,4.09,0.0,84.94
2023-08-16 07:00:00+00:00,29147.0,12.33,4.18,132.6,94.24
2023-08-16 08:00:00+00:00,30895.2,13.01,4.04,218.7,103.67
2023-08-16 09:00:00+00:00,30761.3,13.68,5.48,383.0,79.99
2023-08-16 10:00:00+00:00,29505.2,14.48,6.29,369.6,68.08
2023-08-16 11:00:00+00:00,30099.7,15.45,6.25,289.3,96.38
2023-08-16 12:00:00+00:00,30004.6,17.12,6.36,450.9,44.34
2023-08-16 13:00:00+00:00,30068.5,16.7,7.47,606.8,33.94
2023-08-16 14:00:00+00:00,29046.1,17.61,6.99,315.0,75.34
2023-08-16 15:00:00+00:00,29752.9,16.27,6.23,197.1,66.58
2023-08-16 16:00:00+00:00,31555.4,17.11,6.45,272.7,94.42
2023-08-16 17:00:00+00:00,34305.5,15.67,6.8,112.4,114.79
2023-08-16 18:00:00+00:00,35268.6,16.77,7.19,0.0,110.27
2023-08-16 19:00:00+00:00,33455.0,15.98,7.83,0.0,118.93
2023-08-16 20:00:00+00:00,31333.4,16.11,7.22,0.0,111.5
2023-08-16 21:00:00+00:00,28930.9,16.03,6.1,0.0,91.51
2023-08-16 22:00:00+00:00,26824.5,15.02,5.69,0.0,79.8
2023-08-16 23:00:00+00:00,24861.2,14.11,6.21,0.0,79.17
2023-08-17 00:00:00+00:00,23741.7,12.96,5.53,0.0,46.18
2023-08-17 01:00:00+00:00,22480.4,13.01,4.09,0.0,70.31
2023-08-17 02:00:00+00:00,22391.6,12.49,4.35,0.0,47.02
2023-08-17 03:00:00+00:00,22299.6,11.94,4.04,0.0,68.37
2023-08-17 04:00:00+00:00,22244.5,12.43,2.84,0.0,67.43
2023-08-17 05:00:00+00:00,24002.7,12.23,3.1,0.0,77.5
2023-08-17 06:00:00+00:00,26451.0,12.57,3.0,0.0,109.57
2023-08-17 07:00:00+00:00,28836.3,13.32,4.51,98.9,76.48
2023-08-17 08:00:00+00:00,29958.6,13.72,4.7,288.4,91.37
2023-08-17 09:00:00+00:00,30317.9,14.28,5.27,351.0,78.02
2023-08-17 10:00:00+00:00,29816.7,16.05,5.35,354.3,76.1
2023-08-17 11:00:00+00:00,29268.9,16.7,4.96,475.0,73.78
2023-08-17 12:00:00+00:00,29455.4,17.16,4.68,390.5,81.98
2023-08-17 13:00:00+00:00,29414.6,17.58,5.64,567.6,61.95
2023-08-17 14:00:00+00:00,29028.0,18.21,6.3,463.9,48.63
2023-08-17 15:00:00+00:00,29282.8,17.74,5.17,208.5,89.53
2023-08-17 16:00:00+00:00,30716.3,17.96,4.28,138.9,109.36
2023-08-17 17:00:00+00:00,32677.6,17.86,3.49,69.6,127.84
2023-08-17 18:00:00+00:00,34063.1,16.36,4.49,0.0,137.03
2023-08-17 19:00:00+00:00,32021.7,16.9,3.26,0.0,126.06
2023-08-17 20:00:00+00:00,29781.6,17.09,4.06,0.0,95.7
2023-08-17 21:00:00+00:00,27555.1,15.85,4.52,0.0,87.44
2023-08-17 22:00:00+00:00,25753.2,14.43,4.76,0.0,74.72
2023-08-17 23:00:00+00:00,24183.9,13.9,4.5,0.0,71.65
2023-08-18 00:00:00+00:00,23409.4,12.39,5.56,0.0,57.04
2023-08-18 01:00:00+00:00,22804.5,12.8,5.72,0.0,74.59
2023-08-18 02:00:00+00:00,23132.0,12.26,4.65,0.0,68.79
2023-08-18 03:00:00+00:00,22502.4,13.18,3.82,0.0,64.37
2023-08-18 04:00:00+00:00,22849.8,12.81,2.7,0.0,75.95
2023-08-18 05:00:00+00:00,23582.2,13.07,3.85,0.0,75.53
2023-08-18 06:00:00+00:00,25424.0,14.34,5.12,0.0,97.17
2023-08-18 07:00:00+00:00,27663.6,14.78,6.06,105.8,80.71
2023-08-18 08:00:00+00:00,29892.2,15.68,6.0,208.8,78.48
2023-08-18 09:00:00+00:00,30397.5,17.13,4.93,282.5,75.75
2023-08-18 10:00:00+00:00,30071.5,17.56,4.21,239.7,93.3
2023-08-18 11:00:00+00:00,29670.9,17.52,3.58,507.0,93.3
2023-08-18 12:00:00+00:00,29757.5,17.29,3.71,507.4,70.98
2023-08-18 13:00:00+00:00,29033.5,18.17,4.96,306.0,66.62
2023-08-18 14:00:00+00:00,28395.4,18.74,6.15,308.7,75.46
2023-08-18 15:00:00+00:00,27839.0,19.51,5.81,327.0,63.91
2023-08-18 16:00:00+00:00,29859.0,19.25,4.12,198.8,76.87
2023-08-18 17:00:00+00:00,32639.1,18.1,3.35,164.2,118.59
2023-08-18 18:00:00+00:00,33453.5,16.25,4.46,0.0,138.61
2023-08-18 19:00:00+00:00,31748.4,17.43,4.77,0.0,94.31
2023-08-18 20:00:00+00:00,29335.2,17.05,4.6,0.0,108.91
2023-08-18 21:00:00+00:00,27321.8,16.37,4.39,0.0,78.28
2023-08-18 22:00:00+00:00,24658.9,15.78,3.93,0.0,75.25
2023-08-18 23:00:00+00:00,22949.5,14.2,3.15,0.0,66.54
2023-08-19 00:00:00+00:00,20100.5,13.06,4.96,0.0,55.51
2023-08-19 01:00:00+00:00,19824.5,13.68,6.4,0.0,44.92
2023-08-19 02:00:00+00:00,20312.6,13.79,5.79,0.0,27.63
2023-08-19 03:00:00+00:00,20607.8,13.23,4.48,0.0,30.12
2023-08-19 04:00:00+00:00,21209.1,12.61,4.74,0.0,37.09
2023-08-19 05:00:00+00:00,21289.9,12.63,4.74,0.0,56.99
2023-08-19 06:00:00+00:00,24752.7,12.97,5.34,0.0,47.42
2023-08-19 07:00:00+00:00,26954.2,14.87,6.09,110.9,64.98
2023-08-19 08:00:00+00:00,27970.4,15.49,5.22,232.1,82.79
2023-08-19 09:00:00+00:00,29688.0,15.56,6.31,274.6,80.82
2023-08-19 10:00:00+00:00,29328.9,16.34,6.07,439.7,45.14
2023-08-19 11:00:00+00:00,29161.4,17.26,6.59,281.1,71.68
2023-08-19 12:00:00+00:00,28450.4,17.14,6.41,443.3,45.17
2023-08-19 13:00:00+00:00,27918.5,17.91,7.16,570.4,31.89
2023-08-19 14:00:00+00:00,27726.5,18.97,5.3,295.2,61.31
2023-08-19 15:00:00+00:00,28191.0,19.18,5.97,410.3,53.41
2023-08-19 16:00:00+00:00,30313.2,18.61,5.37,293.3,81.49
2023-08-19 17:00:00+00:00,32463.2,18.03,5.51,87.8,101.92
2023-08-19 18:00:00+00:00,33187.8,16.59,6.55,0.0,107.33
2023-08-19 19:00:00+00:00,31431.5,15.96,5.95,0.0,115.96
2023-08-19 20:00:00+00:00,28678.1,15.49,5.25,0.0,94.33
2023-08-19 21:00:00+00:00,26408.6,14.24,5.05,0.0,70.86
2023-08-19 22:00:00+00:00,23733.6,14.7,4.8,0.0,68.04
2023-08-19 23:00:00+00:00,22640.8,14.49,4.09,0.0,49.45
2023-08-20 00:00:00+00:00,22251.5,12.74,4.32,0.0,61.89
2023-08-20 01:00:00+00:00,21479.1,11.25,4.58,0.0,60.32
2023-08-20 02:00:00+00:00,20998.8,10.44,5.06,0.0,57.29
2023-08-20 03:00:00+00:00,19785.5,11.38,4.52,0.0,49.1
2023-08-20 04:00:00+00:00,19493.8,12.09,3.9,0.0,35.63
2023-08-20 05:00:00+00:00,20405.8,13.41,3.97,0.0,45.93
2023-08-20 06:00:00+00:00,22721.1,13.91,3.93,0.0,77.09
2023-08-20 07:00:00+00:00,25957.2,14.43,3.9,86.6,75.85
2023-08-20 08:00:00+00:00,27655.9,14.42,3.51,256.4,78.25
2023-08-20 09:00:00+00:00,28307.7,15.45,3.94,420.4,75.66
2023-08-20 10:00:00+00:00,27579.8,16.15,3.35,471.2,79.09
2023-08-20 11:00:00+00:00,26959.3,16.77,3.44,584.6,50.9
2023-08-20 12:00:00+00:00,26948.8,18.4,3.38,603.6,46.65
2023-08-20 13:00:00+00:00,26469.1,18.81,3.53,282.5,88.91
2023-08-20 14:00:00+00:00,26589.9,19.92,4.63,411.7,75.11
2023-08-20 15:00:00+00:00,27423.7,19.06,3.72,289.8,74.51
2023-08-20 16:00:00+00:00,29671.3,20.59,2.02,252.9,99.68
2023-08-20 17:00:00+00:00,32593.4,20.04,1.8,136.7,135.63
2023-08-20 18:00:00+00:00,34016.8,19.96,1.16,0.0,152.77
2023-08-20 19:00:00+00:00,31955.8,19.82,0.0,0.0,142.59
2023-08-20 20:00:00+00:00,30602.2,18.75,0.86,0.0,136.92
2023-08-20 21:00:00+00:00,29364.6,18.42,1.6,0.0,111.63
2023-08-20 22:00:00+00:00,25768.3,18.12,2.4,0.0,103.38
2023-08-20 23:00:00+00:00,23332.4,16.9,2.4,0.0,84.23
2023-08-21 00:00:00+00:00,24250.7,15.73,2.96,0.0,84.62
2023-08-21 01:00:00+00:00,22927.6,15.24,2.83,0.0,71.76
2023-08-21 02:00:00+00:00,21430.3,14.83,3.68,0.0,53.08
2023-08-21 03:00:00+00:00,20628.0,15.53,3.99,0.0,224.0
2023-08-21 04:00:00+00:00,21102.6,15.99,4.11,0.0,37.34
2023-08-21 05:00:00+00:00,22246.8,16.18,4.29,0.0,44.17
2023-08-21 06:00:00+00:00,24979.5,16.96,5.57,0.0,82.6
2023-08-21 07:00:00+00:00,28846.3,16.27,5.77,79.2,80.2
2023-08-21 08:00:00+00:00,29899.6,16.59,5.03,242.9,73.23
2023-08-21 09:00:00+00:00,31503.7,17.52,5.39,196.8,95.41
2023-08-21 10:00:00+00:00,32112.2,18.93,5.85,375.3,75.11
2023-08-21 11:00:00+00:00,30675.7,19.73,5.8,548.5,59.9
2023-08-21 12:00:00+00:00,29706.0,21.18,5.82,517.4,65.7
2023-08-21 13:00:00+00:00,28937.5,22.1,5.04,448.5,61.38
2023-08-21 14:00:00+00:00,28236.2,22.02,5.22,437.9,57.01
2023-08-21 15:00:00+00:00,28911.8,21.96,4.36,220.7,84.43
2023-08-21 16:00:00+00:00,31041.3,22.03,4.29,296.8,78.29
2023-08-21 17:00:00+00:00,33476.5,21.38,3.9,84.6,127.15
2023-08-21 18:00:00+00:00,34512.1,21.76,4.83,0.0,145.84
2023-08-21 19:00:00+00:00,32892.1,20.38,6.15,0.0,111.06
2023-08-21 20:00:00+00:00,30934.7,19.78,5.3,0.0,108.57
2023-08-21 21:00:00+00:00,29631.1,19.37,5.38,0.0,90.95
2023-08-21 22:00:00+00:00,25933.4,18.32,5.22,0.0,70.79
2023-08-21 23:00:00+00:00,24177.4,17.2,5.67,0.0,74.86
2023-08-22 00:00:00+00:00,23213.6,16.39,5.81,0.0,60.09
2023-08-22 01:00:00+00:00,21949.0,16.34,5.57,0.0,58.83
2023-08-22 02:00:00+00:00,21482.6,15.66,5.71,0.0,51.29
2023-08-22 03:00:00+00:00,21742.3,14.86,5.61,0.0,49.17
2023-08-22 04:00:00+00:00,21620.7,15.61,6.92,0.0,55.05
2023-08-22 05:00:00+00:00,23753.2,16.09,6.3,0.0,41.19
2023-08-22 06:00:00+00:00,25236.9,17.1,6.54,0.0,58.59
2023-08-22 07:00:00+00:00,28451.3,18.1,6.96,114.3,71.65
2023-08-22 08:00:00+00:00,30137.5,20.04,7.31,287.2,71.71
2023-08-22 09:00:00+00:00,30769.5,21.35,7.06,184.9,80.78
2023-08-22 10:00:00+00:00,31020.8,21.55,8.12,370.3,68.24
2023-08-22 11:00:00+00:00,30351.9,22.42,6.44,284.1,91.16
2023-08-22 12:00:00+00:00,30508.7,22.58,5.61,586.9,49.57
2023-08-22 13:00:00+00:00,30662.3,22.66,6.2,563.6,75.73
2023-08-22 14:00:00+00:00,29859.2,22.01,5.55,257.3,79.06
2023-08-22 15:00:00+00:00,29716.1,21.86,4.89,204.2,89.71
2023-08-22 16:00:00+00:00,31966.4,22.01,4.63,143.0,107.32
2023-08-22 17:00:00+00:00,34596.5,21.59,4.13,72.9,133.37
2023-08-22 18:00:00+00:00,34535.1,20.38,4.77,0.0,144.03
2023-08-22 19:00:00+00:00,33219.3,18.79,5.59,0.0,108.2
2023-08-22 20:00:00+00:00,31366.9,19.31,5.73,0.0,100.63
2023-08-22 21:00:00+00:00,29091.3,18.67,6.62,0.0,95.64
2023-08-22 22:00:00+00:00,27250.8,17.33,5.55,0.0,76.06
2023-08-22 23:00:00+00:00,24501.3,16.84,5.69,0.0,48.18
2023-08-23 00:00:00+00:00,22295.9,17.39,6.81,0.0,54.05
2023-08-23 01:00:00+00:00,21738.4,17.2,7.58,0.0,32.36
2023-08-23 02:00:00+00:00,20807.3,15.12,8.67,0.0,37.37
2023-08-23 03:00:00+00:00,20592.8,16.56,8.13,0.0,25.74
2023-08-23 04:00:00+00:00,20466.8,15.46,8.79,0.0,37.31
2023-08-23 05:00:00+00:00,22219.5,15.58,8.37,0.0,41.25
2023-08-23 06:00:00+00:00,24831.4,15.32,8.76,0.0,45.25
2023-08-23 07:00:00+00:00,27787.9,15.47,9.7,121.5,43.92
2023-08-23 08:00:00+00:00,29057.1,16.35,8.94,173.1,61.82
2023-08-23 09:00:00+00:00,29716.1,15.86,7.4,306.3,67.43
2023-08-23 10:00:00+00:00,29985.4,16.6,8.82,453.6,43.77
2023-08-23 11:00:00+00:00,29511.5,18.03,9.11,434.5,34.22
2023-08-23 12:00:00+00:00,29087.7,18.14,8.92,538.7,35.84
2023-08-23 13:00:00+00:00,28617.2,17.79,8.7,356.7,64.98
2023-08-23 14:00:00+00:00,28719.4,18.04,6.98,264.1,68.68
2023-08-23 15:00:00+00:00,29228.7,17.98,7.14,274.0,61.18
2023-08-23 16:00:00+00:00,31534.6,17.56,6.72,196.9,90.79
2023-08-23 17:00:00+00:00,33769.8,16.6,6.77,130.6,113.5
2023-08-23 18:00:00+00:00,35034.0,16.51,6.81,0.0,114.74
2023-08-23 19:00:00+00:00,32845.0,16.31,4.18,0.0,122.51
2023-08-23 20:00:00+00:00,30900.9,14.99,4.7,0.0,109.12
2023-08-23 21:00:00+00:00,29380.5,13.72,4.96,0.0,96.03
2023-08-23 22:00:00+00:00,28198.1,13.11,5.32,0.0,78.71
2023-08-23 23:00:00+00:00,26289.2,11.88,5.26,0.0,86.52
2023-08-24 00:00:00+00:00,24582.8,11.38,5.38,0.0,47.93
2023-08-24 01:00:00+00:00,22831.7,11.86,5.6,0.0,50.72
2023-08-24 02:00:00+00:00,22107.9,11.58,5.88,0.0,44.17
2023-08-24 03:00:00+00:00,22387.4,10.81,6.31,0.0,45.21
2023-08-24 04:00:00+00:00,22006.6,11.22,6.57,0.0,61.74
2023-08-24 05:00:00+00:00,23411.8,11.48,8.04,0.0,44.55
2023-08-24 06:00:00+00:00,25742.1,11.94,7.42,0.0,75.63
2023-08-24 07:00:00+00:00,28850.2,12.91,7.1,79.9,80.9
2023-08-24 08:00:00+00:00,30445.8,14.11,8.42,216.7,76.64
2023-08-24 09:00:00+00:00,31020.2,14.95,8.23,352.7,63.9
2023-08-24 10:00:00+00:00,31083.1,15.73,8.9,305.3,74.27
2023-08-24 11:00:00+00:00,31154.3,17.73,8.91,309.7,60.94
2023-08-24 12:00:00+00:00,29955.0,19.07,8.63,287.8,58.5
2023-08-24 13:00:00+00:00,28651.3,20.03,9.32,324.8,43.54
2023-08-24 14:00:00+00:00,28434.1,20.38,9.61,417.6,28.74
2023-08-24 15:00:00+00:00,28847.6,19.84,8.28,327.9,55.11
2023-08-24 16:00:00+00:00,30239.6,20.4,8.35,151.7,84.65
2023-08-24 17:00:00+00:00,33026.1,20.15,7.51,108.4,96.99
2023-08-24 18:00:00+00:00,33396.2,19.29,8.48,0.0,97.18
2023-08-24 19:00:00+00:00,31938.7,18.5,9.77,0.0,108.92
2023-08-24 20:00:00+00:00,29985.1,17.17,11.1,0.0,66.63
2023-08-24 21:00:00+00:00,28267.8,17.03,11.18,0.0,178.16
2023-08-24 22:00:00+00:00,25689.7,16.64,10.61,0.0,47.48
2023-08-24 23:00:00+00:00,24521.1,15.99,10.68,0.0,50.79
2023-08-25 00:00:00+00:00,24035.3,15.23,9.76,0.0,41.57
2023-08-25 01:00:00+00:00,23605.3,14.31,11.45,0.0,29.86
2023-08-25 02:00:00+00:00,24139.8,12.71,12.17,0.0,29.13
2023-08-25 03:00:00+00:00,24281.8,11.78,12.15,0.0,28.12
2023-08-25 04:00:00+00:00,24563.2,11.48,12.67,0.0,30.16
2023-08-25 05:00:00+00:00,25111.8,11.3,12.0,0.0,28.73
2023-08-25 06:00:00+00:00,26745.3,12.02,10.88,0.0,57.22
2023-08-25 07:00:00+00:00,29587.0,13.19,8.96,124.7,97.86
2023-08-25 08:00:00+00:00,30124.7,13.88,8.93,269.6,54.35
2023-08-25 09:00:00+00:00,30898.2,15.55,8.67,222.5,76.29
2023-08-25 10:00:00+00:00,30508.0,15.88,8.99,477.5,50.85
2023-08-25 11:00:00+00:00,29928.3,16.56,8.9,376.1,43.67
2023-08-25 12:00:00+00:00,29994.0,17.18,9.18,349.3,63.64
2023-08-25 13:00:00+00:00,29463.6,18.35,9.7,571.6,29.37
2023-08-25 14:00:00+00:00,28904.4,18.73,8.42,420.5,41.34
2023-08-25 15:00:00+00:00,28775.9,18.92,9.03,242.6,70.65
2023-08-25 16:00:00+00:00,29967.4,17.84,8.61,214.4,65.01
2023-08-25 17:00:00+00:00,31582.7,17.03,8.94,121.6,94.72
2023-08-25 18:00:00+00:00,33486.8,17.27,9.64,0.0,104.83
2023-08-25 19:00:00+00:00,32034.2,15.44,10.31,0.0,88.03
2023-08-25 20:00:00+00:00,29669.6,15.59,10.25,0.0,79.61
2023-08-25 21:00:00+00:00,28096.1,15.15,10.22,0.0,71.79
2023-08-25 22:00:00+00:00,25823.5,13.96,10.76,0.0,45.64
2023-08-25 23:00:00+00:00,24265.7,12.78,9.4,0.0,41.72
2023-08-26 00:00:00+00:00,21393.3,13.27,8.54,0.0,41.41
2023-08-26 01:00:00+00:00,20412.8,13.66,8.24,0.0,56.33
2023-08-26 02:00:00+00:00,19998.9,13.29,7.14,0.0,15.81
2023-08-26 03:00:00+00:00,19410.6,13.27,6.92,0.0,18.53
2023-08-26 04:00:00+00:00,19937.4,12.98,6.67,0.0,24.56
2023-08-26 05:00:00+00:00,21239.4,13.37,6.75,0.0,38.3
2023-08-26 06:00:00+00:00,23664.4,13.44,6.72,0.0,46.52
2023-08-26 07:00:00+00:00,26913.7,14.03,7.57,84.4,71.22
2023-08-26 08:00:00+00:00,27729.1,15.86,7.99,259.8,40.62
2023-08-26 09:00:00+00:00,28169.3,16.57,7.88,250.9,54.67
2023-08-26 10:00:00+00:00,28408.2,16.7,7.58,342.6,50.47
2023-08-26 11:00:00+00:00,27791.0,16.61,7.51,538.9,47.89
2023-08-26 12:00:00+00:00,27923.7,17.34,7.46,492.6,41.85
2023-08-26 13:00:00+00:00,27845.4,17.39,9.41,448.4,21.15
2023-08-26 14:00:00+00:00,27385.1,17.88,8.15,244.7,56.21
2023-08-26 15:00:00+00:00,27702.5,17.04,7.37,302.6,45.94
2023-08-26 16:00:00+00:00,29250.2,17.42,6.51,140.3,68.88
2023-08-26 17:00:00+00:00,31410.6,16.53,6.75,68.2,108.78
2023-08-26 18:00:00+00:00,32828.1,16.15,6.94,0.0,105.76
2023-08-26 19:00:00+00:00,30788.3,15.39,6.49,0.0,105.14
2023-08-26 20:00:00+00:00,29004.8,15.76,7.22,0.0,80.85
2023-08-26 21:00:00+00:00,26564.1,15.12,7.5,0.0,71.93
2023-08-26 22:00:00+00:00,23732.9,15.55,8.21,0.0,62.64
2023-08-26 23:00:00+00:00,22422.0,15.15,9.09,0.0,37.91
2023-08-27 00:00:00+00:00,21473.1,15.28,7.32,0.0,36.29
2023-08-27 01:00:00+00:00,20003.1,14.64,7.84,0.0,15.09
2023-08-27 02:00:00+00:00,19344.7,14.51,6.79,0.0,38.88
2023-08-27 03:00:00+00:00,18793.8,15.1,6.99,0.0,30.38
2023-08-27 04:00:00+00:00,19202.9,15.69,6.93,0.0,31.58
2023-08-27 05:00:00+00:00,20164.1,16.23,6.91,0.0,33.41
2023-08-27 06:00:00+00:00,23374.8,16.42,5.98,0.0,69.77
2023-08-27 07:00:00+00:00,25743.0,16.88,6.83,142.8,53.45
2023-08-27 08:00:00+00:00,26854.3,18.21,5.83,216.6,70.1
2023-08-27 09:00:00+00:00,27532.8,19.71,6.48,208.8,83.91
2023-08-27 10:00:00+00:00,26753.9,20.02,5.38,465.0,49.33
2023-08-27 11:00:00+00:00,26375.6,20.2,5.45,400.5,47.17
2023-08-27 12:00:00+00:00,26077.8,20.2,6.94,527.9,25.99
2023-08-27 13:00:00+00:00,25771.1,21.12,8.79,253.2,33.81
2023-08-27 14:00:00+00:00,25610.1,20.78,7.43,252.4,46.27
2023-08-27 15:00:00+00:00,26216.3,21.32,6.86,188.6,73.77
2023-08-27 16:00:00+00:00,27804.1,21.48,6.46,201.9,72.3
2023-08-27 17:00:00+00:00,30215.0,20.78,8.25,96.0,82.43
2023-08-27 18:00:00+00:00,31554.4,21.17,8.13,0.0,97.42
2023-08-27 19:00:00+00:00,29124.4,19.59,8.92,0.0,61.64
2023-08-27 20:00:00+00:00,27490.8,19.8,9.06,0.0,65.63
2023-08-27 21:00:00+00:00,24609.6,19.12,8.02,0.0,45.67
2023-08-27 22:00:00+00:00,22554.4,17.01,6.51,0.0,65.78
2023-08-27 23:00:00+00:00,21259.5,17.19,6.06,0.0,36.7
2023-08-28 00:00:00+00:00,22568.1,16.98,7.91,0.0,29.88
2023-08-28 01:00:00+00:00,21197.4,16.15,8.07,0.0,16.94
2023-08-28 02:00:00+00:00,20855.5,15.19,8.84,0.0,20.21
2023-08-28 03:00:00+00:00,20570.0,14.09,7.64,0.0,3.68
2023-08-28 04:00:00+00:00,21301.8,15.6,7.35,0.0,40.53
2023-08-28 05:00:00+00:00,22877.5,15.27,7.95,0.0,47.27
2023-08-28 06:00:00+00:00,24801.9,14.93,7.04,0.0,50.44
2023-08-28 07:00:00+00:00,28423.1,15.68,6.99,139.2,81.94
2023-08-28 08:00:00+00:00,30208.0,15.39,6.3,279.0,76.0
2023-08-28 09:00:00+00:00,30200.0,15.57,6.99,244.3,74.92
2023-08-28 10:00:00+00:00,30747.4,16.95,7.3,308.6,82.09
2023-08-28 11:00:00+00:00,31099.5,17.95,7.82,404.3,77.15
2023-08-28 12:00:00+00:00,30466.4,18.33,8.46,453.6,44.85
2023-08-28 13:00:00+00:00,29879.8,18.81,8.21,477.5,36.76
2023-08-28 14:00:00+00:00,29419.9,18.83,8.93,231.3,58.4
2023-08-28 15:00:00+00:00,29858.6,18.9,8.37,176.8,87.27
2023-08-28 16:00:00+00:00,31866.5,18.34,8.79,234.2,69.67
2023-08-28 17:00:00+00:00,34518.8,17.71,7.16,103.3,121.24
2023-08-28 18:00:00+00:00,34345.4,16.89,6.57,0.0,111.41
2023-08-28 19:00:00+00:00,32585.1,15.87,8.4,0.0,99.15
2023-08-28 20:00:00+00:00,30944.4,15.82,8.81,0.0,82.9
2023-08-28 21:00:00+00:00,28463.2,15.54,9.2,0.0,75.79
2023-08-28 22:00:00+00:00,26528.1,14.21,8.44,0.0,65.61
2023-08-28 23:00:00+00:00,24828.0,12.8,7.52,0.0,49.99
2023-08-29 00:00:00+00:00,24284.6,12.04,7.28,0.0,52.1
2023-08-29 01:00:00+00:00,22761.4,12.91,7.22,0.0,37.49
2023-08-29 02:00:00+00:00,22765.6,12.01,8.7,0.0,42.45
2023-08-29 03:00:00+00:00,22644.2,11.84,9.42,0.0,25.41
2023-08-29 04:00:00+00:00,22154.5,12.02,9.38,0.0,33.79
2023-08-29 05:00:00+00:00,24254.5,12.29,9.31,0.0,49.77
2023-08-29 06:00:00+00:00,25835.3,12.52,9.79,0.0,59.31
2023-08-29 07:00:00+00:00,29443.7,13.87,8.62,143.7,77.07
2023-08-29 08:00:00+00:00,29666.3,14.88,7.04,178.9,81.04
2023-08-29 09:00:00+00:00,30269.1,16.17,7.61,332.9,56.27
2023-08-29 10:00:00+00:00,29643.7,17.29,7.64,319.5,55.49
2023-08-29 11:00:00+00:00,30203.9,18.53,6.58,426.8,56.79
2023-08-29 12:00:00+00:00,29408.5,20.07,4.96,460.9,66.36
2023-08-29 13:00:00+00:00,28375.9,21.28,5.77,266.4,81.41
2023-08-29 14:00:00+00:00,28345.1,22.89,5.42,327.9,60.78
2023-08-29 15:00:00+00:00,29488.0,23.6,5.81,213.0,77.68
2023-08-29 16:00:00+00:00,31728.0,22.96,5.66,135.5,112.58
2023-08-29 17:00:00+00:00,33897.0,23.04,5.7,112.3,101.34
2023-08-29 18:00:00+00:00,34537.6,22.85,5.31,0.0,144.34
2023-08-29 19:00:00+00:00,33273.3,23.24,5.33,0.0,127.63
2023-08-29 20:00:00+00:00,30915.5,21.76,5.87,0.0,97.37
2023-08-29 21:00:00+00:00,28790.5,21.16,5.71,0.0,89.07
2023-08-29 22:00:00+00:00,26270.4,19.82,5.51,0.0,95.4
2023-08-29 23:00:00+00:00,24712.9,19.26,6.06,0.0,61.11
2023-08-30 00:00:00+00:00,23635.0,18.27,6.64,0.0,63.71
2023-08-30 01:00:00+00:00,23014.4,17.94,5.76,0.0,77.92
2023-08-30 02:00:00+00:00,21906.8,16.65,5.8,0.0,50.24
2023-08-30 03:00:00+00:00,21196.5,16.91,5.45,0.0,48.2
2023-08-30 04:00:00+00:00,21417.3,17.02,5.54,0.0,71.24
2023-08-30 05:00:00+00:00,22504.6,17.28,6.74,0.0,38.33
2023-08-30 06:00:00+00:00,25293.8,18.81,7.03,0.0,64.18
2023-08-30 07:00:00+00:00,27742.1,19.04,8.72,113.2,66.03
2023-08-30 08:00:00+00:00,30147.0,19.83,8.81,219.5,52.65
2023-08-30 09:00:00+00:00,30531.3,20.52,8.59,294.6,54.55
2023-08-30 10:00:00+00:00,31018.4,21.28,8.49,348.0,60.05
2023-08-30 11:00:00+00:00,31858.4,23.19,8.53,374.9,72.75
2023-08-30 12:00:00+00:00,31736.9,23.67,8.7,391.9,60.91
2023-08-30 13:00:00+00:00,31048.2,23.64,7.84,330.2,69.85
2023-08-30 14:00:00+00:00,31053.3,24.9,7.62,273.2,83.88
2023-08-30 15:00:00+00:00,30809.3,24.63,7.02,225.1,87.31
2023-08-30 16:00:00+00:00,32301.8,23.39,7.83,268.8,62.26
2023-08-30 17:00:00+00:00,34047.8,22.5,6.28,82.5,116.83
2023-08-30 18:00:00+00:00,34477.6,21.16,6.44,0.0,128.15
2023-08-30 19:00:00+00:00,33062.6,19.36,5.28,0.0,119.62
2023-08-30 20:00:00+00:00,30934.9,18.35,5.7,0.0,110.63
2023-08-30 21:00:00+00:00,28963.7,17.48,5.46,0.0,102.58
2023-08-30 22:00:00+00:00,26533.1,17.36,4.11,0.0,90.8
2023-08-30 23:00:00+00:00,24521.1,16.95,4.99,0.0,69.76
2023-08-31 00:00:00+00:00,23694.3,16.5,3.13,0.0,78.36
2023-08-31 01:00:00+00:00,22099.3,15.4,3.29,0.0,42.09
2023-08-31 02:00:00+00:00,21574.1,15.56,4.02,0.0,72.4
2023-08-31 03:00:00+00:00,21737.4,16.21,5.25,0.0,65.89
2023-08-31 04:00:00+00:00,22210.9,16.44,4.07,0.0,74.34
2023-08-31 05:00:00+00:00,23217.4,16.89,3.82,0.0,70.53
2023-08-31 06:00:00+00:00,24667.4,16.49,4.82,0.0,78.23
2023-08-31 07:00:00+00:00,27562.6,17.66,5.83,117.0,77.42
2023-08-31 08:00:00+00:00,30387.7,19.34,6.89,222.4,82.88
2023-08-31 09:00:00+00:00,30740.2,20.18,8.9,218.6,84.88
2023-08-31 10:00:00+00:00,30651.5,20.47,8.41,376.6,44.24
2023-08-31 11:00:00+00:00,30359.2,20.97,8.63,543.5,51.38
2023-08-31 12:00:00+00:00,30181.3,21.23,8.28,282.3,58.29
2023-08-31 13:00:00+00:00,29191.9,21.39,6.67,341.2,53.61
2023-08-31 14:00:00+00:00,29216.3,21.98,6.62,309.6,66.58
2023-08-31 15:00:00+00:00,29636.5,22.15,5.07,210.3,73.3
2023-08-31 16:00:00+00:00,30606.8,22.54,4.76,245.8,78.23
2023-08-31 17:00:00+00:00,31911.8,22.35,3.73,120.2,96.63
2023-08-31 18:00:00+00:00,32816.0,21.23,4.23,0.0,119.77
2023-08-31 19:00:00+00:00,31049.5,20.21,3.76,0.0,121.85
2023-08-31 20:00:00+00:00,29420.4,19.06,2.53,0.0,121.68
2023-08-31 21:00:00+00:00,27389.5,18.09,3.43,0.0,116.15
2023-08-31 22:00:00+00:00,25424.8,18.32,3.14,0.0,82.12
2023-08-31 23:00:00+00:00,23978.9,18.66,2.99,0.0,86.25
2023-09-01 00:00:00+00:00,22392.1,18.31,2.43,0.0,73.6
2023-09-01 01:00:00+00:00,21171.4,17.76,3.55,0.0,59.9
2023-09-01 02:00:00+00:00,20469.8,16.5,3.94,0.0,55.85
2023-09-01 03:00:00+00:00,20757.3,16.42,3.61,0.0,63.61
2023-09-01 04:00:00+00:00,21028.4,15.93,2.28,0.0,69.17
2023-09-01 05:00:00+00:00,22847.2,17.11,4.48,0.0,59.47
2023-09-01 06:00:00+00:00,25767.3,16.5,6.16,0.0,77.76
2023-09-01 07:00:00+00:00,28534.5,17.26,7.33,94.5,69.1
2023-09-01 08:00:00+00:00,29942.6,17.37,6.76,162.7,87.86
2023-09-01 09:00:00+00:00,30101.6,18.06,6.38,275.2,78.05
2023-09-01 10:00:00+00:00,30462.3,19.16,6.73,427.9,47.51
2023-09-01 11:00:00+00:00,30086.3,20.41,6.04,374.5,70.11
2023-09-01 12:00:00+00:00,29442.6,20.9,5.32,234.7,274.44
2023-09-01 13:00:00+00:00,29299.3,21.74,6.54,432.1,58.66
2023-09-01 14:00:00+00:00,29373.0,21.53,6.52,196.1,79.76
2023-09-01 15:00:00+00:00,29133.1,21.69,5.67,180.8,76.95
2023-09-01 16:00:00+00:00,31102.4,22.1,6.48,233.2,82.65
2023-09-01 17:00:00+00:00,33719.1,21.89,6.06,129.6,120.32
2023-09-01 18:00:00+00:00,35302.5,20.98,4.56,0.0,133.46
2023-09-01 19:00:00+00:00,33509.3,20.1,3.79,0.0,119.63
2023-09-01 20:00:00+00:00,31249.0,19.89,3.55,0.0,97.09
2023-09-01 21:00:00+00:00,29318.2,18.35,3.89,0.0,97.83
2023-09-01 22:00:00+00:00,27327.1,16.93,4.18,0.0,80.95
2023-09-01 23:00:00+00:00,25463.5,16.5,5.28,0.0,59.95
2023-09-02 00:00:00+00:00,21933.8,15.44,5.18,0.0,43.44
2023-09-02 01:00:00+00:00,20643.0,14.03,4.91,0.0,38.0
2023-09-02 02:00:00+00:00,19602.7,14.51,5.99,0.0,25.26
2023-09-02 03:00:00+00:00,19485.3,13.69,6.8,0.0,44.56
2023-09-02 04:00:00+00:00,20085.1,13.64,6.65,0.0,18.67
2023-09-02 05:00:00+00:00,21434.4,13.53,6.89,0.0,47.72
2023-09-02 06:00:00+00:00,23304.4,13.81,6.53,0.0,60.49
2023-09-02 07:00:00+00:00,26628.3,13.89,5.64,128.9,76.73
2023-09-02 08:00:00+00:00,27830.5,15.04,7.43,187.4,63.46
2023-09-02 09:00:00+00:00,28296.2,15.88,6.98,345.9,70.38
2023-09-02 10:00:00+00:00,28604.1,17.23,7.21,360.6,57.27
2023-09-02 11:00:00+00:00,28606.5,17.56,6.02,308.8,65.35
2023-09-02 12:00:00+00:00,28302.3,19.45,6.64,363.1,70.02
2023-09-02 13:00:00+00:00,28385.5,18.72,5.72,343.9,63.5
2023-09-02 14:00:00+00:00,26946.2,18.05,7.09,291.9,37.0
2023-09-02 15:00:00+00:00,27613.0,19.22,8.5,212.7,60.06
2023-09-02 16:00:00+00:00,28822.1,19.38,8.86,176.2,73.79
2023-09-02 17:00:00+00:00,31191.6,19.25,8.86,108.4,84.99
2023-09-02 18:00:00+00:00,32085.7,19.0,8.62,0.0,92.9
2023-09-02 19:00:00+00:00,30547.7,18.68,8.5,0.0,90.55
2023-09-02 20:00:00+00:00,28033.4,18.09,8.75,0.0,78.35
2023-09-02 21:00:00+00:00,25401.0,16.67,8.73,0.0,45.5
2023-09-02 22:00:00+00:00,22320.8,16.35,9.41,0.0,13.25
2023-09-02 23:00:00+00:00,20748.4,15.98,8.57,0.0,27.39
2023-09-03 00:00:00+00:00,19884.8,16.05,9.69,0.0,27.92
2023-09-03 01:00:00+00:00,19160.6,16.55,9.22,0.0,4.35
2023-09-03 02:00:00+00:00,19196.4,16.34,8.53,0.0,6.87
2023-09-03 03:00:00+00:00,19260.6,15.38,8.74,0.0,20.97
2023-09-03 04:00:00+00:00,19918.4,16.46,8.98,0.0,19.24
2023-09-03 05:00:00+00:00,20509.7,16.03,7.53,0.0,26.05
2023-09-03 06:00:00+00:00,23369.9,16.61,7.12,0.0,63.94
2023-09-03 07:00:00+00:00,26409.7,16.98,5.42,91.4,66.46
2023-09-03 08:00:00+00:00,27488.4,17.35,4.97,151.8,81.31
2023-09-03 09:00:00+00:00,28577.8,18.5,4.58,184.5,92.42
2023-09-03 10:00:00+00:00,28090.6,19.33,4.93,392.1,62.17
2023-09-03 11:00:00+00:00,27331.6,20.27,4.42,488.8,63.92
2023-09-03 12:00:00+00:00,27824.7,20.3,4.12,352.8,76.56
2023-09-03 13:00:00+00:00,27272.7,20.59,5.28,487.5,52.42
2023-09-03 14:00:00+00:00,26434.1,20.35,6.98,259.2,49.06
2023-09-03 15:00:00+00:00,26530.4,20.27,6.26,295.2,68.99
2023-09-03 16:00:00+00:00,28885.6,20.04,7.09,122.4,85.82
2023-09-03 17:00:00+00:00,30713.2,20.79,7.39,104.2,94.8
2023-09-03 18:00:00+00:00,31631.9,20.08,6.01,0.0,108.45
2023-09-03 19:00:00+00:00,30146.6,18.1,5.44,0.0,96.64
2023-09-03 20:00:00+00:00,29347.4,18.18,3.15,0.0,90.26
2023-09-03 21:00:00+00:00,26407.0,17.61,3.6,0.0,94.8
2023-09-03 22:00:00+00:00,23353.2,16.69,2.93,0.0,71.53
2023-09-03 23:00:00+00:00,21412.3,15.64,3.24,0.0,63.77
2023-09-04 00:00:00+00:00,22533.9,14.3,5.43,0.0,81.08
2023-09-04 01:00:00+00:00,21273.4,14.95,6.76,0.0,54.21
2023-09-04 02:00:00+00:00,20723.1,14.61,6.17,0.0,46.05
2023-09-04 03:00:00+00:00,21414.3,13.4,5.42,0.0,48.75
2023-09-04 04:00:00+00:00,21696.5,13.67,6.51,0.0,53.37
2023-09-04 05:00:00+00:00,22114.7,14.65,5.75,0.0,61.24
2023-09-04 06:00:00+00:00,24383.7,15.16,6.59,0.0,57.4
2023-09-04 07:00:00+00:00,27370.4,15.18,8.75,86.4,58.69
2023-09-04 08:00:00+00:00,29796.1,15.27,9.19,127.7,72.86
2023-09-04 09:00:00+00:00,30771.6,15.47,10.01,207.5,58.65
2023-09-04 10:00:00+00:00,31003.8,17.16,10.69,419.6,41.77
2023-09-04 11:00:00+00:00,30241.4,17.8,10.07,380.1,38.98
2023-09-04 12:00:00+00:00,30039.6,17.39,10.14,494.5,57.83
2023-09-04 13:00:00+00:00,28859.2,18.1,9.24,486.5,219.54
2023-09-04 14:00:00+00:00,28906.7,18.47,10.14,413.0,26.41
2023-09-04 15:00:00+00:00,29738.5,18.3,9.13,327.1,33.3
2023-09-04 16:00:00+00:00,30477.4,17.58,9.57,134.8,78.21
2023-09-04 17:00:00+00:00,32929.9,16.66,10.33,78.4,77.24
2023-09-04 18:00:00+00:00,33871.4,16.87,9.78,0.0,108.56
2023-09-04 19:00:00+00:00,32853.2,16.42,9.08,0.0,98.18
2023-09-04 20:00:00+00:00,30465.3,15.99,8.84,0.0,98.34
2023-09-04 21:00:00+00:00,28128.6,15.36,8.05,0.0,67.36
2023-09-04 22:00:00+00:00,25967.2,14.78,8.12,0.0,63.11
2023-09-04 23:00:00+00:00,24878.5,13.77,7.35,0.0,71.27
2023-09-05 00:00:00+00:00,24081.4,12.92,6.67,0.0,71.19
2023-09-05 01:00:00+00:00,23163.7,13.15,7.11,0.0,61.99
2023-09-05 02:00:00+00:00,22569.7,13.68,7.59,0.0,50.53
2023-09-05 03:00:00+00:00,22227.1,12.8,7.33,0.0,44.08
2023-09-05 04:00:00+00:00,22485.5,12.76,6.03,0.0,58.77
2023-09-05 05:00:00+00:00,23576.6,13.55,6.99,0.0,41.17
2023-09-05 06:00:00+00:00,24974.6,15.13,6.64,0.0,60.77
2023-09-05 07:00:00+00:00,27664.7,16.76,8.27,93.1,79.28
2023-09-05 08:00:00+00:00,28866.2,16.91,8.1,228.5,72.76
2023-09-05 09:00:00+00:00,30175.2,18.38,8.16,269.9,55.94
2023-09-05 10:00:00+00:00,31187.1,19.09,7.76,443.5,67.37
2023-09-05 11:00:00+00:00,30416.5,20.35,7.91,494.4,45.71
2023-09-05 12:00:00+00:00,30303.9,21.33,10.59,285.7,51.8
2023-09-05 13:00:00+00:00,30157.0,20.93,10.13,342.5,66.93
2023-09-05 14:00:00+00:00,29132.3,21.46,10.97,239.9,30.61
2023-09-05 15:00:00+00:00,29542.9,22.07,10.85,225.9,40.2
2023-09-05 16:00:00+00:00,31857.7,21.84,11.57,142.5,70.47
2023-09-05 17:00:00+00:00,33960.7,21.28,9.83,97.7,98.89
2023-09-05 18:00:00+00:00,34706.8,19.75,11.21,0.0,95.24
2023-09-05 19:00:00+00:00,33741.9,19.47,11.27,0.0,103.74
2023-09-05 20:00:00+00:00,31258.3,18.79,10.85,0.0,77.25
2023-09-05 21:00:00+00:00,28784.0,17.37,11.36,0.0,64.63
2023-09-05 22:00:00+00:00,26260.3,16.33,11.25,0.0,47.92
2023-09-05 23:00:00+00:00,25264.5,15.64,10.14,0.0,44.81
2023-09-06 00:00:00+00:00,24429.5,14.52,8.09,0.0,60.91
2023-09-06 01:00:00+00:00,23459.2,14.0,9.46,0.0,32.12
2023-09-06 02:00:00+00:00,23409.7,12.61,9.17,0.0,54.44
2023-09-06 03:00:00+00:00,22123.4,13.3,8.58,0.0,46.62
2023-09-06 04:00:00+00:00,22573.7,13.38,8.08,0.0,52.16
2023-09-06 05:00:00+00:00,23624.8,12.98,9.17,0.0,65.59
2023-09-06 06:00:00+00:00,26276.9,11.97,8.68,0.0,65.55
2023-09-06 07:00:00+00:00,28665.2,13.23,9.1,92.6,67.97
2023-09-06 08:00:00+00:00,30491.9,14.3,8.73,115.0,82.74
2023-09-06 09:00:00+00:00,31573.4,15.2,7.67,159.7,82.99
2023-09-06 10:00:00+00:00,30937.2,16.5,8.34,428.2,59.47
2023-09-06 11:00:00+00:00,31022.0,17.72,9.13,283.9,58.6
2023-09-06 12:00:00+00:00,30482.5,18.42,8.5,341.2,76.6
2023-09-06 13:00:00+00:00,30114.8,18.71,8.39,478.3,41.44
2023-09-06 14:00:00+00:00,29794.8,18.73,8.4,365.9,49.46
2023-09-06 15:00:00+00:00,29667.5,19.06,8.68,321.8,56.42
2023-09-06 16:00:00+00:00,31119.0,19.76,10.13,180.2,58.55
2023-09-06 17:00:00+00:00,33428.1,19.35,9.72,111.6,84.07
2023-09-06 18:00:00+00:00,34513.7,19.71,9.33,0.0,103.71
2023-09-06 19:00:00+00:00,33224.4,19.24,9.08,0.0,108.85
2023-09-06 20:00:00+00:00,32406.6,18.66,8.24,0.0,86.05
2023-09-06 21:00:00+00:00,30241.9,19.24,6.83,0.0,89.93
2023-09-06 22:00:00+00:00,26961.4,19.33,6.94,0.0,77.85
2023-09-06 23:00:00+00:00,25607.5,19.47,7.36,0.0,69.49
2023-09-07 00:00:00+00:00,24467.0,18.08,7.34,0.0,83.66
2023-09-07 01:00:00+00:00,22973.4,18.76,7.27,0.0,63.75
2023-09-07 02:00:00+00:00,21713.2,18.22,6.56,0.0,61.95
2023-09-07 03:00:00+00:00,21258.4,17.8,6.78,0.0,26.16
2023-09-07 04:00:00+00:00,22087.1,16.43,6.92,0.0,49.06
2023-09-07 05:00:00+00:00,23407.6,16.8,7.3,0.0,57.89
2023-09-07 06:00:00+00:00,26290.4,16.49,7.53,0.0,55.39
2023-09-07 07:00:00+00:00,29652.7,17.25,7.82,113.4,75.75
2023-09-07 08:00:00+00:00,31248.4,17.16,8.81,166.4,86.63
2023-09-07 09:00:00+00:00,30175.0,18.93,9.16,231.3,74.16
2023-09-07 10:00:00+00:00,29847.3,19.91,9.43,301.6,69.76
2023-09-07 11:00:00+00:00,28997.4,21.88,7.95,332.2,59.03
2023-09-07 12:00:00+00:00,29589.0,21.73,8.72,433.3,44.38
2023-09-07 13:00:00+00:00,29414.9,22.99,8.4,404.3,58.63
2023-09-07 14:00:00+00:00,28917.9,22.05,8.4,387.5,52.85
2023-09-07 15:00:00+00:00,29025.8,22.15,7.33,193.5,75.89
2023-09-07 16:00:00+00:00,31366.6,21.54,8.95,220.4,55.96
2023-09-07 17:00:00+00:00,33321.1,20.86,6.92,78.0,107.59
2023-09-07 18:00:00+00:00,33688.2,19.98,8.08,0.0,113.31
2023-09-07 19:00:00+00:00,31723.1,18.72,8.36,0.0,95.8
2023-09-07 20:00:00+00:00,29918.7,17.17,6.8,0.0,92.02
2023-09-07 21:00:00+00:00,27639.8,16.09,8.41,0.0,69.69
2023-09-07 22:00:00+00:00,25912.0,15.35,8.74,0.0,50.09
2023-09-07 23:00:00+00:00,24193.2,15.29,6.81,0.0,67.59
2023-09-08 00:00:00+00:00,22552.9,14.68,6.49,0.0,47.91
2023-09-08 01:00:00+00:00,21358.6,14.85,6.93,0.0,16.18
2023-09-08 02:00:00+00:00,20960.8,13.58,8.27,0.0,25.54
2023-09-08 03:00:00+00:00,20974.7,13.17,7.89,0.0,26.16
2023-09-08 04:00:00+00:00,21760.5,13.66,5.78,0.0,46.68
2023-09-08 05:00:00+00:00,22763.7,14.12,6.98,0.0,42.99
2023-09-08 06:00:00+00:00,24948.7,14.02,7.37,0.0,59.36
2023-09-08 07:00:00+00:00,27874.2,15.16,5.6,69.9,84.48
2023-09-08 08:00:00+00:00,29520.0,15.51,5.94,221.3,71.74
2023-09-08 09:00:00+00:00,30428.7,15.78,6.35,256.7,80.9
2023-09-08 10:00:00+00:00,30582.1,16.82,6.12,443.2,75.71
2023-09-08 11:00:00+00:00,29782.7,17.51,5.52,353.7,70.41
2023-09-08 12:00:00+00:00,28966.2,17.79,5.12,294.8,82.08
2023-09-08 13:00:00+00:00,28376.7,17.9,4.96,426.7,76.55
2023-09-08 14:00:00+00:00,28436.0,17.55,5.34,186.5,69.5
2023-09-08 15:00:00+00:00,29616.9,17.42,6.04,304.4,76.69
2023-09-08 16:00:00+00:00,30832.7,17.99,4.41,187.2,118.64
2023-09-08 17:00:00+00:00,32819.8,17.83,4.74,67.5,119.45
2023-09-08 18:00:00+00:00,34280.3,17.92,5.23,0.0,119.73
2023-09-08 19:00:00+00:00,32874.4,17.58,5.45,0.0,123.25
2023-09-08 20:00:00+00:00,30681.2,16.45,5.21,0.0,104.82
2023-09-08 21:00:00+00:00,29018.5,14.66,6.41,0.0,77.38
2023-09-08 22:00:00+00:00,27625.0,13.33,7.49,0.0,74.15
2023-09-08 23:00:00+00:00,26554.6,12.23,7.18,0.0,59.65
2023-09-09 00:00:00+00:00,23055.3,11.08,7.11,0.0,34.08
2023-09-09 01:00:00+00:00,21880.8,11.24,7.71,0.0,48.9
2023-09-09 02:00:00+00:00,21542.7,11.55,8.67,0.0,9.57
2023-09-09 03:00:00+00:00,20438.6,12.79,7.95,0.0,44.21
2023-09-09 04:00:00+00:00,20915.9,12.4,7.09,0.0,43.47
2023-09-09 05:00:00+00:00,21236.3,13.64,7.3,0.0,53.52
2023-09-09 06:00:00+00:00,22628.3,15.03,6.4,0.0,68.4
2023-09-09 07:00:00+00:00,25851.1,15.44,4.91,64.4,85.74
2023-09-09 08:00:00+00:00,28058.7,16.38,4.37,153.6,79.94
2023-09-09 09:00:00+00:00,28913.2,17.83,4.83,216.2,76.18
2023-09-09 10:00:00+00:00,28171.9,18.48,6.16,212.0,72.22
2023-09-09 11:00:00+00:00,28472.0,19.03,5.64,308.3,78.65
2023-09-09 12:00:00+00:00,28323.5,19.19,5.61,411.1,79.51
2023-09-09 13:00:00+00:00,28091.1,18.18,5.8,412.7,48.0
2023-09-09 14:00:00+00:00,27160.3,18.5,5.36,230.3,76.12
2023-09-09 15:00:00+00:00,27753.5,18.15,4.87,300.2,69.56
2023-09-09 16:00:00+00:00,29698.0,17.39,5.24,142.7,90.6
2023-09-09 17:00:00+00:00,31357.0,17.35,4.39,56.1,117.45
2023-09-09 18:00:00+00:00,32432.6,16.0,3.92,0.0,98.23
2023-09-09 19:00:00+00:00,30411.3,15.89,3.92,0.0,112.16
2023-09-09 20:00:00+00:00,28365.4,15.47,4.32,0.0,85.03
2023-09-09 21:00:00+00:00,27552.6,14.45,3.27,0.0,105.55
2023-09-09 22:00:00+00:00,25409.9,13.65,3.36,0.0,88.02
2023-09-09 23:00:00+00:00,23932.0,12.22,2.53,0.0,97.43
2023-09-10 00:00:00+00:00,22034.6,11.97,2.22,0.0,85.74
2023-09-10 01:00:00+00:00,21130.9,11.62,3.07,0.0,54.72
2023-09-10 02:00:00+00:00,20512.9,11.49,3.21,0.0,59.05
2023-09-10 03:00:00+00:00,19244.3,11.7,4.71,0.0,56.73
2023-09-10 04:00:00+00:00,19354.2,11.41,4.76,0.0,45.75
2023-09-10 05:00:00+00:00,21435.9,10.81,5.63,0.0,55.99
2023-09-10 06:00:00+00:00,24125.3,11.9,6.32,0.0,77.7
2023-09-10 07:00:00+00:00,26739.6,12.95,6.35,84.3,85.61
2023-09-10 08:00:00+00:00,28818.1,13.36,5.35,131.3,87.34
2023-09-10 09:00:00+00:00,28931.1,14.4,5.35,300.4,84.67
2023-09-10 10:00:00+00:00,28272.0,15.93,5.02,371.9,75.7
2023-09-10 11:00:00+00:00,28959.0,17.33,4.67,279.3,96.3
2023-09-10 12:00:00+00:00,27822.8,17.57,4.91,443.0,60.56
2023-09-10 13:00:00+00:00,27379.7,17.13,3.88,242.3,89.57
2023-09-10 14:00:00+00:00,26722.0,16.64,3.35,185.0,75.96
2023-09-10 15:00:00+00:00,26934.9,16.59,2.74,177.7,89.83
2023-09-10 16:00:00+00:00,29474.0,17.39,2.76,137.8,112.18
2023-09-10 17:00:00+00:00,31770.5,16.66,2.37,56.1,131.93
2023-09-10 18:00:00+00:00,32421.8,15.84,2.05,0.0,137.84
2023-09-10 19:00:00+00:00,30668.7,14.88,2.4,0.0,122.03
2023-09-10 20:00:00+00:00,29210.0,13.87,2.28,0.0,121.35
2023-09-10 21:00:00+00:00,26918.6,13.14,2.52,0.0,104.33
2023-09-10 22:00:00+00:00,25179.8,11.64,1.88,0.0,93.33
2023-09-10 23:00:00+00:00,23352.2,11.63,1.48,0.0,90.13
2023-09-11 00:00:00+00:00,24331.4,10.86,3.36,0.0,64.15
2023-09-11 01:00:00+00:00,22184.9,11.91,2.99,0.0,72.43
2023-09-11 02:00:00+00:00,22190.2,10.91,1.55,0.0,58.96
2023-09-11 03:00:00+00:00,21554.6,11.78,2.09,0.0,60.43
2023-09-11 04:00:00+00:00,21766.8,12.71,1.78,0.0,75.49
2023-09-11 05:00:00+00:00,22094.9,12.73,2.23,0.0,71.18
2023-09-11 06:00:00+00:00,24490.7,12.95,2.4,0.0,68.22
2023-09-11 07:00:00+00:00,28123.4,13.0,3.06,124.6,75.5
2023-09-11 08:00:00+00:00,29251.7,13.18,3.18,115.0,97.71
2023-09-11 09:00:00+00:00,30652.8,13.97,3.19,241.1,82.16
2023-09-11 10:00:00+00:00,30548.3,14.78,4.28,223.3,81.33
2023-09-11 11:00:00+00:00,30266.8,14.55,2.68,360.7,86.12
2023-09-11 12:00:00+00:00,29856.7,16.6,1.86,220.2,112.78
2023-09-11 13:00:00+00:00,28871.9,16.92,1.47,337.6,80.03
2023-09-11 14:00:00+00:00,29286.2,17.26,0.42,217.1,86.91
2023-09-11 15:00:00+00:00,29599.4,16.99,0.38,228.8,123.15
2023-09-11 16:00:00+00:00,31359.3,16.75,0.26,202.2,131.34
2023-09-11 17:00:00+00:00,34148.6,16.25,1.36,77.3,146.2
2023-09-11 18:00:00+00:00,35083.2,15.8,1.57,0.0,152.24
2023-09-11 19:00:00+00:00,33130.6,15.2,1.68,0.0,161.22
2023-09-11 20:00:00+00:00,30966.5,14.98,1.64,0.0,130.69
2023-09-11 21:00:00+00:00,29319.5,14.35,1.09,0.0,121.45
2023-09-11 22:00:00+00:00,26993.7,14.0,2.08,0.0,99.5
2023-09-11 23:00:00+00:00,24794.5,13.26,3.27,0.0,86.0
2023-09-12 00:00:00+00:00,24516.6,12.66,2.51,0.0,76.78
2023-09-12 01:00:00+00:00,23553.1,12.03,4.0,0.0,81.4
2023-09-12 02:00:00+00:00,22587.5,12.32,3.63,0.0,79.52
2023-09-12 03:00:00+00:00,22530.0,12.39,3.21,0.0,81.15
2023-09-12 04:00:00+00:00,22537.5,12.37,3.77,0.0,64.97
2023-09-12 05:00:00+00:00,22968.3,12.53,4.37,0.0,68.54
2023-09-12 06:00:00+00:00,25341.0,12.92,4.44,0.0,65.35
2023-09-12 07:00:00+00:00,28504.7,13.54,4.3,73.6,80.52
2023-09-12 08:00:00+00:00,29946.3,14.21,5.35,114.3,100.8
2023-09-12 09:00:00+00:00,30319.8,14.63,4.95,172.7,102.47
2023-09-12 10:00:00+00:00,30148.8,15.86,5.0,335.5,62.88
2023-09-12 11:00:00+00:00,29860.4,17.06,6.42,347.5,57.17
2023-09-12 12:00:00+00:00,29681.8,18.72,5.41,324.1,66.81
2023-09-12 13:00:00+00:00,29471.8,18.77,5.13,368.1,76.66
2023-09-12 14:00:00+00:00,29456.0,19.42,6.02,299.7,68.89
2023-09-12 15:00:00+00:00,30566.6,18.31,6.48,168.4,75.18
2023-09-12 16:00:00+00:00,32885.1,18.68,7.21,136.8,95.95
2023-09-12 17:00:00+00:00,34527.6,17.46,6.16,83.8,115.1
2023-09-12 18:00:00+00:00,35106.1,16.38,6.46,0.0,135.41
2023-09-12 19:00:00+00:00,33776.3,15.96,6.26,0.0,116.74
2023-09-12 20:00:00+00:00,30732.1,14.87,8.07,0.0,105.96
2023-09-12 21:00:00+00:00,29248.1,13.64,8.65,0.0,58.87
2023-09-12 22:00:00+00:00,26839.4,12.6,8.55,0.0,69.97
2023-09-12 23:00:00+00:00,25172.9,12.35,8.7,0.0,75.61
2023-09-13 00:00:00+00:00,24517.8,11.07,8.66,0.0,49.56
2023-09-13 01:00:00+00:00,22743.8,10.59,9.12,0.0,34.97
2023-09-13 02:00:00+00:00,23612.1,10.1,8.35,0.0,40.53
2023-09-13 03:00:00+00:00,22842.2,10.52,9.35,0.0,22.58
2023-09-13 04:00:00+00:00,23546.1,11.16,8.19,0.0,58.17
2023-09-13 05:00:00+00:00,24180.9,10.36,8.29,0.0,42.96
2023-09-13 06:00:00+00:00,25893.0,11.51,7.58,0.0,74.02
2023-09-13 07:00:00+00:00,29233.1,11.78,7.59,108.2,81.1
2023-09-13 08:00:00+00:00,30580.3,12.68,8.33,119.7,87.0
2023-09-13 09:00:00+00:00,31468.0,12.92,6.93,295.5,71.24
2023-09-13 10:00:00+00:00,31300.8,13.96,6.8,254.2,86.77
2023-09-13 11:00:00+00:00,30128.1,16.25,5.68,436.9,69.23
2023-09-13 12:00:00+00:00,30371.0,16.93,5.53,315.6,82.1
2023-09-13 13:00:00+00:00,29912.8,17.11,4.47,257.8,62.17
2023-09-13 14:00:00+00:00,28816.0,17.27,4.73,399.2,74.43
2023-09-13 15:00:00+00:00,29175.8,16.49,4.51,283.9,103.15
2023-09-13 16:00:00+00:00,31270.1,17.28,5.22,164.4,85.41
2023-09-13 17:00:00+00:00,33566.8,17.16,6.27,122.6,-16.84
2023-09-13 18:00:00+00:00,34450.9,16.05,6.31,0.0,120.82
2023-09-13 19:00:00+00:00,33199.9,14.83,7.04,0.0,101.34
2023-09-13 20:00:00+00:00,30553.3,14.14,8.12,0.0,82.98
2023-09-13 21:00:00+00:00,28524.8,13.95,7.35,0.0,96.62
2023-09-13 22:00:00+00:00,26599.8,12.5,8.45,0.0,67.41
2023-09-13 23:00:00+00:00,25254.9,12.47,8.35,0.0,55.74
2023-09-14 00:00:00+00:00,24115.3,11.69,7.52,0.0,38.92
2023-09-14 01:00:00+00:00,24244.6,10.67,7.72,0.0,59.81
2023-09-14 02:00:00+00:00,23466.3,10.11,7.63,0.0,60.93
2023-09-14 03:00:00+00:00,22239.0,11.09,6.5,0.0,51.9
2023-09-14 04:00:00+00:00,23431.7,10.37,5.66,0.0,49.13
2023-09-14 05:00:00+00:00,24882.0,10.25,7.01,0.0,67.25
2023-09-14 06:00:00+00:00,26938.6,11.34,7.23,0.0,91.75
2023-09-14 07:00:00+00:00,29417.8,12.11,8.38,89.5,73.79
2023-09-14 08:00:00+00:00,30885.1,12.38,7.98,111.8,95.07
2023-09-14 09:00:00+00:00,31138.2,13.77,7.31,151.5,84.8
2023-09-14 10:00:00+00:00,30351.1,15.16,5.97,171.8,86.24
2023-09-14 11:00:00+00:00,30852.7,16.08,6.78,286.7,80.45
2023-09-14 12:00:00+00:00,30500.0,16.32,7.11,370.1,64.88
2023-09-14 13:00:00+00:00,29628.9,16.52,6.79,343.4,62.37
2023-09-14 14:00:00+00:00,29047.6,17.0,6.18,292.8,70.57
2023-09-14 15:00:00+00:00,28760.8,16.32,7.1,220.3,78.56
2023-09-14 16:00:00+00:00,30957.3,17.04,6.96,193.6,85.61
2023-09-14 17:00:00+00:00,33000.5,17.76,6.83,115.3,103.01
2023-09-14 18:00:00+00:00,33902.7,17.11,6.37,0.0,121.54
2023-09-14 19:00:00+00:00,33608.8,16.68,6.08,0.0,135.22
2023-09-14 20:00:00+00:00,30515.7,16.64,6.56,0.0,88.39
2023-09-14 21:00:00+00:00,28388.1,16.98,5.47,0.0,98.04
2023-09-14 22:00:00+00:00,25395.0,17.06,5.61,0.0,81.04
2023-09-14 23:00:00+00:00,23494.5,15.18,6.43,0.0,55.16
2023-09-15 00:00:00+00:00,22703.9,14.18,6.39,0.0,64.56
2023-09-15 01:00:00+00:00,21151.7,13.94,7.25,0.0,47.73
2023-09-15 02:00:00+00:00,21221.5,13.26,8.28,0.0,41.52
2023-09-15 03:00:00+00:00,21386.5,14.17,8.92,0.0,17.96
2023-09-15 04:00:00+00:00,21506.6,15.16,8.41,0.0,28.83
2023-09-15 05:00:00+00:00,23102.2,14.85,8.31,0.0,37.62
2023-09-15 06:00:00+00:00,26066.1,15.12,8.51,0.0,68.21
2023-09-15 07:00:00+00:00,29106.3,15.2,8.07,85.5,84.47
2023-09-15 08:00:00+00:00,29605.3,15.73,7.62,151.9,73.55
2023-09-15 09:00:00+00:00,30305.1,16.29,7.15,262.0,72.4
2023-09-15 10:00:00+00:00,29178.2,17.58,9.13,234.2,81.65
2023-09-15 11:00:00+00:00,28777.8,17.68,8.82,185.1,64.3
2023-09-15 12:00:00+00:00,28047.9,16.67,9.56,396.2,43.27
2023-09-15 13:00:00+00:00,27901.3,16.17,8.75,273.8,48.65
2023-09-15 14:00:00+00:00,27437.5,15.87,10.0,222.2,58.53
2023-09-15 15:00:00+00:00,28145.4,15.61,9.55,241.1,54.64
2023-09-15 16:00:00+00:00,30488.1,15.66,9.46,117.4,75.75
2023-09-15 17:00:00+00:00,32632.4,14.76,7.91,69.4,100.9
2023-09-15 18:00:00+00:00,34233.4,13.61,8.74,0.0,104.67
2023-09-15 19:00:00+00:00,32072.8,12.51,9.69,0.0,81.23
2023-09-15 20:00:00+00:00,30110.8,11.21,8.63,0.0,84.71
2023-09-15 21:00:00+00:00,29347.7,10.21,9.47,0.0,91.08
2023-09-15 22:00:00+00:00,27133.1,9.19,8.3,0.0,65.68
2023-09-15 23:00:00+00:00,25403.4,9.0,8.73,0.0,66.41
2023-09-16 00:00:00+00:00,22337.3,7.77,8.41,0.0,35.24
2023-09-16 01:00:00+00:00,20836.0,7.2,9.39,0.0,6.12
2023-09-16 02:00:00+00:00,20327.3,6.7,9.46,0.0,16.19
2023-09-16 03:00:00+00:00,20215.2,7.21,10.07,0.0,1.24
2023-09-16 04:00:00+00:00,20604.6,7.33,10.88,0.0,22.9
2023-09-16 05:00:00+00:00,22173.7,8.38,10.46,0.0,8.77
2023-09-16 06:00:00+00:00,24472.0,8.25,10.27,0.0,42.78
2023-09-16 07:00:00+00:00,27359.8,8.95,9.23,94.5,50.55
2023-09-16 08:00:00+00:00,28859.6,9.43,8.89,172.9,57.05
2023-09-16 09:00:00+00:00,29973.3,9.58,10.3,223.9,67.33
2023-09-16 10:00:00+00:00,29036.1,10.45,10.73,293.9,-19.94
2023-09-16 11:00:00+00:00,28391.1,12.34,9.72,243.8,50.55
2023-09-16 12:00:00+00:00,28280.2,12.54,10.86,326.1,37.17
2023-09-16 13:00:00+00:00,27149.1,13.05,10.97,344.9,25.41
2023-09-16 14:00:00+00:00,27048.4,12.67,11.42,254.2,24.89
2023-09-16 15:00:00+00:00,27856.6,12.02,11.59,207.6,23.51
2023-09-16 16:00:00+00:00,29542.9,11.59,11.69,142.0,58.32
2023-09-16 17:00:00+00:00,31869.4,11.18,9.89,107.6,83.63
2023-09-16 18:00:00+00:00,32565.1,10.62,10.61,0.0,100.1
2023-09-16 19:00:00+00:00,32420.7,10.03,8.67,0.0,102.31
2023-09-16 20:00:00+00:00,30693.5,8.48,9.38,0.0,79.58
2023-09-16 21:00:00+00:00,28445.6,7.51,9.34,0.0,69.22
2023-09-16 22:00:00+00:00,25497.4,7.23,9.87,0.0,55.96
2023-09-16 23:00:00+00:00,24124.3,5.87,9.85,0.0,53.11
2023-09-17 00:00:00+00:00,23621.5,5.11,10.53,0.0,31.43
2023-09-17 01:00:00+00:00,22553.1,5.01,10.36,0.0,40.99
2023-09-17 02:00:00+00:00,22521.2,4.43,10.42,0.0,28.7
2023-09-17 03:00:00+00:00,22549.5,4.72,10.56,0.0,22.21
2023-09-17 04:00:00+00:00,23051.3,4.1,11.85,0.0,18.49
2023-09-17 05:00:00+00:00,23838.2,5.13,12.08,0.0,25.52
2023-09-17 06:00:00+00:00,26651.1,6.01,10.79,0.0,52.06
2023-09-17 07:00:00+00:00,29561.9,6.84,10.16,68.4,79.62
2023-09-17 08:00:00+00:00,30789.1,8.4,10.47,160.5,86.07
2023-09-17 09:00:00+00:00,30805.6,9.12,11.29,147.9,61.68
2023-09-17 10:00:00+00:00,30807.7,9.66,10.51,285.3,44.32
2023-09-17 11:00:00+00:00,29886.1,11.36,12.08,407.7,29.37
2023-09-17 12:00:00+00:00,28886.2,13.2,11.97,226.3,39.97
2023-09-17 13:00:00+00:00,28413.9,13.35,12.05,340.6,34.27
2023-09-17 14:00:00+00:00,27960.5,13.67,10.81,234.7,25.09
2023-09-17 15:00:00+00:00,27094.0,14.49,11.49,199.3,47.28
2023-09-17 16:00:00+00:00,28948.5,14.41,10.92,93.3,49.58
2023-09-17 17:00:00+00:00,30793.8,14.54,10.14,85.8,77.46
2023-09-17 18:00:00+00:00,32056.9,14.59,9.74,0.0,89.1
2023-09-17 19:00:00+00:00,30220.0,13.67,10.68,0.0,67.53
2023-09-17 20:00:00+00:00,28423.8,13.25,10.86,0.0,75.87
2023-09-17 21:00:00+00:00,26759.4,12.51,9.97,0.0,52.77
2023-09-17 22:00:00+00:00,24498.4,11.04,9.41,0.0,37.2
2023-09-17 23:00:00+00:00,23321.0,9.78,10.39,0.0,39.71
2023-09-18 00:00:00+00:00,25220.9,8.72,10.04,0.0,56.49
2023-09-18 01:00:00+00:00,23760.2,8.89,10.32,0.0,35.4
2023-09-18 02:00:00+00:00,23252.3,9.23,10.79,0.0,33.67
2023-09-18 03:00:00+00:00,23078.5,9.63,7.92,0.0,55.87
2023-09-18 04:00:00+00:00,22739.3,10.03,8.87,0.0,37.02
2023-09-18 05:00:00+00:00,23831.2,10.6,8.11,0.0,47.32
2023-09-18 06:00:00+00:00,25954.5,11.26,7.77,0.0,72.21
2023-09-18 07:00:00+00:00,28688.7,12.13,8.93,99.1,65.83
2023-09-18 08:00:00+00:00,29443.1,13.14,9.97,183.8,52.43
2023-09-18 09:00:00+00:00,29630.0,13.07,10.21,307.7,51.05
2023-09-18 10:00:00+00:00,30337.7,13.39,10.62,243.9,48.09
2023-09-18 11:00:00+00:00,30440.0,13.53,11.2,392.9,43.77
2023-09-18 12:00:00+00:00,29755.3,14.86,12.11,252.7,55.2
2023-09-18 13:00:00+00:00,29508.7,16.36,13.07,322.3,21.65
2023-09-18 14:00:00+00:00,28530.2,15.36,12.85,303.3,30.07
2023-09-18 15:00:00+00:00,28782.0,16.44,11.98,213.8,49.12
2023-09-18 16:00:00+00:00,30501.0,16.39,11.53,104.8,63.15
2023-09-18 17:00:00+00:00,32634.2,16.71,11.41,77.7,93.12
2023-09-18 18:00:00+00:00,33157.1,16.52,11.14,0.0,242.72
2023-09-18 19:00:00+00:00,32457.8,16.75,10.15,0.0,94.43
2023-09-18 20:00:00+00:00,30123.0,16.1,10.33,0.0,89.38
2023-09-18 21:00:00+00:00,28527.1,14.46,8.94,0.0,78.64
2023-09-18 22:00:00+00:00,26640.1,13.6,8.91,0.0,62.15
2023-09-18 23:00:00+00:00,25474.3,13.16,8.93,0.0,50.9
2023-09-19 00:00:00+00:00,24852.3,12.26,8.92,0.0,49.98
2023-09-19 01:00:00+00:00,23412.1,12.15,9.49,0.0,43.22
2023-09-19 02:00:00+00:00,22299.0,11.78,9.93,0.0,23.03
2023-09-19 03:00:00+00:00,22632.6,11.29,11.52,0.0,37.32
2023-09-19 04:00:00+00:00,23655.0,10.71,10.89,0.0,56.72
2023-09-19 05:00:00+00:00,25793.9,10.78,10.91,0.0,46.5
2023-09-19 06:00:00+00:00,28065.8,11.38,10.89,0.0,43.07
2023-09-19 07:00:00+00:00,30629.7,10.83,10.82,83.5,77.66
2023-09-19 08:00:00+00:00,31860.1,11.12,9.64,142.1,80.51
2023-09-19 09:00:00+00:00,31529.2,10.75,8.59,182.9,86.9
2023-09-19 10:00:00+00:00,31054.2,11.24,8.51,191.9,76.8
2023-09-19 11:00:00+00:00,29734.3,12.78,7.2,410.8,70.01
2023-09-19 12:00:00+00:00,29928.9,12.76,6.93,195.8,71.45
2023-09-19 13:00:00+00:00,29509.2,13.74,6.43,262.8,78.19
2023-09-19 14:00:00+00:00,29761.7,15.83,6.22,194.0,84.78
2023-09-19 15:00:00+00:00,31258.5,16.82,7.15,138.3,93.62
2023-09-19 16:00:00+00:00,32738.6,16.79,6.3,112.8,112.73
2023-09-19 17:00:00+00:00,34508.4,17.0,7.01,78.1,123.36
2023-09-19 18:00:00+00:00,34990.6,15.67,6.57,0.0,113.74
2023-09-19 19:00:00+00:00,33359.5,14.11,6.24,0.0,125.04
2023-09-19 20:00:00+00:00,32507.2,13.43,6.64,0.0,111.62
2023-09-19 21:00:00+00:00,29091.8,12.92,6.44,0.0,88.4
2023-09-19 22:00:00+00:00,27498.4,12.82,5.77,0.0,87.23
2023-09-19 23:00:00+00:00,25569.0,11.76,5.55,0.0,76.44
2023-09-20 00:00:00+00:00,24420.8,11.14,4.23,0.0,75.24
2023-09-20 01:00:00+00:00,22231.6,10.76,4.67,0.0,41.16
2023-09-20 02:00:00+00:00,22504.7,10.39,2.36,0.0,74.27
2023-09-20 03:00:00+00:00,22724.6,10.24,3.28,0.0,67.19
2023-09-20 04:00:00+00:00,22702.5,9.84,3.95,0.0,68.91
2023-09-20 05:00:00+00:00,24326.5,10.33,5.36,0.0,67.07
2023-09-20 06:00:00+00:00,26896.1,10.94,7.14,0.0,94.63
2023-09-20 07:00:00+00:00,29426.4,11.31,7.87,92.1,76.01
2023-09-20 08:00:00+00:00,29843.8,12.45,7.33,197.7,60.52
2023-09-20 09:00:00+00:00,29978.0,13.85,9.02,287.0,60.09
2023-09-20 10:00:00+00:00,30161.4,15.02,7.98,337.0,59.71
2023-09-20 11:00:00+00:00,29477.1,15.1,6.45,378.6,67.43
2023-09-20 12:00:00+00:00,29768.0,15.77,7.92,398.2,53.22
2023-09-20 13:00:00+00:00,28766.9,15.7,8.35,348.4,59.34
2023-09-20 14:00:00+00:00,28492.5,16.06,6.81,327.6,61.0
2023-09-20 15:00:00+00:00,28522.3,15.63,5.76,166.5,82.13
2023-09-20 16:00:00+00:00,30508.0,16.32,6.25,215.3,99.05
2023-09-20 17:00:00+00:00,33355.7,16.49,5.61,80.3,115.28
2023-09-20 18:00:00+00:00,34978.1,16.69,5.11,0.0,119.48
2023-09-20 19:00:00+00:00,33416.0,16.67,6.74,0.0,109.82
2023-09-20 20:00:00+00:00,30471.0,15.73,8.44,0.0,74.04
2023-09-20 21:00:00+00:00,28812.3,14.65,8.48,0.0,71.73
2023-09-20 22:00:00+00:00,26153.4,14.89,8.29,0.0,27.57
2023-09-20 23:00:00+00:00,24545.2,14.0,8.93,0.0,57.99
2023-09-21 00:00:00+00:00,24035.2,12.38,8.39,0.0,34.59
2023-09-21 01:00:00+00:00,23063.6,12.47,6.58,0.0,60.61
2023-09-21 02:00:00+00:00,22337.7,12.2,4.44,0.0,54.17
2023-09-21 03:00:00+00:00,22019.4,12.95,4.51,0.0,55.59
2023-09-21 04:00:00+00:00,22388.6,13.12,5.33,0.0,72.38
2023-09-21 05:00:00+00:00,23696.4,13.33,5.42,0.0,60.32
2023-09-21 06:00:00+00:00,25880.2,14.64,6.13,0.0,62.98
2023-09-21 07:00:00+00:00,27872.0,14.24,6.89,73.5,70.28
2023-09-21 08:00:00+00:00,29444.4,14.54,7.98,175.2,59.07
2023-09-21 09:00:00+00:00,29991.4,14.72,8.08,299.1,73.85
2023-09-21 10:00:00+00:00,30183.1,14.14,8.24,376.2,65.58
2023-09-21 11:00:00+00:00,29255.1,15.39,8.15,342.4,54.43
2023-09-21 12:00:00+00:00,28810.1,15.66,7.89,282.1,68.18
2023-09-21 13:00:00+00:00,28622.3,16.67,6.61,185.6,79.18
2023-09-21 14:00:00+00:00,28624.8,17.18,7.55,285.2,58.23
2023-09-21 15:00:00+00:00,28974.2,17.62,7.22,212.3,72.54
2023-09-21 16:00:00+00:00,30347.2,17.21,6.87,174.8,80.58
2023-09-21 17:00:00+00:00,33244.1,16.42,6.45,110.4,100.64
2023-09-21 18:00:00+00:00,34509.3,15.98,5.43,0.0,102.75
2023-09-21 19:00:00+00:00,33447.6,15.89,5.44,0.0,118.97
2023-09-21 20:00:00+00:00,30846.0,15.11,5.92,0.0,103.48
2023-09-21 21:00:00+00:00,30753.9,13.88,5.42,0.0,91.74
2023-09-21 22:00:00+00:00,28661.6,12.37,6.31,0.0,96.72
2023-09-21 23:00:00+00:00,26434.4,11.77,6.06,0.0,74.05
2023-09-22 00:00:00+00:00,26532.5,10.69,4.91,0.0,87.29
2023-09-22 01:00:00+00:00,25502.3,10.19,6.09,0.0,73.27
2023-09-22 02:00:00+00:00,24802.1,9.76,6.29,0.0,64.13
2023-09-22 03:00:00+00:00,24479.3,9.4,7.0,0.0,53.69
2023-09-22 04:00:00+00:00,24970.5,9.71,7.69,0.0,51.49
2023-09-22 05:00:00+00:00,25704.7,10.36,6.92,0.0,50.24
2023-09-22 06:00:00+00:00,26408.0,12.02,6.51,0.0,88.23
2023-09-22 07:00:00+00:00,28926.2,13.07,7.35,61.2,83.05
2023-09-22 08:00:00+00:00,30449.4,14.71,8.77,209.9,200.81
2023-09-22 09:00:00+00:00,30817.5,14.92,8.73,262.8,74.82
2023-09-22 10:00:00+00:00,30365.6,14.69,8.15,220.7,61.0
2023-09-22 11:00:00+00:00,29940.8,15.38,9.41,327.1,61.61
2023-09-22 12:00:00+00:00,30041.1,16.5,8.8,297.5,65.93
2023-09-22 13:00:00+00:00,29946.6,17.36,8.96,388.2,47.12
2023-09-22 14:00:00+00:00,28977.7,18.34,8.53,273.9,42.53
2023-09-22 15:00:00+00:00,28711.9,16.85,8.67,241.9,53.34
2023-09-22 16:00:00+00:00,30562.5,17.48,7.84,105.1,84.75
2023-09-22 17:00:00+00:00,32717.8,17.34,7.51,61.1,85.97
2023-09-22 18:00:00+00:00,33473.6,15.89,6.99,0.0,106.4
2023-09-22 19:00:00+00:00,31997.4,15.69,7.51,0.0,114.75
2023-09-22 20:00:00+00:00,30382.2,15.04,7.61,0.0,90.73
2023-09-22 21:00:00+00:00,28151.6,14.46,8.27,0.0,100.96
2023-09-22 22:00:00+00:00,25418.8,14.24,7.56,0.0,66.32
2023-09-22 23:00:00+00:00,23677.1,13.72,7.37,0.0,50.61
2023-09-23 00:00:00+00:00,20460.5,12.03,7.84,0.0,21.71
2023-09-23 01:00:00+00:00,19823.2,11.44,8.47,0.0,12.03
2023-09-23 02:00:00+00:00,20011.7,10.14,7.27,0.0,32.62
2023-09-23 03:00:00+00:00,20243.3,10.43,7.5,0.0,26.42
2023-09-23 04:00:00+00:00,19771.9,11.36,6.84,0.0,28.76
2023-09-23 05:00:00+00:00,21351.8,10.88,7.56,0.0,39.44
2023-09-23 06:00:00+00:00,23981.6,10.94,8.99,0.0,38.83
2023-09-23 07:00:00+00:00,26301.8,11.03,6.84,83.3,73.77
2023-09-23 08:00:00+00:00,28203.6,11.5,6.34,95.5,81.2
2023-09-23 09:00:00+00:00,28645.7,12.55,6.58,158.8,69.33
2023-09-23 10:00:00+00:00,28464.9,13.07,6.6,269.5,68.42
2023-09-23 11:00:00+00:00,27228.7,14.21,7.35,191.1,37.37
2023-09-23 12:00:00+00:00,26768.1,15.48,7.4,375.0,47.92
2023-09-23 13:00:00+00:00,25433.6,16.61,6.96,205.3,54.3
2023-09-23 14:00:00+00:00,25572.7,16.21,6.17,238.7,32.78
2023-09-23 15:00:00+00:00,26411.3,17.14,5.28,206.8,46.92
2023-09-23 16:00:00+00:00,28210.0,17.88,4.78,104.7,83.18
2023-09-23 17:00:00+00:00,31283.1,18.46,4.45,59.8,103.43
2023-09-23 18:00:00+00:00,31832.2,17.8,4.88,0.0,114.52
2023-09-23 19:00:00+00:00,30037.6,16.65,4.86,0.0,104.95
2023-09-23 20:00:00+00:00,27904.2,15.28,4.46,0.0,109.1
2023-09-23 21:00:00+00:00,27378.9,13.8,3.8,0.0,90.62
2023-09-23 22:00:00+00:00,25026.7,13.01,3.41,0.0,88.28
2023-09-23 23:00:00+00:00,24206.6,12.77,3.15,0.0,73.99
2023-09-24 00:00:00+00:00,22737.2,12.77,2.76,0.0,75.88
2023-09-24 01:00:00+00:00,21289.5,11.94,3.49,0.0,-16.98
2023-09-24 02:00:00+00:00,21623.1,11.57,4.74,0.0,41.43
2023-09-24 03:00:00+00:00,21241.5,11.36,3.93,0.0,50.52
2023-09-24 04:00:00+00:00,21319.0,11.04,4.96,0.0,55.37
2023-09-24 05:00:00+00:00,22492.6,11.75,5.61,0.0,43.54
2023-09-24 06:00:00+00:00,25013.8,12.4,5.82,0.0,69.91
2023-09-24 07:00:00+00:00,27235.7,13.06,7.07,54.6,74.96
2023-09-24 08:00:00+00:00,28942.7,13.95,6.93,139.0,80.02
2023-09-24 09:00:00+00:00,28833.2,15.04,7.25,282.7,71.34
2023-09-24 10:00:00+00:00,28244.4,16.12,7.33,180.8,87.62
2023-09-24 11:00:00+00:00,27596.6,16.27,7.36,175.1,50.95
2023-09-24 12:00:00+00:00,26809.2,17.37,7.7,233.8,49.09
2023-09-24 13:00:00+00:00,26386.0,17.94,7.7,162.4,54.92
2023-09-24 14:00:00+00:00,26228.9,17.9,8.03,172.1,47.03
2023-09-24 15:00:00+00:00,27116.5,18.08,7.45,193.4,70.65
2023-09-24 16:00:00+00:00,29263.3,18.12,6.93,179.1,88.14
2023-09-24 17:00:00+00:00,31368.3,18.41,6.41,57.0,122.33
2023-09-24 18:00:00+00:00,32127.1,17.22,6.15,0.0,108.58
2023-09-24 19:00:00+00:00,30309.0,17.32,6.99,0.0,83.08
2023-09-24 20:00:00+00:00,28295.9,16.53,6.63,0.0,82.15
2023-09-24 21:00:00+00:00,26116.7,15.36,7.15,0.0,58.85
2023-09-24 22:00:00+00:00,24081.6,14.19,7.35,0.0,63.54
2023-09-24 23:00:00+00:00,23490.2,12.81,6.99,0.0,61.19
2023-09-25 00:00:00+00:00,25756.6,10.97,8.02,0.0,69.43
2023-09-25 01:00:00+00:00,24079.5,10.89,8.54,0.0,69.72
2023-09-25 02:00:00+00:00,23374.4,11.76,8.46,0.0,45.16
2023-09-25 03:00:00+00:00,23627.5,10.64,8.33,0.0,40.85
2023-09-25 04:00:00+00:00,23673.0,10.14,8.33,0.0,47.07
2023-09-25 05:00:00+00:00,25119.5,10.89,7.07,0.0,53.31
2023-09-25 06:00:00+00:00,26479.0,11.32,6.42,0.0,67.78
2023-09-25 07:00:00+00:00,29507.2,12.42,6.81,100.5,83.64
2023-09-25 08:00:00+00:00,30889.3,13.05,5.59,95.3,103.75
2023-09-25 09:00:00+00:00,30765.7,13.45,5.07,129.6,90.03
2023-09-25 10:00:00+00:00,30470.6,14.07,4.86,186.2,80.53
2023-09-25 11:00:00+00:00,31325.2,13.35,7.24,225.5,90.26
2023-09-25 12:00:00+00:00,32028.3,13.31,7.75,377.9,64.82
2023-09-25 13:00:00+00:00,30323.8,14.41,8.57,312.5,65.13
2023-09-25 14:00:00+00:00,29580.8,15.45,7.87,343.6,72.2
2023-09-25 15:00:00+00:00,29640.2,16.41,8.11,189.3,79.04
2023-09-25 16:00:00+00:00,31322.8,16.55,6.67,132.8,98.76
2023-09-25 17:00:00+00:00,34416.9,14.87,6.43,60.4,128.8
2023-09-25 18:00:00+00:00,35246.2,14.03,6.86,0.0,127.34
2023-09-25 19:00:00+00:00,33181.6,14.23,5.75,0.0,107.45
2023-09-25 20:00:00+00:00,30746.7,14.49,6.12,0.0,126.52
2023-09-25 21:00:00+00:00,28565.9,14.5,6.54,0.0,91.02
2023-09-25 22:00:00+00:00,26904.6,13.53,6.09,0.0,83.79
2023-09-25 23:00:00+00:00,25700.9,11.98,5.48,0.0,76.85
2023-09-26 00:00:00+00:00,25050.9,11.18,5.0,0.0,56.79
2023-09-26 01:00:00+00:00,24411.1,10.7,4.83,0.0,62.17
2023-09-26 02:00:00+00:00,23272.3,11.32,4.69,0.0,81.21
2023-09-26 03:00:00+00:00,22829.6,11.31,5.2,0.0,40.13
2023-09-26 04:00:00+00:00,23240.2,11.37,4.88,0.0,62.44
2023-09-26 05:00:00+00:00,23937.1,11.67,6.24,0.0,63.16
2023-09-26 06:00:00+00:00,26067.7,12.34,7.52,0.0,62.8
2023-09-26 07:00:00+00:00,29153.3,13.28,7.68,62.0,99.73
2023-09-26 08:00:00+00:00,30801.4,13.51,7.38,158.6,68.7
2023-09-26 09:00:00+00:00,31831.9,13.6,6.94,139.7,86.7
2023-09-26 10:00:00+00:00,30689.7,15.17,7.19,168.6,86.91
2023-09-26 11:00:00+00:00,30515.9,14.86,7.57,234.7,79.83
2023-09-26 12:00:00+00:00,30329.8,16.45,7.38,230.2,77.07
2023-09-26 13:00:00+00:00,29745.5,15.73,7.05,386.2,65.8
2023-09-26 14:00:00+00:00,29186.0,15.66,7.33,145.4,69.22
2023-09-26 15:00:00+00:00,28751.4,16.35,7.36,208.5,64.85
2023-09-26 16:00:00+00:00,31123.5,16.22,6.9,184.7,76.21
2023-09-26 17:00:00+00:00,32843.1,15.11,6.99,43.5,110.67
2023-09-26 18:00:00+00:00,33270.7,14.9,6.52,0.0,97.91
2023-09-26 19:00:00+00:00,32446.8,14.32,5.96,0.0,99.38
2023-09-26 20:00:00+00:00,30608.1,13.46,6.0,0.0,110.53
2023-09-26 21:00:00+00:00,29124.6,12.31,5.6,0.0,89.1
2023-09-26 22:00:00+00:00,26524.6,11.52,5.1,0.0,106.24
2023-09-26 23:00:00+00:00,25437.5,10.46,6.01,0.0,66.04
2023-09-27 00:00:00+00:00,24452.5,11.19,5.76,0.0,61.57
2023-09-27 01:00:00+00:00,22812.4,10.55,7.26,0.0,61.37
2023-09-27 02:00:00+00:00,22686.6,10.01,7.74,0.0,54.66
2023-09-27 03:00:00+00:00,23060.1,9.57,7.06,0.0,48.82
2023-09-27 04:00:00+00:00,22315.7,10.74,7.96,0.0,40.51
2023-09-27 05:00:00+00:00,23972.8,10.02,7.35,0.0,64.71
2023-09-27 06:00:00+00:00,26216.4,10.71,8.88,0.0,61.91
2023-09-27 07:00:00+00:00,29260.1,11.18,8.96,45.4,71.09
2023-09-27 08:00:00+00:00,31005.7,11.05,9.29,135.1,74.85
2023-09-27 09:00:00+00:00,30871.8,11.36,9.2,188.0,92.29
2023-09-27 10:00:00+00:00,30473.7,12.36,9.3,251.6,61.95
2023-09-27 11:00:00+00:00,29999.8,12.59,9.0,309.2,56.52
2023-09-27 12:00:00+00:00,29539.3,13.41,8.18,220.3,67.35
2023-09-27 13:00:00+00:00,29043.5,14.97,8.38,382.4,52.6
2023-09-27 14:00:00+00:00,28074.6,15.37,9.12,240.6,45.03
2023-09-27 15:00:00+00:00,29100.7,14.61,8.08,233.7,80.66
2023-09-27 16:00:00+00:00,31946.2,14.02,9.23,128.6,79.47
2023-09-27 17:00:00+00:00,35140.9,13.6,9.59,83.6,108.62
2023-09-27 18:00:00+00:00,36827.9,12.96,9.12,0.0,138.73
2023-09-27 19:00:00+00:00,35225.2,12.48,8.66,0.0,111.86
2023-09-27 20:00:00+00:00,33029.1,11.99,10.03,0.0,98.62
2023-09-27 21:00:00+00:00,29742.6,12.29,10.61,0.0,59.5
2023-09-27 22:00:00+00:00,27494.0,11.52,11.32,0.0,46.69
2023-09-27 23:00:00+00:00,26723.0,10.11,10.91,0.0,53.49
2023-09-28 00:00:00+00:00,24781.3,10.08,11.15,0.0,35.17
2023-09-28 01:00:00+00:00,23121.4,10.37,11.22,0.0,36.4
2023-09-28 02:00:00+00:00,22744.4,10.19,10.87,0.0,23.35
2023-09-28 03:00:00+00:00,21878.0,9.92,10.76,0.0,21.28
2023-09-28 04:00:00+00:00,23032.6,10.38,11.44,0.0,20.91
2023-09-28 05:00:00+00:00,24442.5,10.53,12.47,0.0,41.17
2023-09-28 06:00:00+00:00,27242.6,9.75,12.0,0.0,47.42
2023-09-28 07:00:00+00:00,30165.0,10.73,10.72,55.2,63.39
2023-09-28 08:00:00+00:00,31202.4,12.0,11.82,168.9,53.24
2023-09-28 09:00:00+00:00,31235.5,13.63,12.88,121.8,245.94
2023-09-28 10:00:00+00:00,30597.4,13.93,12.9,194.0,57.59
2023-09-28 11:00:00+00:00,28957.6,14.77,14.0,311.2,25.63
2023-09-28 12:00:00+00:00,28779.2,15.51,13.91,206.3,62.84
2023-09-28 13:00:00+00:00,29074.3,16.01,12.85,178.4,37.44
2023-09-28 14:00:00+00:00,29532.0,16.35,11.53,336.5,25.86
2023-09-28 15:00:00+00:00,29599.6,16.44,10.27,205.2,55.9
2023-09-28 16:00:00+00:00,31174.2,16.44,10.11,110.2,97.81
2023-09-28 17:00:00+00:00,32818.4,16.55,9.59,50.0,95.69
2023-09-28 18:00:00+00:00,34291.6,16.76,9.01,0.0,106.95
2023-09-28 19:00:00+00:00,32962.7,15.62,8.83,0.0,95.45
2023-09-28 20:00:00+00:00,30823.0,14.74,9.41,0.0,81.54
2023-09-28 21:00:00+00:00,28218.5,13.66,8.86,0.0,84.08
2023-09-28 22:00:00+00:00,25602.1,12.51,8.21,0.0,51.54
2023-09-28 23:00:00+00:00,24801.3,10.79,7.77,0.0,57.75
2023-09-29 00:00:00+00:00,23404.6,10.06,8.45,0.0,46.85
2023-09-29 01:00:00+00:00,22830.9,9.87,8.32,0.0,42.72
2023-09-29 02:00:00+00:00,22848.7,9.47,8.48,0.0,38.81
2023-09-29 03:00:00+00:00,22108.0,9.36,9.62,0.0,16.79
2023-09-29 04:00:00+00:00,22501.9,9.72,11.71,0.0,24.52
2023-09-29 05:00:00+00:00,23007.5,10.85,11.97,0.0,21.21
2023-09-29 06:00:00+00:00,25971.4,11.04,12.15,0.0,53.11
2023-09-29 07:00:00+00:00,30578.5,10.94,10.97,91.2,66.55
2023-09-29 08:00:00+00:00,31844.4,11.6,11.06,148.6,70.71
2023-09-29 09:00:00+00:00,32214.1,13.5,10.9,116.8,78.15
2023-09-29 10:00:00+00:00,32389.8,13.55,11.4,155.3,76.88
2023-09-29 11:00:00+00:00,31328.3,14.65,10.88,305.3,39.82
2023-09-29 12:00:00+00:00,30893.9,15.94,10.84,243.8,62.95
2023-09-29 13:00:00+00:00,29503.4,14.95,11.12,322.7,27.32
2023-09-29 14:00:00+00:00,29168.4,15.49,12.4,321.9,31.73
2023-09-29 15:00:00+00:00,29258.6,15.95,13.35,233.2,43.62
2023-09-29 16:00:00+00:00,31637.5,15.67,14.03,98.3,78.25
2023-09-29 17:00:00+00:00,33620.0,14.97,14.24,79.0,59.74
2023-09-29 18:00:00+00:00,34299.6,14.13,13.54,0.0,74.9
2023-09-29 19:00:00+00:00,32695.2,13.32,13.78,0.0,55.44
2023-09-29 20:00:00+00:00,31445.9,12.43,12.84,0.0,62.64
2023-09-29 21:00:00+00:00,29687.6,11.38,12.39,0.0,84.69
2023-09-29 22:00:00+00:00,26929.4,10.42,13.51,0.0,23.28
2023-09-29 23:00:00+00:00,25757.5,10.45,13.6,0.0,0.53
2023-09-30 00:00:00+00:00,22290.3,8.98,13.45,0.0,20.47
2023-09-30 01:00:00+00:00,21589.7,7.48,13.41,0.0,16.28
2023-09-30 02:00:00+00:00,20902.1,7.97,13.01,0.0,6.18
2023-09-30 03:00:00+00:00,20349.5,7.79,11.03,0.0,14.38
2023-09-30 04:00:00+00:00,20156.7,7.7,9.84,0.0,26.23
2023-09-30 05:00:00+00:00,21958.5,7.98,10.18,0.0,35.41
2023-09-30 06:00:00+00:00,24605.3,8.63,9.3,0.0,37.75
2023-09-30 07:00:00+00:00,27598.6,8.98,9.1,78.5,48.85
2023-09-30 08:00:00+00:00,29230.0,10.06,8.04,113.5,64.31
2023-09-30 09:00:00+00:00,29002.0,10.3,7.42,190.9,63.03
2023-09-30 10:00:00+00:00,29165.1,10.95,7.4,150.5,82.0
2023-09-30 11:00:00+00:00,29352.2,10.4,8.1,242.7,76.0
2023-09-30 12:00:00+00:00,28748.3,11.83,8.92,285.1,50.89
2023-09-30 13:00:00+00:00,28167.0,12.27,8.25,336.9,53.55
2023-09-30 14:00:00+00:00,27972.1,13.05,8.43,167.6,59.86
2023-09-30 15:00:00+00:00,27922.2,13.5,7.24,162.2,58.93
2023-09-30 16:00:00+00:00,29553.6,13.77,7.28,105.6,72.17
2023-09-30 17:00:00+00:00,31375.1,13.51,8.01,48.4,92.73
2023-09-30 18:00:00+00:00,32719.1,13.3,7.9,0.0,111.74
2023-09-30 19:00:00+00:00,31346.2,12.13,8.89,0.0,94.71
2023-09-30 20:00:00+00:00,29549.5,10.75,9.45,0.0,74.81
2023-09-30 21:00:00+00:00,27650.2,9.98,9.51,0.0,79.0
2023-09-30 22:00:00+00:00,25302.9,8.86,9.19,0.0,68.35
2023-09-30 23:00:00+00:00,23560.7,9.07,8.67,0.0,30.01
2023-10-01 00:00:00+00:00,23071.6,8.59,7.44,0.0,36.92
2023-10-01 01:00:00+00:00,21752.4,7.72,6.41,0.0,31.96
2023-10-01 02:00:00+00:00,21442.5,7.31,7.22,0.0,49.25
2023-10-01 03:00:00+00:00,21544.7,7.34,8.39,0.0,31.7
2023-10-01 04:00:00+00:00,20717.7,7.46,7.47,0.0,35.08
2023-10-01 05:00:00+00:00,22805.7,7.97,7.5,0.0,52.89
2023-10-01 06:00:00+00:00,24816.2,8.53,6.25,0.0,65.59
2023-10-01 07:00:00+00:00,27527.8,8.36,5.52,96.7,72.5
2023-10-01 08:00:00+00:00,29693.0,7.86,5.8,142.4,76.16
2023-10-01 09:00:00+00:00,29843.6,8.51,5.45,128.2,88.58
2023-10-01 10:00:00+00:00,29491.9,9.73,4.03,318.5,90.8
2023-10-01 11:00:00+00:00,28748.3,10.33,5.52,244.1,58.73
2023-10-01 12:00:00+00:00,28564.9,11.79,5.56,259.3,68.37
2023-10-01 13:00:00+00:00,29005.0,12.31,4.77,199.5,65.13
2023-10-01 14:00:00+00:00,28362.8,13.49,4.98,287.8,82.33
2023-10-01 15:00:00+00:00,28195.5,14.33,5.02,189.9,62.3
2023-10-01 16:00:00+00:00,29328.8,14.88,5.45,184.2,67.78
2023-10-01 17:00:00+00:00,32476.3,13.86,5.26,68.9,120.39
2023-10-01 18:00:00+00:00,33009.3,13.41,5.59,0.0,111.96
2023-10-01 19:00:00+00:00,31518.8,13.55,6.4,0.0,86.93
2023-10-01 20:00:00+00:00,29303.0,12.99,5.4,0.0,102.5
2023-10-01 21:00:00+00:00,26779.3,12.54,4.94,0.0,85.69
2023-10-01 22:00:00+00:00,24990.5,10.91,5.7,0.0,89.12
2023-10-01 23:00:00+00:00,22671.7,11.35,5.33,0.0,45.54
2023-10-02 00:00:00+00:00,24973.8,10.1,5.35,0.0,61.58
2023-10-02 01:00:00+00:00,24070.4,8.42,5.06,0.0,60.17
2023-10-02 02:00:00+00:00,23660.6,7.93,4.84,0.0,76.16
2023-10-02 03:00:00+00:00,23716.7,6.39,4.56,0.0,48.38
2023-10-02 04:00:00+00:00,23750.2,5.92,3.7,0.0,69.36
2023-10-02 05:00:00+00:00,24724.6,7.85,4.23,0.0,78.45
2023-10-02 06:00:00+00:00,27068.3,8.14,5.2,0.0,96.53
2023-10-02 07:00:00+00:00,31279.9,7.95,5.15,56.5,97.44
2023-10-02 08:00:00+00:00,33100.8,8.76,5.98,133.0,109.83
2023-10-02 09:00:00+00:00,33407.4,9.07,5.65,109.8,105.94
2023-10-02 10:00:00+00:00,32875.7,10.45,5.29,289.8,85.71
2023-10-02 11:00:00+00:00,32266.7,10.71,5.69,333.6,87.9
2023-10-02 12:00:00+00:00,31047.2,11.57,6.09,233.6,83.94
2023-10-02 13:00:00+00:00,29842.6,11.44,6.05,344.6,76.79
2023-10-02 14:00:00+00:00,28447.1,13.39,6.63,276.0,84.92
2023-10-02 15:00:00+00:00,29370.9,13.83,5.64,236.5,83.3
2023-10-02 16:00:00+00:00,31379.5,13.68,5.47,172.0,96.48
2023-10-02 17:00:00+00:00,34192.4,13.23,6.3,57.6,122.63
2023-10-02 18:00:00+00:00,35693.9,12.46,7.09,0.0,118.62
2023-10-02 19:00:00+00:00,34388.2,11.43,7.74,0.0,122.56
2023-10-02 20:00:00+00:00,32380.0,10.29,8.5,0.0,91.9
2023-10-02 21:00:00+00:00,31074.3,10.6,8.13,0.0,95.87
2023-10-02 22:00:00+00:00,29137.7,9.53,6.74,0.0,86.27
2023-10-02 23:00:00+00:00,27137.9,7.57,6.55,0.0,74.84
2023-10-03 00:00:00+00:00,25664.0,6.2,7.07,0.0,81.78
2023-10-03 01:00:00+00:00,24886.1,6.39,7.69,0.0,48.88
2023-10-03 02:00:00+00:00,24084.2,6.02,7.25,0.0,60.25
2023-10-03 03:00:00+00:00,23886.7,5.92,6.48,0.0,54.08
2023-10-03 04:00:00+00:00,22975.3,6.81,5.83,0.0,65.44
2023-10-03 05:00:00+00:00,24292.5,6.71,5.46,0.0,53.13
2023-10-03 06:00:00+00:00,27019.9,7.64,4.05,0.0,86.94
2023-10-03 07:00:00+00:00,29806.4,7.92,3.79,67.8,94.34
2023-10-03 08:00:00+00:00,30802.3,9.06,3.99,165.0,117.2
2023-10-03 09:00:00+00:00,31294.1,9.66,4.06,192.3,114.95
2023-10-03 10:00:00+00:00,31251.5,10.35,3.95,298.5,87.67
2023-10-03 11:00:00+00:00,30467.5,11.63,3.56,296.2,80.79
2023-10-03 12:00:00+00:00,29192.8,12.75,3.29,304.5,81.09
2023-10-03 13:00:00+00:00,28884.2,13.16,3.04,197.6,100.82
2023-10-03 14:00:00+00:00,28487.1,13.22,3.79,274.9,83.69
2023-10-03 15:00:00+00:00,28642.2,14.32,3.95,221.0,80.92
2023-10-03 16:00:00+00:00,30043.8,14.59,6.58,81.2,100.47
2023-10-03 17:00:00+00:00,33407.8,14.05,6.34,40.7,117.02
2023-10-03 18:00:00+00:00,35003.8,13.2,6.71,0.0,115.52
2023-10-03 19:00:00+00:00,33311.3,13.21,6.49,0.0,94.4
2023-10-03 20:00:00+00:00,31608.5,12.56,6.25,0.0,126.84
2023-10-03 21:00:00+00:00,30559.5,11.68,7.51,0.0,90.3
2023-10-03 22:00:00+00:00,28794.9,10.98,8.26,0.0,54.75
2023-10-03 23:00:00+00:00,27637.1,10.46,6.83,0.0,82.38
2023-10-04 00:00:00+00:00,26688.0,9.66,6.04,0.0,61.22
2023-10-04 01:00:00+00:00,24839.2,9.9,5.98,0.0,80.0
2023-10-04 02:00:00+00:00,24138.7,10.33,5.63,0.0,77.1
2023-10-04 03:00:00+00:00,24324.6,10.5,4.51,0.0,69.71
2023-10-04 04:00:00+00:00,24241.7,11.37,4.73,0.0,59.31
2023-10-04 05:00:00+00:00,24669.6,11.6,3.37,0.0,85.14
2023-10-04 06:00:00+00:00,26613.2,12.41,3.65,0.0,102.55
2023-10-04 07:00:00+00:00,29375.9,13.55,4.39,47.4,98.6
2023-10-04 08:00:00+00:00,30598.5,14.78,5.21,82.8,96.24
2023-10-04 09:00:00+00:00,31294.0,15.99,5.18,200.2,88.39
2023-10-04 10:00:00+00:00,30814.9,17.01,6.45,147.2,86.47
2023-10-04 11:00:00+00:00,30313.6,18.77,6.74,273.4,74.74
2023-10-04 12:00:00+00:00,30102.8,18.9,7.42,239.9,68.87
2023-10-04 13:00:00+00:00,29595.5,19.13,6.82,223.5,65.48
2023-10-04 14:00:00+00:00,28910.0,19.15,8.02,171.6,84.86
2023-10-04 15:00:00+00:00,28084.0,18.9,7.96,236.9,56.54
2023-10-04 16:00:00+00:00,28789.1,17.47,9.15,147.7,57.91
2023-10-04 17:00:00+00:00,31588.6,17.91,10.1,65.9,82.71
2023-10-04 18:00:00+00:00,32911.6,16.71,10.15,0.0,95.58
2023-10-04 19:00:00+00:00,31574.5,16.1,10.31,0.0,83.67
2023-10-04 20:00:00+00:00,29928.9,14.43,10.0,0.0,64.7
2023-10-04 21:00:00+00:00,28901.6,13.97,9.21,0.0,74.11
2023-10-04 22:00:00+00:00,26775.4,12.65,9.57,0.0,60.98
2023-10-04 23:00:00+00:00,25735.9,11.19,9.87,0.0,54.9
2023-10-05 00:00:00+00:00,25549.4,10.52,8.46,0.0,60.82
2023-10-05 01:00:00+00:00,24085.9,9.59,8.32,0.0,52.0
2023-10-05 02:00:00+00:00,24507.6,8.92,8.93,0.0,38.63
2023-10-05 03:00:00+00:00,24466.6,8.92,9.98,0.0,68.85
2023-10-05 04:00:00+00:00,24178.0,9.48,10.4,0.0,43.99
2023-10-05 05:00:00+00:00,24161.9,9.27,9.04,0.0,54.28
2023-10-05 06:00:00+00:00,27338.4,9.14,8.12,0.0,76.86
2023-10-05 07:00:00+00:00,30847.0,9.78,7.79,39.2,89.54
2023-10-05 08:00:00+00:00,31739.6,10.83,8.84,107.0,75.51
2023-10-05 09:00:00+00:00,32444.3,12.48,8.28,137.2,88.44
2023-10-05 10:00:00+00:00,31404.6,12.59,9.04,197.8,66.32
2023-10-05 11:00:00+00:00,30997.7,13.11,8.45,295.9,54.36
2023-10-05 12:00:00+00:00,30057.1,14.44,8.8,173.3,91.78
2023-10-05 13:00:00+00:00,28610.6,16.07,7.97,324.9,63.9
2023-10-05 14:00:00+00:00,28294.4,15.72,7.77,167.9,67.25
2023-10-05 15:00:00+00:00,28679.9,15.34,6.85,210.8,71.13
2023-10-05 16:00:00+00:00,30026.8,15.44,7.98,137.1,83.8
2023-10-05 17:00:00+00:00,32995.2,14.76,7.39,66.0,102.55
2023-10-05 18:00:00+00:00,34027.9,13.81,6.16,0.0,115.21
2023-10-05 19:00:00+00:00,32672.1,13.33,4.93,0.0,133.48
2023-10-05 20:00:00+00:00,31279.7,13.52,4.97,0.0,102.13
2023-10-05 21:00:00+00:00,29467.7,11.92,4.71,0.0,113.64
2023-10-05 22:00:00+00:00,26046.8,12.03,5.33,0.0,78.16
2023-10-05 23:00:00+00:00,24789.0,10.92,5.23,0.0,73.42
2023-10-06 00:00:00+00:00,24067.5,10.35,6.23,0.0,57.63
2023-10-06 01:00:00+00:00,22748.3,10.79,5.97,0.0,43.14
2023-10-06 02:00:00+00:00,22746.6,10.63,6.82,0.0,42.64
2023-10-06 03:00:00+00:00,22799.3,10.28,6.09,0.0,57.31
2023-10-06 04:00:00+00:00,22645.9,10.76,4.96,0.0,50.76
2023-10-06 05:00:00+00:00,24162.6,10.88,4.42,0.0,62.92
2023-10-06 06:00:00+00:00,26473.9,11.61,3.66,0.0,96.63
2023-10-06 07:00:00+00:00,29447.6,12.04,2.86,83.6,109.64
2023-10-06 08:00:00+00:00,30643.1,13.21,3.39,71.8,97.73
2023-10-06 09:00:00+00:00,31369.8,13.07,3.36,122.7,123.38
2023-10-06 10:00:00+00:00,31305.1,13.19,3.66,163.8,119.33
2023-10-06 11:00:00+00:00,30863.0,13.04,4.24,308.4,87.87
2023-10-06 12:00:00+00:00,30532.2,13.62,3.06,339.3,75.5
2023-10-06 13:00:00+00:00,30288.6,13.17,3.7,315.1,75.39
2023-10-06 14:00:00+00:00,30173.5,13.08,2.92,203.9,95.3
2023-10-06 15:00:00+00:00,30820.6,12.56,2.67,194.8,118.75
2023-10-06 16:00:00+00:00,31129.0,13.39,1.41,79.5,125.32
2023-10-06 17:00:00+00:00,34340.3,12.53,2.2,87.9,126.0
2023-10-06 18:00:00+00:00,35242.7,11.32,1.12,0.0,170.42
2023-10-06 19:00:00+00:00,34470.8,10.91,0.48,0.0,154.19
2023-10-06 20:00:00+00:00,31581.4,11.26,0.0,0.0,147.96
2023-10-06 21:00:00+00:00,30590.9,10.44,0.17,0.0,129.86
2023-10-06 22:00:00+00:00,27428.1,9.67,0.39,0.0,93.68
2023-10-06 23:00:00+00:00,25881.5,9.75,1.36,0.0,80.79
2023-10-07 00:00:00+00:00,22484.2,9.52,1.56,0.0,68.55
2023-10-07 01:00:00+00:00,21679.5,9.29,2.58,0.0,69.62
2023-10-07 02:00:00+00:00,22146.6,8.62,3.1,0.0,70.89
2023-10-07 03:00:00+00:00,21765.2,8.78,2.56,0.0,85.86
2023-10-07 04:00:00+00:00,22643.6,8.05,2.26,0.0,73.93
2023-10-07 05:00:00+00:00,24377.0,7.98,3.68,0.0,75.91
2023-10-07 06:00:00+00:00,25699.6,9.34,4.8,0.0,69.02
2023-10-07 07:00:00+00:00,28160.7,10.73,5.56,83.0,92.62
2023-10-07 08:00:00+00:00,30043.4,11.69,6.38,95.4,103.95
2023-10-07 09:00:00+00:00,30702.2,11.27,6.77,171.0,79.55
2023-10-07 10:00:00+00:00,30180.3,11.32,7.04,256.7,73.86
2023-10-07 11:00:00+00:00,29846.0,11.66,7.08,231.5,78.16
2023-10-07 12:00:00+00:00,29231.5,12.21,8.41,242.2,54.98
2023-10-07 13:00:00+00:00,28815.7,11.97,7.97,280.8,42.35
2023-10-07 14:00:00+00:00,28044.4,12.18,8.11,146.0,65.87
2023-10-07 15:00:00+00:00,27913.3,13.4,6.72,198.2,73.16
2023-10-07 16:00:00+00:00,29505.8,13.56,5.61,160.3,76.34
2023-10-07 17:00:00+00:00,31687.1,13.41,7.1,40.3,99.19
2023-10-07 18:00:00+00:00,33586.6,12.33,7.58,0.0,131.72
2023-10-07 19:00:00+00:00,32337.1,10.76,7.39,0.0,115.68
2023-10-07 20:00:00+00:00,30382.7,9.36,7.43,0.0,97.73
2023-10-07 21:00:00+00:00,28427.0,7.65,6.34,0.0,81.44
2023-10-07 22:00:00+00:00,26366.1,7.03,6.04,0.0,82.38
2023-10-07 23:00:00+00:00,24756.7,6.64,4.95,0.0,55.93
2023-10-08 00:00:00+00:00,24456.6,5.39,4.82,0.0,70.2
2023-10-08 01:00:00+00:00,22826.0,5.11,5.46,0.0,52.72
2023-10-08 02:00:00+00:00,21332.7,5.8,5.89,0.0,54.18
2023-10-08 03:00:00+00:00,20014.2,6.94,7.19,0.0,9.96
2023-10-08 04:00:00+00:00,20659.6,7.54,7.41,0.0,59.53
2023-10-08 05:00:00+00:00,22496.8,7.75,5.45,0.0,51.62
2023-10-08 06:00:00+00:00,25077.2,8.7,7.06,0.0,79.0
2023-10-08 07:00:00+00:00,27305.9,10.14,6.4,47.9,83.62
2023-10-08 08:00:00+00:00,29399.9,9.64,6.55,139.2,84.74
2023-10-08 09:00:00+00:00,28373.6,11.32,6.66,181.6,74.13
2023-10-08 10:00:00+00:00,29156.1,11.77,6.86,254.5,70.84
2023-10-08 11:00:00+00:00,29255.1,12.17,6.91,233.6,67.1
2023-10-08 12:00:00+00:00,29123.8,12.59,6.96,305.6,69.89
2023-10-08 13:00:00+00:00,27714.8,13.28,5.93,183.7,69.55
2023-10-08 14:00:00+00:00,27351.7,12.93,8.01,241.1,59.52
2023-10-08 15:00:00+00:00,27585.4,12.89,8.47,149.4,63.69
2023-10-08 16:00:00+00:00,30077.3,13.14,8.43,77.8,75.85
2023-10-08 17:00:00+00:00,32845.7,13.0,9.8,61.6,85.2
2023-10-08 18:00:00+00:00,33549.2,12.77,8.82,0.0,106.86
2023-10-08 19:00:00+00:00,32475.0,11.97,9.41,0.0,98.78
2023-10-08 20:00:00+00:00,29908.1,11.68,8.86,0.0,77.22
2023-10-08 21:00:00+00:00,27185.9,11.54,9.08,0.0,54.55
2023-10-08 22:00:00+00:00,24911.7,11.35,9.31,0.0,52.3
2023-10-08 23:00:00+00:00,22862.4,10.85,7.36,0.0,51.49
2023-10-09 00:00:00+00:00,23350.2,10.62,6.23,0.0,58.18
2023-10-09 01:00:00+00:00,22449.1,10.61,7.51,0.0,43.77
2023-10-09 02:00:00+00:00,21481.2,11.85,7.28,0.0,48.04
2023-10-09 03:00:00+00:00,20732.9,12.36,8.83,0.0,17.51
2023-10-09 04:00:00+00:00,21136.2,12.28,9.77,0.0,16.24
2023-10-09 05:00:00+00:00,22886.3,11.91,9.46,0.0,31.07
2023-10-09 06:00:00+00:00,25259.4,12.12,9.09,0.0,51.84
2023-10-09 07:00:00+00:00,28344.5,12.44,10.28,38.3,56.01
2023-10-09 08:00:00+00:00,29813.9,13.38,11.76,126.8,50.67
2023-10-09 09:00:00+00:00,31191.6,13.64,11.3,216.9,70.15
2023-10-09 10:00:00+00:00,31197.0,15.05,12.28,224.8,54.39
2023-10-09 11:00:00+00:00,30826.9,14.84,12.82,249.6,56.3
2023-10-09 12:00:00+00:00,30165.9,14.41,13.47,225.9,42.56
2023-10-09 13:00:00+00:00,29127.9,14.77,13.23,211.1,31.55
2023-10-09 14:00:00+00:00,28348.7,14.53,12.39,175.7,52.14
2023-10-09 15:00:00+00:00,28669.6,13.85,11.3,205.8,42.7
2023-10-09 16:00:00+00:00,31124.2,13.37,10.06,128.4,77.09
2023-10-09 17:00:00+00:00,33615.9,12.63,11.4,49.0,94.48
2023-10-09 18:00:00+00:00,34720.3,12.19,11.19,0.0,96.53
2023-10-09 19:00:00+00:00,34227.0,11.22,10.09,0.0,98.9
2023-10-09 20:00:00+00:00,32739.4,10.21,10.72,0.0,81.27
2023-10-09 21:00:00+00:00,30883.2,9.48,10.16,0.0,82.04
2023-10-09 22:00:00+00:00,28419.8,9.35,9.49,0.0,62.15
2023-10-09 23:00:00+00:00,26424.0,9.54,10.98,0.0,47.0
2023-10-10 00:00:00+00:00,25886.6,8.86,9.74,0.0,49.64
2023-10-10 01:00:00+00:00,24859.2,8.52,9.79,0.0,41.13
2023-10-10 02:00:00+00:00,24201.5,8.1,9.19,0.0,48.75
2023-10-10 03:00:00+00:00,23201.5,8.28,8.49,0.0,55.27
2023-10-10 04:00:00+00:00,23664.4,8.6,7.27,0.0,61.0
2023-10-10 05:00:00+00:00,24621.3,9.68,7.31,0.0,39.35
2023-10-10 06:00:00+00:00,26553.5,8.98,6.61,0.0,74.55
2023-10-10 07:00:00+00:00,29429.4,9.45,7.09,36.3,108.37
2023-10-10 08:00:00+00:00,31143.1,10.37,7.05,156.0,88.99
2023-10-10 09:00:00+00:00,31401.2,11.12,6.8,129.7,89.54
2023-10-10 10:00:00+00:00,32212.3,11.33,6.13,149.6,112.68
2023-10-10 11:00:00+00:00,32512.3,11.28,7.29,290.6,85.02
2023-10-10 12:00:00+00:00,30990.8,12.42,7.85,190.7,92.01
2023-10-10 13:00:00+00:00,30200.7,12.45,7.28,258.0,72.16
2023-10-10 14:00:00+00:00,30583.1,11.73,6.2,116.7,96.28
2023-10-10 15:00:00+00:00,30478.6,12.4,4.77,215.8,85.75
2023-10-10 16:00:00+00:00,32447.7,12.62,5.77,103.4,116.59
2023-10-10 17:00:00+00:00,34553.1,12.28,6.54,42.1,118.99
2023-10-10 18:00:00+00:00,35077.0,11.29,7.38,0.0,122.42
2023-10-10 19:00:00+00:00,34236.4,10.65,7.27,0.0,126.04
2023-10-10 20:00:00+00:00,31986.7,10.71,7.88,0.0,104.46
2023-10-10 21:00:00+00:00,31746.7,8.99,8.64,0.0,92.62
2023-10-10 22:00:00+00:00,30205.8,7.33,8.51,0.0,71.93
2023-10-10 23:00:00+00:00,28075.6,6.31,8.15,0.0,73.86
2023-10-11 00:00:00+00:00,27341.7,5.63,7.33,0.0,71.42
2023-10-11 01:00:00+00:00,26232.7,4.94,7.65,0.0,66.8
2023-10-11 02:00:00+00:00,25696.6,5.12,8.05,0.0,59.12
2023-10-11 03:00:00+00:00,24700.7,5.75,7.68,0.0,69.78
2023-10-11 04:00:00+00:00,24977.3,6.08,7.42,0.0,65.67
2023-10-11 05:00:00+00:00,26333.3,6.76,7.23,0.0,66.0
2023-10-11 06:00:00+00:00,28702.1,7.44,7.84,0.0,87.36
2023-10-11 07:00:00+00:00,31755.2,8.1,6.72,64.8,114.5
2023-10-11 08:00:00+00:00,34715.8,8.08,5.87,66.2,115.99
2023-10-11 09:00:00+00:00,34544.5,8.3,5.08,134.7,118.39
2023-10-11 10:00:00+00:00,35000.9,8.34,5.06,152.1,115.5
2023-10-11 11:00:00+00:00,34121.3,9.06,5.4,145.8,119.26
2023-10-11 12:00:00+00:00,32947.1,9.92,4.65,279.4,123.86
2023-10-11 13:00:00+00:00,32194.8,9.61,5.47,220.3,110.11
2023-10-11 14:00:00+00:00,31917.1,10.06,6.69,183.6,89.5
2023-10-11 15:00:00+00:00,31921.4,9.75,7.03,106.7,102.81
2023-10-11 16:00:00+00:00,32909.9,9.12,7.91,111.4,109.6
2023-10-11 17:00:00+00:00,35935.9,8.58,7.15,45.6,108.0
2023-10-11 18:00:00+00:00,37279.8,7.57,6.44,0.0,129.44
2023-10-11 19:00:00+00:00,35530.7,7.47,6.87,0.0,135.92
2023-10-11 20:00:00+00:00,33126.6,6.79,6.85,0.0,97.58
2023-10-11 21:00:00+00:00,31382.1,6.64,6.16,0.0,106.29
2023-10-11 22:00:00+00:00,29969.7,5.72,7.32,0.0,98.11
2023-10-11 23:00:00+00:00,28015.0,4.88,7.53,0.0,81.17
2023-10-12 00:00:00+00:00,26777.9,5.37,8.06,0.0,66.77
2023-10-12 01:00:00+00:00,27084.2,4.01,7.48,0.0,86.43
2023-10-12 02:00:00+00:00,26483.2,4.6,8.77,0.0,70.45
2023-10-12 03:00:00+00:00,25563.5,5.58,8.56,0.0,79.78
2023-10-12 04:00:00+00:00,25385.2,6.2,9.27,0.0,41.57
2023-10-12 05:00:00+00:00,26168.8,6.35,8.71,0.0,55.28
2023-10-12 06:00:00+00:00,28002.6,7.73,8.75,0.0,-9.51
2023-10-12 07:00:00+00:00,30579.6,8.18,9.1,54.2,93.99
2023-10-12 08:00:00+00:00,32120.1,8.5,10.56,113.1,85.54
2023-10-12 09:00:00+00:00,32459.1,9.09,10.03,113.6,78.88
2023-10-12 10:00:00+00:00,31575.6,9.56,10.04,154.5,64.87
2023-10-12 11:00:00+00:00,31294.6,9.77,10.35,291.7,50.52
2023-10-12 12:00:00+00:00,31845.5,11.13,9.08,174.2,97.49
2023-10-12 13:00:00+00:00,30478.4,11.19,7.27,264.7,74.84
2023-10-12 14:00:00+00:00,30770.0,11.53,6.48,192.8,88.27
2023-10-12 15:00:00+00:00,31700.0,10.82,7.26,171.9,79.2
2023-10-12 16:00:00+00:00,33609.9,10.82,8.59,104.1,98.62
2023-10-12 17:00:00+00:00,35917.0,9.9,7.79,60.2,111.08
2023-10-12 18:00:00+00:00,37534.0,8.82,6.8,0.0,140.34
2023-10-12 19:00:00+00:00,36909.3,8.24,8.01,0.0,125.42
2023-10-12 20:00:00+00:00,34992.1,8.27,7.52,0.0,112.76
2023-10-12 21:00:00+00:00,32833.7,7.85,7.2,0.0,120.64
2023-10-12 22:00:00+00:00,30305.1,7.46,8.33,0.0,100.18
2023-10-12 23:00:00+00:00,28266.4,6.73,9.28,0.0,75.0
2023-10-13 00:00:00+00:00,27327.8,5.83,9.89,0.0,43.13
2023-10-13 01:00:00+00:00,26237.5,5.91,8.41,0.0,51.98
2023-10-13 02:00:00+00:00,25742.5,5.33,7.36,0.0,55.13
2023-10-13 03:00:00+00:00,25120.9,5.79,8.21,0.0,75.71
2023-10-13 04:00:00+00:00,24971.7,6.68,8.4,0.0,65.6
2023-10-13 05:00:00+00:00,27007.0,6.5,7.72,0.0,84.46
2023-10-13 06:00:00+00:00,29237.0,6.6,7.42,0.0,78.42
2023-10-13 07:00:00+00:00,32017.1,6.94,8.27,66.6,77.88
2023-10-13 08:00:00+00:00,32608.0,6.85,9.4,96.7,98.65
2023-10-13 09:00:00+00:00,33505.2,7.43,9.27,207.2,63.9
2023-10-13 10:00:00+00:00,33122.5,9.07,8.62,162.5,91.83
2023-10-13 11:00:00+00:00,32935.0,9.23,8.33,240.6,91.91
2023-10-13 12:00:00+00:00,32235.2,10.73,9.31,245.4,64.81
2023-10-13 13:00:00+00:00,30967.0,11.0,10.23,174.1,83.67
2023-10-13 14:00:00+00:00,29892.3,12.63,10.22,245.5,54.18
2023-10-13 15:00:00+00:00,31100.1,12.34,9.64,136.9,78.47
2023-10-13 16:00:00+00:00,32175.3,12.18,10.36,110.7,85.01
2023-10-13 17:00:00+00:00,34283.8,11.37,11.46,50.1,92.65
2023-10-13 18:00:00+00:00,34965.0,10.53,10.1,0.0,100.17
2023-10-13 19:00:00+00:00,33520.8,10.77,9.76,0.0,90.83
2023-10-13 20:00:00+00:00,32493.4,10.37,10.53,0.0,92.45
2023-10-13 21:00:00+00:00,30587.0,10.23,10.41,0.0,84.12
2023-10-13 22:00:00+00:00,29258.0,8.67,9.86,0.0,82.64
2023-10-13 23:00:00+00:00,26566.5,8.37,9.86,0.0,55.22
2023-10-14 00:00:00+00:00,23386.0,7.04,10.01,0.0,37.62
2023-10-14 01:00:00+00:00,22503.9,5.8,8.98,0.0,28.27
2023-10-14 02:00:00+00:00,22845.0,5.7,8.95,0.0,49.52
2023-10-14 03:00:00+00:00,22579.0,5.78,9.14,0.0,28.21
2023-10-14 04:00:00+00:00,22777.4,5.96,8.65,0.0,46.41
2023-10-14 05:00:00+00:00,23767.1,6.73,7.95,0.0,60.33
2023-10-14 06:00:00+00:00,25648.0,7.76,7.49,0.0,73.97
2023-10-14 07:00:00+00:00,28971.9,9.28,6.7,52.6,70.78
2023-10-14 08:00:00+00:00,31475.9,9.27,7.38,61.2,79.69
2023-10-14 09:00:00+00:00,31624.3,10.96,6.59,109.2,87.63
2023-10-14 10:00:00+00:00,31007.8,12.84,6.76,246.4,71.75
2023-10-14 11:00:00+00:00,29933.6,13.29,6.48,217.9,100.57
2023-10-14 12:00:00+00:00,29753.5,12.87,5.96,127.2,91.44
2023-10-14 13:00:00+00:00,28147.4,12.5,7.08,281.6,48.27
2023-10-14 14:00:00+00:00,27626.0,12.53,6.97,246.4,50.95
2023-10-14 15:00:00+00:00,26748.4,13.86,6.45,173.9,79.32
2023-10-14 16:00:00+00:00,28976.4,13.75,5.88,84.7,99.49
2023-10-14 17:00:00+00:00,31675.9,13.06,6.2,44.4,90.67
2023-10-14 18:00:00+00:00,33337.1,12.17,6.89,0.0,121.12
2023-10-14 19:00:00+00:00,32658.9,10.76,7.89,0.0,100.76
2023-10-14 20:00:00+00:00,31063.8,10.59,7.71,0.0,93.24
2023-10-14 21:00:00+00:00,28776.5,9.77,7.5,0.0,69.16
2023-10-14 22:00:00+00:00,25324.5,10.27,7.58,0.0,57.64
2023-10-14 23:00:00+00:00,24657.7,9.9,7.68,0.0,46.67
2023-10-15 00:00:00+00:00,23245.4,9.61,7.04,0.0,64.65
2023-10-15 01:00:00+00:00,22264.7,8.94,8.18,0.0,30.26
2023-10-15 02:00:00+00:00,22517.9,7.94,8.14,0.0,53.28
2023-10-15 03:00:00+00:00,22229.6,7.29,8.5,0.0,34.14
2023-10-15 04:00:00+00:00,22234.4,6.57,8.76,0.0,17.44
2023-10-15 05:00:00+00:00,24116.2,7.43,8.99,0.0,40.1
2023-10-15 06:00:00+00:00,26031.0,7.68,8.1,0.0,50.26
2023-10-15 07:00:00+00:00,29340.3,8.89,8.04,45.8,84.19
2023-10-15 08:00:00+00:00,30785.4,9.68,9.77,86.9,63.96
2023-10-15 09:00:00+00:00,31407.5,10.27,10.88,160.1,63.63
2023-10-15 10:00:00+00:00,31569.3,10.34,10.8,201.9,69.67
2023-10-15 11:00:00+00:00,30441.3,11.27,10.33,144.6,54.33
2023-10-15 12:00:00+00:00,30024.4,11.77,8.43,196.2,84.26
2023-10-15 13:00:00+00:00,29709.1,12.8,7.97,176.5,74.4
2023-10-15 14:00:00+00:00,29707.2,12.67,7.86,164.9,74.65
2023-10-15 15:00:00+00:00,29948.8,13.15,7.57,99.9,66.4
2023-10-15 16:00:00+00:00,31303.4,14.03,7.34,115.0,84.49
2023-10-15 17:00:00+00:00,33323.9,13.87,7.81,38.7,102.0
2023-10-15 18:00:00+00:00,33545.1,13.83,6.99,0.0,101.01
2023-10-15 19:00:00+00:00,32716.6,13.5,7.2,0.0,115.78
2023-10-15 20:00:00+00:00,29944.9,13.86,7.11,0.0,91.33
2023-10-15 21:00:00+00:00,27697.4,13.22,6.41,0.0,72.59
2023-10-15 22:00:00+00:00,25382.4,12.77,7.75,0.0,56.66
2023-10-15 23:00:00+00:00,23169.1,11.92,8.3,0.0,44.21
2023-10-16 00:00:00+00:00,24574.8,10.6,7.62,0.0,75.86
2023-10-16 01:00:00+00:00,23613.0,9.31,7.99,0.0,52.12
2023-10-16 02:00:00+00:00,22353.7,9.72,6.86,0.0,38.59
2023-10-16 03:00:00+00:00,22028.5,8.93,6.34,0.0,40.84
2023-10-16 04:00:00+00:00,22432.0,9.42,7.42,0.0,40.06
2023-10-16 05:00:00+00:00,24154.6,9.9,7.67,0.0,58.83
2023-10-16 06:00:00+00:00,26254.6,10.85,7.85,0.0,68.64
2023-10-16 07:00:00+00:00,28767.9,11.08,8.58,51.6,76.84
2023-10-16 08:00:00+00:00,30376.8,11.25,8.98,65.7,77.6
2023-10-16 09:00:00+00:00,30968.4,12.19,8.67,109.4,65.07
2023-10-16 10:00:00+00:00,31406.9,12.73,9.32,229.8,76.5
2023-10-16 11:00:00+00:00,31564.0,12.65,7.88,235.4,71.63
2023-10-16 12:00:00+00:00,30619.2,14.4,7.32,146.8,88.54
2023-10-16 13:00:00+00:00,30634.4,14.34,7.22,146.1,71.44
2023-10-16 14:00:00+00:00,30018.6,13.99,7.64,169.5,76.01
2023-10-16 15:00:00+00:00,29698.1,13.91,7.35,157.6,84.02
2023-10-16 16:00:00+00:00,31142.7,14.53,5.94,107.2,116.44
2023-10-16 17:00:00+00:00,34770.4,12.88,4.49,42.3,125.51
2023-10-16 18:00:00+00:00,35816.3,13.1,4.56,0.0,154.36
2023-10-16 19:00:00+00:00,35130.0,11.9,4.31,0.0,147.42
2023-10-16 20:00:00+00:00,33005.6,11.33,3.73,0.0,123.89
2023-10-16 21:00:00+00:00,31271.9,10.13,3.05,0.0,120.89
2023-10-16 22:00:00+00:00,28482.9,10.54,3.36,0.0,96.97
2023-10-16 23:00:00+00:00,26468.0,9.85,4.56,0.0,76.59
2023-10-17 00:00:00+00:00,25756.2,8.63,4.78,0.0,63.86
2023-10-17 01:00:00+00:00,24718.8,7.94,5.92,0.0,56.12
2023-10-17 02:00:00+00:00,24025.2,7.68,5.68,0.0,37.8
2023-10-17 03:00:00+00:00,24066.1,7.66,6.1,0.0,62.59
2023-10-17 04:00:00+00:00,24289.2,8.0,7.2,0.0,71.78
2023-10-17 05:00:00+00:00,25980.3,8.27,7.07,0.0,70.05
2023-10-17 06:00:00+00:00,28000.9,7.89,7.08,0.0,80.16
2023-10-17 07:00:00+00:00,30632.0,8.3,6.79,39.4,88.15
2023-10-17 08:00:00+00:00,31234.7,9.39,7.26,58.0,113.02
2023-10-17 09:00:00+00:00,31419.7,9.76,7.95,131.9,96.48
2023-10-17 10:00:00+00:00,31478.4,10.94,8.18,194.7,68.0
2023-10-17 11:00:00+00:00,31389.3,11.67,7.94,218.9,100.65
2023-10-17 12:00:00+00:00,31243.9,12.15,6.72,213.9,101.15
2023-10-17 13:00:00+00:00,30734.8,13.34,6.7,258.8,69.22
2023-10-17 14:00:00+00:00,30822.1,12.57,6.56,127.7,98.29
2023-10-17 15:00:00+00:00,31095.5,12.27,6.77,110.7,215.86
2023-10-17 16:00:00+00:00,32808.0,12.93,6.87,62.8,85.69
2023-10-17 17:00:00+00:00,34394.0,13.72,8.11,69.8,98.59
2023-10-17 18:00:00+00:00,34161.3,14.58,7.51,0.0,122.22
2023-10-17 19:00:00+00:00,32832.7,13.91,6.25,0.0,119.77
2023-10-17 20:00:00+00:00,30919.6,13.38,5.39,0.0,134.17
2023-10-17 21:00:00+00:00,29123.4,13.01,4.98,0.0,99.85
2023-10-17 22:00:00+00:00,26485.7,12.91,5.93,0.0,59.0
2023-10-17 23:00:00+00:00,24799.1,12.26,4.97,0.0,62.33
2023-10-18 00:00:00+00:00,24239.5,11.94,4.16,0.0,68.65
2023-10-18 01:00:00+00:00,22677.6,11.61,4.62,0.0,58.24
2023-10-18 02:00:00+00:00,22238.4,11.49,5.41,0.0,51.01
2023-10-18 03:00:00+00:00,22097.2,10.69,4.27,0.0,62.76
2023-10-18 04:00:00+00:00,21883.9,10.48,3.03,0.0,79.95
2023-10-18 05:00:00+00:00,23231.9,10.35,2.61,0.0,79.26
2023-10-18 06:00:00+00:00,25619.4,10.02,3.34,0.0,66.38
2023-10-18 07:00:00+00:00,28891.0,9.58,3.64,40.4,104.43
2023-10-18 08:00:00+00:00,30836.2,10.01,3.22,58.2,95.36
2023-10-18 09:00:00+00:00,30445.0,10.59,3.99,123.8,95.59
2023-10-18 10:00:00+00:00,30964.4,11.41,4.23,222.8,114.23
2023-10-18 11:00:00+00:00,31824.3,12.44,4.29,143.3,86.97
2023-10-18 12:00:00+00:00,30722.7,13.13,3.16,157.4,125.35
2023-10-18 13:00:00+00:00,29745.3,13.42,2.75,133.0,109.1
2023-10-18 14:00:00+00:00,29232.5,13.13,4.49,235.5,87.25
2023-10-18 15:00:00+00:00,28925.7,13.75,4.36,128.2,77.03
2023-10-18 16:00:00+00:00,31884.1,13.55,3.74,133.2,112.05
2023-10-18 17:00:00+00:00,34338.6,12.96,3.6,32.4,128.95
2023-10-18 18:00:00+00:00,35787.3,12.36,3.87,0.0,134.84
2023-10-18 19:00:00+00:00,35167.3,11.28,4.71,0.0,133.93
2023-10-18 20:00:00+00:00,33781.7,10.24,5.31,0.0,147.21
2023-10-18 21:00:00+00:00,32390.2,9.13,4.87,0.0,125.57
2023-10-18 22:00:00+00:00,29477.7,8.2,5.97,0.0,92.08
2023-10-18 23:00:00+00:00,28104.7,7.89,6.66,0.0,86.06
2023-10-19 00:00:00+00:00,26759.9,7.39,6.33,0.0,71.75
2023-10-19 01:00:00+00:00,26031.6,7.84,6.26,0.0,79.1
2023-10-19 02:00:00+00:00,24657.4,8.24,6.77,0.0,48.77
2023-10-19 03:00:00+00:00,23330.2,9.27,7.62,0.0,57.06
2023-10-19 04:00:00+00:00,23498.0,9.62,6.4,0.0,40.8
2023-10-19 05:00:00+00:00,24785.4,10.16,6.49,0.0,60.49
2023-10-19 06:00:00+00:00,26288.4,10.25,6.49,0.0,83.46
2023-10-19 07:00:00+00:00,28827.8,11.28,6.07,37.2,105.37
2023-10-19 08:00:00+00:00,30173.4,11.52,5.66,114.5,69.4
2023-10-19 09:00:00+00:00,31461.2,11.33,6.55,80.4,85.4
2023-10-19 10:00:00+00:00,30661.2,12.97,7.0,123.3,87.19
2023-10-19 11:00:00+00:00,31020.6,12.86,8.64,168.6,84.29
2023-10-19 12:00:00+00:00,30071.4,13.7,8.12,251.5,62.17
2023-10-19 13:00:00+00:00,29706.0,13.58,8.17,108.5,75.85
2023-10-19 14:00:00+00:00,28447.0,14.52,8.35,155.6,64.55
2023-10-19 15:00:00+00:00,28652.4,15.32,8.98,89.9,66.07
2023-10-19 16:00:00+00:00,30079.6,15.45,9.95,72.5,71.22
2023-10-19 17:00:00+00:00,33361.9,15.81,9.87,44.9,94.0
2023-10-19 18:00:00+00:00,34763.2,15.23,8.87,0.0,127.25
2023-10-19 19:00:00+00:00,33278.5,15.84,8.22,0.0,103.5
2023-10-19 20:00:00+00:00,31554.0,15.42,8.27,0.0,107.65
2023-10-19 21:00:00+00:00,29466.6,13.95,9.09,0.0,77.62
2023-10-19 22:00:00+00:00,27587.6,13.09,7.85,0.0,66.46
2023-10-19 23:00:00+00:00,25988.7,12.14,6.9,0.0,66.43
2023-10-20 00:00:00+00:00,25322.2,11.11,7.49,0.0,44.66
2023-10-20 01:00:00+00:00,24661.4,9.53,6.46,0.0,52.62
2023-10-20 02:00:00+00:00,23986.6,9.38,5.6,0.0,56.76
2023-10-20 03:00:00+00:00,23179.6,8.36,6.56,0.0,55.41
2023-10-20 04:00:00+00:00,23847.1,6.89,6.41,0.0,75.36
2023-10-20 05:00:00+00:00,25969.8,6.97,6.21,0.0,69.2
2023-10-20 06:00:00+00:00,28257.3,6.99,7.32,0.0,70.1
2023-10-20 07:00:00+00:00,30860.8,7.11,6.47,30.1,106.99
2023-10-20 08:00:00+00:00,33144.8,5.99,5.51,66.4,116.72
2023-10-20 09:00:00+00:00,32954.9,6.34,6.86,112.7,114.73
2023-10-20 10:00:00+00:00,32610.2,7.1,7.05,180.7,104.86
2023-10-20 11:00:00+00:00,32398.5,7.54,7.58,145.7,99.17
2023-10-20 12:00:00+00:00,32076.8,8.5,7.3,140.8,96.98
2023-10-20 13:00:00+00:00,31150.3,9.9,7.2,192.0,94.45
2023-10-20 14:00:00+00:00,31285.2,10.57,6.64,185.0,98.08
2023-10-20 15:00:00+00:00,30860.9,11.35,6.91,129.3,98.55
2023-10-20 16:00:00+00:00,31716.1,11.94,7.57,105.8,101.63
2023-10-20 17:00:00+00:00,34397.6,11.04,7.69,27.5,112.72
2023-10-20 18:00:00+00:00,35226.4,10.86,8.49,0.0,107.98
2023-10-20 19:00:00+00:00,33952.7,10.86,8.93,0.0,106.32
2023-10-20 20:00:00+00:00,32192.4,9.87,8.01,0.0,96.39
2023-10-20 21:00:00+00:00,30731.1,8.63,7.85,0.0,83.28
2023-10-20 22:00:00+00:00,28611.6,8.2,7.46,0.0,97.93
2023-10-20 23:00:00+00:00,27863.4,6.6,8.02,0.0,74.29
2023-10-21 00:00:00+00:00,24935.3,5.23,8.33,0.0,44.65
2023-10-21 01:00:00+00:00,24105.0,4.41,8.37,0.0,63.39
2023-10-21 02:00:00+00:00,24246.5,4.45,9.09,0.0,48.08
2023-10-21 03:00:00+00:00,22979.8,4.54,7.53,0.0,57.73
2023-10-21 04:00:00+00:00,23057.7,5.31,7.03,0.0,47.25
2023-10-21 05:00:00+00:00,24264.9,5.09,6.62,0.0,66.32
2023-10-21 06:00:00+00:00,26700.0,5.03,6.84,0.0,80.21
2023-10-21 07:00:00+00:00,29569.1,6.03,7.28,31.8,87.41
2023-10-21 08:00:00+00:00,30819.1,6.33,7.26,83.3,83.96
2023-10-21 09:00:00+00:00,31005.5,6.81,6.22,149.1,96.25
2023-10-21 10:00:00+00:00,31507.5,6.55,6.58,220.0,94.22
2023-10-21 11:00:00+00:00,30747.3,7.55,6.7,169.9,74.6
2023-10-21 12:00:00+00:00,29397.8,9.2,5.57,104.6,113.56
2023-10-21 13:00:00+00:00,29271.8,9.12,5.41,127.1,104.11
2023-10-21 14:00:00+00:00,28880.8,10.12,5.78,148.5,83.39
2023-10-21 15:00:00+00:00,29147.3,10.25,7.13,148.9,84.72
2023-10-21 16:00:00+00:00,31490.6,9.15,6.27,97.2,98.43
2023-10-21 17:00:00+00:00,34342.7,8.4,6.93,62.0,108.4
2023-10-21 18:00:00+00:00,35441.6,7.46,6.09,0.0,139.81
2023-10-21 19:00:00+00:00,34256.1,6.76,5.14,0.0,120.15
2023-10-21 20:00:00+00:00,31654.6,6.41,4.29,0.0,121.03
2023-10-21 21:00:00+00:00,29321.7,6.86,4.9,0.0,93.44
2023-10-21 22:00:00+00:00,27990.5,5.29,5.1,0.0,82.55
2023-10-21 23:00:00+00:00,27474.3,4.38,4.95,0.0,90.11
2023-10-22 00:00:00+00:00,26542.3,3.18,5.41,0.0,91.0
2023-10-22 01:00:00+00:00,25158.0,2.06,5.52,0.0,74.28
2023-10-22 02:00:00+00:00,24357.5,1.96,5.68,0.0,66.63
2023-10-22 03:00:00+00:00,23360.2,1.98,5.51,0.0,42.99
2023-10-22 04:00:00+00:00,24393.2,1.12,4.78,0.0,69.07
2023-10-22 05:00:00+00:00,25459.8,1.59,6.22,0.0,55.63
2023-10-22 06:00:00+00:00,27480.7,1.49,7.35,0.0,76.31
2023-10-22 07:00:00+00:00,30189.8,2.29,8.58,45.2,82.06
2023-10-22 08:00:00+00:00,31776.6,3.93,8.08,91.4,90.43
2023-10-22 09:00:00+00:00,31960.4,5.12,7.49,115.2,93.26
2023-10-22 10:00:00+00:00,31274.5,6.13,7.14,132.2,95.14
2023-10-22 11:00:00+00:00,31303.2,6.65,7.97,164.0,89.16
2023-10-22 12:00:00+00:00,30821.6,7.43,7.92,157.0,84.76
2023-10-22 13:00:00+00:00,29461.6,8.36,7.45,103.8,89.28
2023-10-22 14:00:00+00:00,28933.6,9.04,7.72,179.0,45.44
2023-10-22 15:00:00+00:00,28244.4,9.17,7.1,154.6,60.5
2023-10-22 16:00:00+00:00,30317.3,9.29,6.04,74.3,98.89
2023-10-22 17:00:00+00:00,34494.7,8.28,6.19,64.2,119.53
2023-10-22 18:00:00+00:00,36052.9,7.47,5.82,0.0,126.79
2023-10-22 19:00:00+00:00,34295.3,7.39,5.87,0.0,128.96
2023-10-22 20:00:00+00:00,32197.4,7.27,3.83,0.0,130.4
2023-10-22 21:00:00+00:00,30438.6,6.63,3.29,0.0,107.83
2023-10-22 22:00:00+00:00,28075.1,6.82,3.44,0.0,93.96
2023-10-22 23:00:00+00:00,26175.4,6.44,2.43,0.0,78.1
2023-10-23 00:00:00+00:00,26381.3,5.58,1.5,0.0,99.72
2023-10-23 01:00:00+00:00,25551.7,4.41,1.81,0.0,93.64
2023-10-23 02:00:00+00:00,24543.7,5.04,2.62,0.0,73.08
2023-10-23 03:00:00+00:00,24181.6,5.43,2.14,0.0,78.87
2023-10-23 04:00:00+00:00,23803.0,6.63,2.18,0.0,81.1
2023-10-23 05:00:00+00:00,24832.7,8.22,2.23,0.0,96.69
2023-10-23 06:00:00+00:00,28350.2,7.87,1.25,0.0,110.07
2023-10-23 07:00:00+00:00,31732.3,7.69,2.46,54.5,114.69
2023-10-23 08:00:00+00:00,33693.2,6.69,2.54,61.7,149.34
2023-10-23 09:00:00+00:00,34308.5,8.06,2.63,170.4,136.85
2023-10-23 10:00:00+00:00,34025.7,9.26,3.14,159.6,113.24
2023-10-23 11:00:00+00:00,33464.1,10.06,2.12,98.8,139.92
2023-10-23 12:00:00+00:00,32649.7,9.96,3.08,128.4,115.32
2023-10-23 13:00:00+00:00,31625.5,10.42,4.1,210.4,113.28
2023-10-23 14:00:00+00:00,31284.4,10.87,4.35,102.4,103.22
2023-10-23 15:00:00+00:00,32165.1,11.47,4.85,159.8,87.91
2023-10-23 16:00:00+00:00,34259.9,11.55,4.7,108.1,117.24
2023-10-23 17:00:00+00:00,36497.4,11.66,5.49,27.0,129.15
2023-10-23 18:00:00+00:00,37316.4,11.11,4.92,0.0,141.22
2023-10-23 19:00:00+00:00,35820.9,11.2,5.0,0.0,115.52
2023-10-23 20:00:00+00:00,33787.3,10.83,5.12,0.0,124.43
2023-10-23 21:00:00+00:00,32656.0,9.31,5.18,0.0,98.13
2023-10-23 22:00:00+00:00,29368.6,9.36,6.11,0.0,92.49
2023-10-23 23:00:00+00:00,27389.6,9.34,7.87,0.0,48.27
2023-10-24 00:00:00+00:00,26568.5,8.81,7.74,0.0,57.21
2023-10-24 01:00:00+00:00,25950.1,8.44,8.07,0.0,68.16
2023-10-24 02:00:00+00:00,25700.7,9.07,7.39,0.0,71.84
2023-10-24 03:00:00+00:00,24784.9,7.89,8.18,0.0,47.15
2023-10-24 04:00:00+00:00,24269.3,8.68,7.71,0.0,59.97
2023-10-24 05:00:00+00:00,25373.5,8.61,10.14,0.0,29.79
2023-10-24 06:00:00+00:00,26745.7,9.68,8.67,0.0,73.94
2023-10-24 07:00:00+00:00,30324.2,10.29,10.27,33.7,86.39
2023-10-24 08:00:00+00:00,32118.9,10.18,10.88,86.5,76.16
2023-10-24 09:00:00+00:00,32995.6,10.59,9.81,155.1,79.97
2023-10-24 10:00:00+00:00,32227.4,11.93,11.48,202.6,43.84
2023-10-24 11:00:00+00:00,31781.9,12.46,10.53,140.8,73.62
2023-10-24 12:00:00+00:00,30658.2,12.65,10.11,220.8,70.59
2023-10-24 13:00:00+00:00,29573.8,12.7,8.94,164.8,71.47
2023-10-24 14:00:00+00:00,28663.6,13.35,8.73,167.2,64.85
2023-10-24 15:00:00+00:00,27949.9,14.45,8.6,81.6,51.59
2023-10-24 16:00:00+00:00,31063.7,12.99,9.17,53.2,84.88
2023-10-24 17:00:00+00:00,33090.4,14.33,10.97,54.6,77.3
2023-10-24 18:00:00+00:00,34750.0,13.89,10.37,0.0,117.25
2023-10-24 19:00:00+00:00,33332.6,13.54,8.05,0.0,113.1
2023-10-24 20:00:00+00:00,32158.6,12.46,8.5,0.0,100.24
2023-10-24 21:00:00+00:00,30721.0,11.59,8.0,0.0,92.09
2023-10-24 22:00:00+00:00,28386.7,10.85,9.37,0.0,60.78
2023-10-24 23:00:00+00:00,27103.3,9.42,9.22,0.0,55.19
2023-10-25 00:00:00+00:00,26444.1,8.11,8.52,0.0,82.33
2023-10-25 01:00:00+00:00,25552.5,8.3,7.65,0.0,53.59
2023-10-25 02:00:00+00:00,25232.4,7.01,8.11,0.0,58.33
2023-10-25 03:00:00+00:00,24889.2,7.14,7.83,0.0,58.57
2023-10-25 04:00:00+00:00,24430.0,6.98,8.94,0.0,48.86
2023-10-25 05:00:00+00:00,25358.9,6.67,8.68,0.0,57.61
2023-10-25 06:00:00+00:00,26889.0,8.31,9.7,0.0,78.18
2023-10-25 07:00:00+00:00,30256.4,8.31,8.49,30.9,85.46
2023-10-25 08:00:00+00:00,31795.2,8.32,7.05,66.5,103.4
2023-10-25 09:00:00+00:00,32309.9,8.98,7.7,147.8,89.14
2023-10-25 10:00:00+00:00,32197.9,9.29,7.3,205.2,87.58
2023-10-25 11:00:00+00:00,31698.2,10.02,7.08,177.3,94.41
2023-10-25 12:00:00+00:00,31576.7,10.74,6.28,131.2,110.66
2023-10-25 13:00:00+00:00,30785.9,11.36,5.47,154.2,107.5
2023-10-25 14:00:00+00:00,30250.1,11.59,6.04,89.7,61.34
2023-10-25 15:00:00+00:00,30844.4,11.27,6.08,78.2,80.38
2023-10-25 16:00:00+00:00,33215.6,11.57,5.29,98.1,134.94
2023-10-25 17:00:00+00:00,35598.2,11.21,6.0,55.2,122.44
2023-10-25 18:00:00+00:00,36065.1,10.44,6.97,0.0,125.47
2023-10-25 19:00:00+00:00,33837.0,10.72,6.88,0.0,110.58
2023-10-25 20:00:00+00:00,32013.2,9.91,7.67,0.0,88.13
2023-10-25 21:00:00+00:00,29551.2,9.77,6.86,0.0,83.09
2023-10-25 22:00:00+00:00,26284.9,9.7,7.32,0.0,63.32
2023-10-25 23:00:00+00:00,24716.1,9.7,7.43,0.0,53.72
2023-10-26 00:00:00+00:00,24161.3,9.28,6.79,0.0,-0.76
2023-10-26 01:00:00+00:00,24015.5,8.72,8.4,0.0,58.43
2023-10-26 02:00:00+00:00,23617.0,8.3,8.51,0.0,45.35
2023-10-26 03:00:00+00:00,23622.1,7.98,7.98,0.0,50.68
2023-10-26 04:00:00+00:00,24641.7,6.71,7.94,0.0,56.41
2023-10-26 05:00:00+00:00,25570.5,7.41,7.22,0.0,59.77
2023-10-26 06:00:00+00:00,27408.0,7.99,6.3,0.0,73.9
2023-10-26 07:00:00+00:00,31004.9,9.07,5.98,56.8,85.35
2023-10-26 08:00:00+00:00,31960.4,9.66,5.74,92.6,111.9
2023-10-26 09:00:00+00:00,32271.9,10.78,5.17,161.4,103.15
2023-10-26 10:00:00+00:00,31887.1,10.67,6.24,166.4,108.45
2023-10-26 11:00:00+00:00,31652.2,10.65,5.68,193.9,99.6
2023-10-26 12:00:00+00:00,31867.4,9.77,5.02,157.5,119.12
2023-10-26 13:00:00+00:00,30975.1,10.2,4.19,122.0,101.17
2023-10-26 14:00:00+00:00,30166.0,10.06,3.33,149.4,93.1
2023-10-26 15:00:00+00:00,30558.5,9.67,4.31,101.1,121.92
2023-10-26 16:00:00+00:00,32914.6,9.82,4.65,79.3,128.75
2023-10-26 17:00:00+00:00,34816.9,9.32,5.31,42.7,109.1
2023-10-26 18:00:00+00:00,37061.7,8.04,6.19,0.0,144.08
2023-10-26 19:00:00+00:00,35182.3,9.03,5.97,0.0,136.48
2023-10-26 20:00:00+00:00,33628.7,8.31,7.17,0.0,111.36
2023-10-26 21:00:00+00:00,31482.7,6.92,6.67,0.0,90.56
2023-10-26 22:00:00+00:00,29457.8,5.79,5.83,0.0,93.94
2023-10-26 23:00:00+00:00,27673.6,5.03,6.18,0.0,85.13
2023-10-27 00:00:00+00:00,26989.6,4.23,6.34,0.0,71.24
2023-10-27 01:00:00+00:00,25195.2,4.6,6.48,0.0,73.92
2023-10-27 02:00:00+00:00,24561.1,4.29,7.3,0.0,42.41
2023-10-27 03:00:00+00:00,24950.6,5.34,7.37,0.0,62.22
2023-10-27 04:00:00+00:00,25540.2,5.18,7.6,0.0,82.17
2023-10-27 05:00:00+00:00,26589.5,5.75,8.63,0.0,69.47
2023-10-27 06:00:00+00:00,28618.5,6.85,8.76,0.0,89.43
2023-10-27 07:00:00+00:00,31644.0,8.17,9.05,25.3,88.33
2023-10-27 08:00:00+00:00,32592.9,9.65,7.84,80.7,100.01
2023-10-27 09:00:00+00:00,33227.9,10.2,10.71,127.0,78.6
2023-10-27 10:00:00+00:00,31667.0,10.92,9.28,80.5,80.64
2023-10-27 11:00:00+00:00,31655.0,10.11,8.74,97.0,91.34
2023-10-27 12:00:00+00:00,31062.8,10.61,8.21,128.4,73.96
2023-10-27 13:00:00+00:00,29854.2,11.74,9.8,138.2,75.13
2023-10-27 14:00:00+00:00,29669.1,12.56,9.19,119.8,75.18
2023-10-27 15:00:00+00:00,29910.8,12.57,9.43,158.2,55.57
2023-10-27 16:00:00+00:00,31320.7,13.46,8.86,56.9,96.19
2023-10-27 17:00:00+00:00,33622.1,12.87,7.96,55.0,126.41
2023-10-27 18:00:00+00:00,34803.7,11.91,8.36,0.0,123.13
2023-10-27 19:00:00+00:00,32868.8,10.96,7.73,0.0,86.65
2023-10-27 20:00:00+00:00,31437.9,9.54,7.85,0.0,120.53
2023-10-27 21:00:00+00:00,29101.0,9.13,8.3,0.0,58.19
2023-10-27 22:00:00+00:00,27955.0,8.5,9.73,0.0,48.58
2023-10-27 23:00:00+00:00,26748.8,8.12,8.6,0.0,47.02
2023-10-28 00:00:00+00:00,24183.5,7.08,8.4,0.0,47.5
2023-10-28 01:00:00+00:00,22534.3,6.55,8.25,0.0,21.78
2023-10-28 02:00:00+00:00,23002.7,4.92,8.18,0.0,21.89
2023-10-28 03:00:00+00:00,22331.4,5.06,10.13,0.0,22.82
2023-10-28 04:00:00+00:00,22736.7,5.23,9.84,0.0,26.48
2023-10-28 05:00:00+00:00,23998.7,4.87,7.73,0.0,49.69
2023-10-28 06:00:00+00:00,25637.0,5.31,7.54,0.0,68.3
2023-10-28 07:00:00+00:00,28127.3,5.81,7.42,45.4,90.54
2023-10-28 08:00:00+00:00,29744.1,7.62,7.21,76.1,84.15
2023-10-28 09:00:00+00:00,30682.0,7.76,6.64,106.3,95.47
2023-10-28 10:00:00+00:00,29717.1,8.75,5.62,179.1,82.51
2023-10-28 11:00:00+00:00,30045.5,8.83,7.38,168.6,90.32
2023-10-28 12:00:00+00:00,29469.0,9.15,7.61,172.5,88.89
2023-10-28 13:00:00+00:00,28079.6,9.83,7.43,211.3,57.63
2023-10-28 14:00:00+00:00,27606.9,10.04,9.07,108.3,45.81
2023-10-28 15:00:00+00:00,27417.5,10.17,8.29,128.0,55.03
2023-10-28 16:00:00+00:00,29100.0,10.31,8.69,68.3,68.44
2023-10-28 17:00:00+00:00,31773.2,9.74,7.63,43.8,94.44
2023-10-28 18:00:00+00:00,33132.4,9.83,8.19,0.0,105.02
2023-10-28 19:00:00+00:00,32459.1,9.04,7.24,0.0,103.84
2023-10-28 20:00:00+00:00,31182.4,8.29,7.6,0.0,83.8
2023-10-28 21:00:00+00:00,29589.1,7.75,9.09,0.0,76.31
2023-10-28 22:00:00+00:00,26458.2,7.13,9.06,0.0,62.99
2023-10-28 23:00:00+00:00,24213.6,6.81,7.25,0.0,71.65
2023-10-29 00:00:00+00:00,23918.1,6.24,7.26,0.0,48.91
2023-10-29 01:00:00+00:00,22642.3,6.04,7.62,0.0,44.78
2023-10-29 02:00:00+00:00,22261.2,5.53,8.3,0.0,37.8
2023-10-29 03:00:00+00:00,22614.1,4.78,9.38,0.0,30.13
2023-10-29 04:00:00+00:00,23786.1,4.04,10.46,0.0,31.63
2023-10-29 05:00:00+00:00,25341.6,3.38,10.18,0.0,28.73
2023-10-29 06:00:00+00:00,26617.0,4.98,9.51,0.0,63.12
2023-10-29 07:00:00+00:00,29297.7,4.31,8.51,41.0,83.86
2023-10-29 08:00:00+00:00,30130.5,5.82,8.01,107.2,75.95
2023-10-29 09:00:00+00:00,31322.8,6.15,8.33,99.7,91.03
2023-10-29 10:00:00+00:00,31144.9,7.7,7.21,102.0,73.46
2023-10-29 11:00:00+00:00,31019.7,7.14,6.48,190.0,102.52
2023-10-29 12:00:00+00:00,29815.7,7.7,6.94,111.3,75.96
2023-10-29 13:00:00+00:00,29162.0,9.13,6.44,178.2,75.01
2023-10-29 14:00:00+00:00,28641.2,9.91,6.76,180.4,81.89
2023-10-29 15:00:00+00:00,28595.3,9.84,6.13,137.5,64.34
2023-10-29 16:00:00+00:00,30886.0,8.62,6.4,84.9,90.11
2023-10-29 17:00:00+00:00,33945.0,7.6,5.83,53.7,111.36
2023-10-29 18:00:00+00:00,34461.8,8.05,4.4,0.0,138.74
2023-10-29 19:00:00+00:00,32816.6,7.29,5.28,0.0,109.26
2023-10-29 20:00:00+00:00,31183.9,6.6,4.82,0.0,118.95
2023-10-29 21:00:00+00:00,29478.3,6.06,4.73,0.0,104.15
2023-10-29 22:00:00+00:00,26833.3,4.57,4.31,0.0,72.44
2023-10-29 23:00:00+00:00,25352.3,4.18,4.87,0.0,-1.56
2023-10-30 00:00:00+00:00,26495.1,3.24,5.23,0.0,99.68
2023-10-30 01:00:00+00:00,25803.1,3.03,5.75,0.0,65.02
2023-10-30 02:00:00+00:00,24779.6,2.45,5.38,0.0,64.81
2023-10-30 03:00:00+00:00,24526.4,1.49,5.42,0.0,55.23
2023-10-30 04:00:00+00:00,24107.1,1.44,5.83,0.0,62.92
2023-10-30 05:00:00+00:00,25656.0,2.24,7.09,0.0,76.87
2023-10-30 06:00:00+00:00,27408.1,3.05,7.33,0.0,68.41
2023-10-30 07:00:00+00:00,29937.5,3.78,6.53,33.6,83.06
2023-10-30 08:00:00+00:00,31626.2,5.12,6.76,73.2,111.03
2023-10-30 09:00:00+00:00,32242.3,5.84,6.64,136.0,90.49
2023-10-30 10:00:00+00:00,32498.8,6.72,5.1,183.5,97.46
2023-10-30 11:00:00+00:00,32526.2,7.22,3.75,156.2,111.63
2023-10-30 12:00:00+00:00,32335.6,8.49,3.86,134.9,96.41
2023-10-30 13:00:00+00:00,32158.8,9.19,4.03,104.9,105.54
2023-10-30 14:00:00+00:00,32149.8,9.2,3.95,130.3,131.18
2023-10-30 15:00:00+00:00,32646.5,8.46,4.79,115.6,119.2
2023-10-30 16:00:00+00:00,34084.8,9.1,4.17,63.5,133.9
2023-10-30 17:00:00+00:00,36831.6,8.41,3.23,32.7,157.82
2023-10-30 18:00:00+00:00,36751.3,8.05,2.77,0.0,162.2
2023-10-30 19:00:00+00:00,34870.9,8.9,2.51,0.0,142.0
2023-10-30 20:00:00+00:00,32058.2,8.68,2.69,0.0,127.55
2023-10-30 21:00:00+00:00,29737.8,8.87,2.28,0.0,120.2
2023-10-30 22:00:00+00:00,27314.2,7.75,0.84,0.0,105.04
2023-10-30 23:00:00+00:00,26028.9,7.66,0.0,0.0,119.81
2023-10-31 00:00:00+00:00,25600.4,6.89,0.0,0.0,87.16
2023-10-31 01:00:00+00:00,25169.8,6.6,0.0,0.0,98.36
2023-10-31 02:00:00+00:00,23782.3,7.47,0.0,0.0,104.29
2023-10-31 03:00:00+00:00,23387.7,7.13,0.0,0.0,100.81
2023-10-31 04:00:00+00:00,24272.9,7.18,0.5,0.0,88.48
2023-10-31 05:00:00+00:00,25354.4,6.87,0.75,0.0,101.75
2023-10-31 06:00:00+00:00,27107.2,7.84,1.27,0.0,109.36
2023-10-31 07:00:00+00:00,30441.2,8.06,1.77,30.8,143.14
2023-10-31 08:00:00+00:00,31999.7,9.35,0.23,51.0,129.65
2023-10-31 09:00:00+00:00,33101.5,9.07,1.26,69.6,139.43
2023-10-31 10:00:00+00:00,32797.2,10.14,2.52,78.5,123.93
2023-10-31 11:00:00+00:00,32073.2,10.44,4.18,175.8,123.02
2023-10-31 12:00:00+00:00,31928.0,11.47,3.97,140.4,109.15
2023-10-31 13:00:00+00:00,31381.9,11.9,3.24,111.3,107.12
2023-10-31 14:00:00+00:00,30873.1,11.83,4.49,145.0,108.48
2023-10-31 15:00:00+00:00,31454.2,11.67,5.0,127.5,95.08
2023-10-31 16:00:00+00:00,33266.9,11.04,5.79,100.1,113.55
2023-10-31 17:00:00+00:00,34998.0,11.24,5.34,34.5,135.9
2023-10-31 18:00:00+00:00,36318.0,10.11,5.64,0.0,120.68
2023-10-31 19:00:00+00:00,35926.1,9.33,4.88,0.0,276.06
2023-10-31 20:00:00+00:00,34271.2,8.82,4.98,0.0,148.37
2023-10-31 21:00:00+00:00,32018.1,9.0,4.81,0.0,118.87
2023-10-31 22:00:00+00:00,29271.6,8.19,6.76,0.0,78.31
2023-10-31 23:00:00+00:00,27160.1,7.29,7.2,0.0,76.08
2023-11-01 00:00:00+00:00,26093.5,6.68,5.5,0.0,58.65
2023-11-01 01:00:00+00:00,25314.9,4.93,5.58,0.0,73.97
2023-11-01 02:00:00+00:00,25185.1,3.92,5.94,0.0,73.54
2023-11-01 03:00:00+00:00,25127.1,3.62,5.62,0.0,70.08
2023-11-01 04:00:00+00:00,24932.3,3.33,4.83,0.0,66.62
2023-11-01 05:00:00+00:00,26144.5,2.72,5.45,0.0,95.85
2023-11-01 06:00:00+00:00,28180.1,3.78,4.78,0.0,90.51
2023-11-01 07:00:00+00:00,31251.5,4.62,5.34,36.9,87.65
2023-11-01 08:00:00+00:00,33052.9,5.48,4.6,77.1,116.81
2023-11-01 09:00:00+00:00,33082.2,5.88,4.31,64.6,132.84
2023-11-01 10:00:00+00:00,32328.0,6.76,5.19,122.5,123.87
2023-11-01 11:00:00+00:00,31405.0,7.85,5.66,90.7,74.92
2023-11-01 12:00:00+00:00,31529.0,8.36,5.75,143.7,89.96
2023-11-01 13:00:00+00:00,30549.9,9.15,5.79,88.8,92.43
2023-11-01 14:00:00+00:00,30501.3,9.01,5.92,108.7,95.4
2023-11-01 15:00:00+00:00,31019.2,9.22,5.36,139.9,84.03
2023-11-01 16:00:00+00:00,33182.8,9.85,4.25,41.1,129.26
2023-11-01 17:00:00+00:00,34787.1,10.32,4.84,29.7,140.29
2023-11-01 18:00:00+00:00,36164.4,10.64,6.14,0.0,125.53
2023-11-01 19:00:00+00:00,35037.6,10.17,6.66,0.0,124.35
2023-11-01 20:00:00+00:00,33860.7,9.44,6.87,0.0,124.74
2023-11-01 21:00:00+00:00,32566.2,8.37,5.93,0.0,131.59
2023-11-01 22:00:00+00:00,30615.5,6.49,6.67,0.0,108.76
2023-11-01 23:00:00+00:00,28793.3,4.98,7.07,0.0,79.93
2023-11-02 00:00:00+00:00,28058.8,4.16,7.66,0.0,82.08
2023-11-02 01:00:00+00:00,26372.5,3.66,8.43,0.0,60.89
2023-11-02 02:00:00+00:00,25608.2,4.25,9.6,0.0,44.85
2023-11-02 03:00:00+00:00,24657.2,4.96,8.6,0.0,57.01
2023-11-02 04:00:00+00:00,24997.0,4.64,7.51,0.0,64.82
2023-11-02 05:00:00+00:00,24956.8,5.43,7.6,0.0,59.16
2023-11-02 06:00:00+00:00,27481.8,5.61,6.85,0.0,88.46
2023-11-02 07:00:00+00:00,30337.3,6.64,6.0,48.6,93.83
2023-11-02 08:00:00+00:00,31587.4,7.84,7.0,74.7,95.95
2023-11-02 09:00:00+00:00,31744.4,9.33,6.22,81.5,103.55
2023-11-02 10:00:00+00:00,31230.3,9.76,6.25,84.2,101.35
2023-11-02 11:00:00+00:00,30997.3,11.06,5.01,133.3,90.65
2023-11-02 12:00:00+00:00,31016.7,10.5,5.16,81.6,121.79
2023-11-02 13:00:00+00:00,31029.7,11.73,6.17,115.4,101.8
2023-11-02 14:00:00+00:00,30627.7,11.97,7.16,122.9,86.79
2023-11-02 15:00:00+00:00,30937.9,12.03,7.97,103.3,85.91
2023-11-02 16:00:00+00:00,32899.1,10.66,7.86,66.2,99.95
2023-11-02 17:00:00+00:00,35964.3,10.13,8.69,50.3,130.4
2023-11-02 18:00:00+00:00,36374.8,10.47,8.94,0.0,130.09
2023-11-02 19:00:00+00:00,35898.5,9.57,8.5,0.0,126.38
2023-11-02 20:00:00+00:00,34448.4,9.27,8.72,0.0,134.9
2023-11-02 21:00:00+00:00,32075.9,8.49,9.33,0.0,98.53
2023-11-02 22:00:00+00:00,29388.6,8.32,8.18,0.0,73.73
2023-11-02 23:00:00+00:00,27354.7,7.67,7.29,0.0,82.72
2023-11-03 00:00:00+00:00,26010.1,6.32,7.16,0.0,73.27
2023-11-03 01:00:00+00:00,25194.2,5.85,6.2,0.0,82.12
2023-11-03 02:00:00+00:00,24387.6,6.48,5.27,0.0,75.86
2023-11-03 03:00:00+00:00,24356.8,6.62,5.03,0.0,70.91
2023-11-03 04:00:00+00:00,24606.4,6.59,5.9,0.0,75.94
2023-11-03 05:00:00+00:00,25566.0,8.19,6.72,0.0,50.85
2023-11-03 06:00:00+00:00,27435.9,9.26,6.98,0.0,82.24
2023-11-03 07:00:00+00:00,29893.9,10.26,7.13,47.2,93.74
2023-11-03 08:00:00+00:00,31390.8,11.05,8.75,76.0,72.82
2023-11-03 09:00:00+00:00,31877.6,12.13,8.24,124.7,89.56
2023-11-03 10:00:00+00:00,31192.4,13.23,8.37,128.3,76.64
2023-11-03 11:00:00+00:00,31531.2,12.5,7.84,130.4,83.63
2023-11-03 12:00:00+00:00,30492.1,13.25,6.79,186.2,92.66
2023-11-03 13:00:00+00:00,29616.9,13.53,7.73,98.4,69.1
2023-11-03 14:00:00+00:00,28520.3,13.42,7.45,153.2,68.12
2023-11-03 15:00:00+00:00,28877.5,13.32,7.97,91.2,64.92
2023-11-03 16:00:00+00:00,30765.5,12.2,7.73,55.9,91.61
2023-11-03 17:00:00+00:00,34195.2,10.77,8.67,35.4,109.69
2023-11-03 18:00:00+00:00,35366.5,11.02,7.81,0.0,107.7
2023-11-03 19:00:00+00:00,34624.8,10.63,8.68,0.0,108.02
2023-11-03 20:00:00+00:00,34057.9,8.42,9.29,0.0,102.83
2023-11-03 21:00:00+00:00,32116.4,7.29,7.77,0.0,102.42
2023-11-03 22:00:00+00:00,29333.7,7.05,7.33,0.0,96.44
2023-11-03 23:00:00+00:00,28039.6,6.15,8.11,0.0,65.4
2023-11-04 00:00:00+00:00,24388.0,6.14,9.34,0.0,42.37
2023-11-04 01:00:00+00:00,22838.3,6.27,9.78,0.0,47.86
2023-11-04 02:00:00+00:00,22701.5,5.11,9.33,0.0,44.19
2023-11-04 03:00:00+00:00,22241.3,4.91,8.46,0.0,28.7
2023-11-04 04:00:00+00:00,23611.1,4.73,8.83,0.0,43.4
2023-11-04 05:00:00+00:00,24771.6,4.19,8.4,0.0,57.95
2023-11-04 06:00:00+00:00,27223.8,3.81,8.03,0.0,79.38
2023-11-04 07:00:00+00:00,30459.8,3.99,7.81,26.9,92.41
2023-11-04 08:00:00+00:00,32974.5,4.39,8.46,89.8,100.36
2023-11-04 09:00:00+00:00,32794.6,5.4,9.8,115.6,90.43
2023-11-04 10:00:00+00:00,31181.8,6.87,10.46,74.1,76.27
2023-11-04 11:00:00+00:00,30437.3,7.94,10.29,136.2,51.94
2023-11-04 12:00:00+00:00,28955.8,9.04,9.43,122.9,59.5
2023-11-04 13:00:00+00:00,28154.6,9.37,9.83,123.8,69.86
2023-11-04 14:00:00+00:00,28441.9,10.05,10.99,101.9,63.14
2023-11-04 15:00:00+00:00,28376.2,10.07,11.57,93.6,51.42
2023-11-04 16:00:00+00:00,29915.5,9.72,11.51,58.2,61.28
2023-11-04 17:00:00+00:00,32529.9,10.57,10.9,33.3,77.06
2023-11-04 18:00:00+00:00,34096.4,8.68,10.97,0.0,87.22
2023-11-04 19:00:00+00:00,33850.4,6.96,11.68,0.0,100.06
2023-11-04 20:00:00+00:00,31726.2,6.53,11.63,0.0,74.96
2023-11-04 21:00:00+00:00,30227.0,5.64,11.31,0.0,73.77
2023-11-04 22:00:00+00:00,27656.4,4.06,10.56,0.0,83.52
2023-11-04 23:00:00+00:00,25997.3,2.78,12.41,0.0,40.54
2023-11-05 00:00:00+00:00,25319.2,1.57,11.44,0.0,33.15
2023-11-05 01:00:00+00:00,24006.5,1.73,10.45,0.0,46.91
2023-11-05 02:00:00+00:00,24476.6,2.25,10.41,0.0,51.98
2023-11-05 03:00:00+00:00,24163.3,3.2,10.08,0.0,21.68
2023-11-05 04:00:00+00:00,25039.2,2.38,10.72,0.0,55.35
2023-11-05 05:00:00+00:00,26104.0,1.92,11.36,0.0,36.78
2023-11-05 06:00:00+00:00,27820.4,1.62,10.2,0.0,78.54
2023-11-05 07:00:00+00:00,30991.2,3.12,9.45,36.8,95.59
2023-11-05 08:00:00+00:00,31501.4,4.17,8.64,71.4,89.06
2023-11-05 09:00:00+00:00,31531.7,5.07,9.17,117.7,73.29
2023-11-05 10:00:00+00:00,31480.8,6.05,9.4,112.3,91.59
2023-11-05 11:00:00+00:00,32069.0,6.8,8.99,172.7,86.19
2023-11-05 12:00:00+00:00,32313.9,6.81,9.06,179.3,74.87
2023-11-05 13:00:00+00:00,31321.5,7.67,8.07,107.6,92.37
2023-11-05 14:00:00+00:00,31559.9,7.92,7.44,149.0,77.71
2023-11-05 15:00:00+00:00,31387.8,7.37,6.4,85.5,100.84
2023-11-05 16:00:00+00:00,32942.6,7.7,6.54,91.2,109.17
2023-11-05 17:00:00+00:00,35883.0,7.22,6.68,45.9,131.26
2023-11-05 18:00:00+00:00,35880.5,6.96,5.92,0.0,145.94
2023-11-05 19:00:00+00:00,34616.4,6.34,6.31,0.0,119.23
2023-11-05 20:00:00+00:00,32589.3,6.23,7.17,0.0,100.97
2023-11-05 21:00:00+00:00,30722.2,5.64,6.35,0.0,100.84
2023-11-05 22:00:00+00:00,28152.8,4.38,6.13,0.0,94.51
2023-11-05 23:00:00+00:00,26678.1,3.91,6.58,0.0,73.0
2023-11-06 00:00:00+00:00,27915.7,3.43,6.59,0.0,66.37
2023-11-06 01:00:00+00:00,26425.9,3.31,5.54,0.0,76.55
2023-11-06 02:00:00+00:00,26018.8,3.67,5.27,0.0,79.8
2023-11-06 03:00:00+00:00,26411.6,3.22,4.98,0.0,74.32
2023-11-06 04:00:00+00:00,26001.8,3.75,4.95,0.0,56.31
2023-11-06 05:00:00+00:00,27608.1,3.03,4.95,0.0,92.56
2023-11-06 06:00:00+00:00,30341.6,3.48,6.28,0.0,85.59
2023-11-06 07:00:00+00:00,33562.5,3.98,6.15,33.1,125.99
2023-11-06 08:00:00+00:00,34368.7,5.63,4.85,50.0,149.99
2023-11-06 09:00:00+00:00,34957.0,6.33,5.03,79.1,118.48
2023-11-06 10:00:00+00:00,34127.3,7.5,6.5,114.6,115.49
2023-11-06 11:00:00+00:00,34116.9,7.18,6.39,95.0,116.89
2023-11-06 12:00:00+00:00,33077.9,7.63,6.08,157.2,89.52
2023-11-06 13:00:00+00:00,31665.7,7.65,5.89,94.0,77.75
2023-11-06 14:00:00+00:00,30943.7,9.5,6.4,94.2,81.31
2023-11-06 15:00:00+00:00,31730.9,9.22,6.19,99.8,97.3
2023-11-06 16:00:00+00:00,33768.6,9.19,5.04,74.1,144.98
2023-11-06 17:00:00+00:00,35739.1,8.99,4.61,29.8,143.64
2023-11-06 18:00:00+00:00,36025.1,7.58,4.68,0.0,132.56
2023-11-06 19:00:00+00:00,35448.7,6.7,5.22,0.0,126.12
2023-11-06 20:00:00+00:00,34241.8,6.28,4.85,0.0,122.95
2023-11-06 21:00:00+00:00,31475.6,5.6,4.73,0.0,95.08
2023-11-06 22:00:00+00:00,29854.3,3.49,4.88,0.0,94.49
2023-11-06 23:00:00+00:00,28123.2,2.51,4.37,0.0,100.27
2023-11-07 00:00:00+00:00,27229.6,2.47,4.43,0.0,87.71
2023-11-07 01:00:00+00:00,26771.8,2.42,4.93,0.0,80.48
2023-11-07 02:00:00+00:00,25857.0,2.91,4.1,0.0,91.86
2023-11-07 03:00:00+00:00,25581.2,2.26,4.49,0.0,68.53
2023-11-07 04:00:00+00:00,25753.5,3.18,3.76,0.0,89.04
2023-11-07 05:00:00+00:00,25885.8,3.48,3.09,0.0,77.79
2023-11-07 06:00:00+00:00,28301.1,4.94,2.76,0.0,113.73
2023-11-07 07:00:00+00:00,31619.8,5.56,4.04,33.8,116.64
2023-11-07 08:00:00+00:00,33582.4,5.06,2.85,84.3,132.22
2023-11-07 09:00:00+00:00,33456.3,6.38,2.69,84.2,129.32
2023-11-07 10:00:00+00:00,33147.1,6.91,2.89,122.4,130.45
2023-11-07 11:00:00+00:00,32563.3,7.44,4.01,135.9,105.97
2023-11-07 12:00:00+00:00,32377.5,7.22,5.68,148.3,113.57
2023-11-07 13:00:00+00:00,30553.2,8.73,5.42,169.8,89.83
2023-11-07 14:00:00+00:00,30615.3,8.74,5.92,134.9,97.51
2023-11-07 15:00:00+00:00,30446.2,9.82,5.9,53.0,104.16
2023-11-07 16:00:00+00:00,32509.5,9.47,5.87,78.4,100.59
2023-11-07 17:00:00+00:00,35063.1,8.63,6.14,45.7,129.4
2023-11-07 18:00:00+00:00,36130.1,8.97,4.95,0.0,133.17
2023-11-07 19:00:00+00:00,35546.3,8.31,5.01,0.0,120.86
2023-11-07 20:00:00+00:00,33761.2,7.56,5.46,0.0,125.54
2023-11-07 21:00:00+00:00,31437.5,6.02,4.87,0.0,134.52
2023-11-07 22:00:00+00:00,29517.3,5.0,5.33,0.0,92.3
2023-11-07 23:00:00+00:00,28046.3,4.57,4.06,0.0,101.99
2023-11-08 00:00:00+00:00,27429.8,3.07,4.28,0.0,100.18
2023-11-08 01:00:00+00:00,26205.4,2.32,5.47,0.0,66.64
2023-11-08 02:00:00+00:00,25869.4,1.83,5.37,0.0,70.55
2023-11-08 03:00:00+00:00,26029.0,1.83,4.69,0.0,93.88
2023-11-08 04:00:00+00:00,25785.9,2.89,3.69,0.0,91.87
2023-11-08 05:00:00+00:00,27567.1,3.04,4.16,0.0,94.17
2023-11-08 06:00:00+00:00,29526.9,3.14,5.03,0.0,84.77
2023-11-08 07:00:00+00:00,31152.9,5.46,5.09,23.7,102.52
2023-11-08 08:00:00+00:00,32742.7,5.92,4.82,46.4,122.85
2023-11-08 09:00:00+00:00,32250.4,6.59,3.42,110.0,86.24
2023-11-08 10:00:00+00:00,32273.7,7.16,3.69,97.4,125.35
2023-11-08 11:00:00+00:00,31802.6,7.73,3.32,116.6,126.35
2023-11-08 12:00:00+00:00,31737.0,8.42,3.01,110.1,134.79
2023-11-08 13:00:00+00:00,30057.4,9.47,4.47,85.0,113.35
2023-11-08 14:00:00+00:00,30119.3,10.01,3.19,99.1,110.9
2023-11-08 15:00:00+00:00,30316.9,10.75,2.08,68.5,124.08
2023-11-08 16:00:00+00:00,32715.0,11.25,2.5,50.0,126.15
2023-11-08 17:00:00+00:00,35038.1,11.04,2.43,23.3,140.46
2023-11-08 18:00:00+00:00,36153.2,10.74,2.25,0.0,159.68
2023-11-08 19:00:00+00:00,34869.7,10.73,2.7,0.0,136.94
2023-11-08 20:00:00+00:00,32294.8,9.27,3.12,0.0,123.21
2023-11-08 21:00:00+00:00,30529.6,9.95,2.55,0.0,141.86
2023-11-08 22:00:00+00:00,28491.3,8.77,2.31,0.0,101.62
2023-11-08 23:00:00+00:00,26494.5,7.76,2.58,0.0,97.93
2023-11-09 00:00:00+00:00,25954.3,6.21,2.93,0.0,74.18
2023-11-09 01:00:00+00:00,25841.7,4.98,3.52,0.0,78.39
2023-11-09 02:00:00+00:00,24956.7,5.24,3.23,0.0,74.69
2023-11-09 03:00:00+00:00,24245.6,6.46,3.69,0.0,74.82
2023-11-09 04:00:00+00:00,23760.9,6.14,4.6,0.0,59.46
2023-11-09 05:00:00+00:00,24584.6,6.58,4.76,0.0,69.49
2023-11-09 06:00:00+00:00,27316.9,7.12,4.79,0.0,83.47
2023-11-09 07:00:00+00:00,30467.7,8.27,4.72,42.0,102.83
2023-11-09 08:00:00+00:00,31609.0,10.23,4.35,46.3,96.68
2023-11-09 09:00:00+00:00,31853.6,11.79,3.75,113.9,97.54
2023-11-09 10:00:00+00:00,31417.8,12.28,3.68,110.1,118.97
2023-11-09 11:00:00+00:00,30763.6,13.18,4.19,122.7,97.8
2023-11-09 12:00:00+00:00,29643.7,14.03,3.64,107.8,102.86
2023-11-09 13:00:00+00:00,28784.8,14.34,3.75,103.7,99.34
2023-11-09 14:00:00+00:00,28772.8,13.83,3.76,86.4,97.28
2023-11-09 15:00:00+00:00,28649.0,13.33,5.31,99.8,205.51
2023-11-09 16:00:00+00:00,31556.0,13.81,5.96,71.0,81.92
2023-11-09 17:00:00+00:00,33468.8,14.14,6.57,31.3,109.33
2023-11-09 18:00:00+00:00,34772.8,13.39,7.31,0.0,119.93
2023-11-09 19:00:00+00:00,32940.3,12.79,6.87,0.0,124.93
2023-11-09 20:00:00+00:00,29647.7,12.65,7.95,0.0,105.04
2023-11-09 21:00:00+00:00,29423.6,10.7,8.03,0.0,87.06
2023-11-09 22:00:00+00:00,27627.3,9.54,7.94,0.0,72.41
2023-11-09 23:00:00+00:00,24808.6,9.92,6.94,0.0,60.89
2023-11-10 00:00:00+00:00,23694.4,9.21,6.63,0.0,56.19
2023-11-10 01:00:00+00:00,24232.9,7.92,5.27,0.0,60.4
2023-11-10 02:00:00+00:00,24047.5,7.57,5.16,0.0,80.28
2023-11-10 03:00:00+00:00,22445.4,7.97,4.8,0.0,54.91
2023-11-10 04:00:00+00:00,23346.0,6.42,4.6,0.0,68.97
2023-11-10 05:00:00+00:00,24577.9,6.74,3.64,0.0,81.41
2023-11-10 06:00:00+00:00,27355.5,6.91,4.36,0.0,67.56
2023-11-10 07:00:00+00:00,30635.1,6.48,4.95,24.5,95.35
2023-11-10 08:00:00+00:00,31471.5,7.21,6.38,43.3,105.08
2023-11-10 09:00:00+00:00,31769.9,7.87,7.71,106.5,104.1
2023-11-10 10:00:00+00:00,31328.9,8.59,7.79,129.6,88.87
2023-11-10 11:00:00+00:00,31459.5,9.07,8.55,109.7,91.85
2023-11-10 12:00:00+00:00,31075.8,9.05,8.68,88.6,72.63
2023-11-10 13:00:00+00:00,30551.3,8.65,8.26,106.4,81.84
2023-11-10 14:00:00+00:00,30357.9,8.55,7.98,136.0,68.03
2023-11-10 15:00:00+00:00,30197.1,9.2,8.43,100.9,86.68
2023-11-10 16:00:00+00:00,32872.6,9.25,11.56,72.7,80.56
2023-11-10 17:00:00+00:00,35941.1,8.92,12.24,35.0,114.92
2023-11-10 18:00:00+00:00,37710.5,7.83,12.17,0.0,110.86
2023-11-10 19:00:00+00:00,35803.7,7.01,12.29,0.0,83.2
2023-11-10 20:00:00+00:00,33937.1,6.76,12.4,0.0,90.49
2023-11-10 21:00:00+00:00,32317.4,6.31,12.06,0.0,74.74
2023-11-10 22:00:00+00:00,29747.2,5.26,12.4,0.0,71.6
2023-11-10 23:00:00+00:00,28288.1,2.99,12.01,0.0,48.16
2023-11-11 00:00:00+00:00,24964.4,1.9,10.96,0.0,53.63
2023-11-11 01:00:00+00:00,23546.6,1.21,11.14,0.0,17.76
2023-11-11 02:00:00+00:00,23981.1,0.45,11.42,0.0,46.9
2023-11-11 03:00:00+00:00,24331.8,0.19,11.08,0.0,22.97
2023-11-11 04:00:00+00:00,24236.7,0.89,11.12,0.0,28.04
2023-11-11 05:00:00+00:00,25311.4,1.25,11.67,0.0,46.21
2023-11-11 06:00:00+00:00,27005.2,2.4,11.39,0.0,72.47
2023-11-11 07:00:00+00:00,31223.0,2.17,10.82,34.2,77.82
2023-11-11 08:00:00+00:00,32454.0,2.8,10.08,46.8,73.45
2023-11-11 09:00:00+00:00,32860.4,2.5,9.72,100.6,64.58
2023-11-11 10:00:00+00:00,32551.6,3.14,10.79,57.5,92.97
2023-11-11 11:00:00+00:00,31581.5,3.36,10.44,62.4,95.62
2023-11-11 12:00:00+00:00,30943.2,4.89,10.55,93.0,83.45
2023-11-11 13:00:00+00:00,30741.6,5.73,10.12,130.0,72.66
2023-11-11 14:00:00+00:00,29910.2,6.74,9.64,134.9,60.57
2023-11-11 15:00:00+00:00,30559.5,6.67,8.82,66.9,86.55
2023-11-11 16:00:00+00:00,31612.2,6.04,8.81,58.9,91.89
2023-11-11 17:00:00+00:00,33991.9,5.21,8.32,17.6,128.08
2023-11-11 18:00:00+00:00,35171.9,5.01,9.25,0.0,116.8
2023-11-11 19:00:00+00:00,32741.8,5.58,9.05,0.0,106.97
2023-11-11 20:00:00+00:00,31204.5,5.18,8.91,0.0,88.43
2023-11-11 21:00:00+00:00,29502.3,4.24,8.68,0.0,70.82
2023-11-11 22:00:00+00:00,27719.4,3.42,8.88,0.0,68.48
2023-11-11 23:00:00+00:00,26181.0,2.75,9.95,0.0,29.66
2023-11-12 00:00:00+00:00,24811.6,3.29,8.99,0.0,50.63
2023-11-12 01:00:00+00:00,22430.2,3.58,9.11,0.0,39.03
2023-11-12 02:00:00+00:00,21707.2,3.45,7.78,0.0,33.16
2023-11-12 03:00:00+00:00,22000.1,3.41,8.7,0.0,39.11
2023-11-12 04:00:00+00:00,21791.2,3.69,8.53,0.0,45.97
2023-11-12 05:00:00+00:00,22640.8,4.28,7.28,0.0,48.33
2023-11-12 06:00:00+00:00,25103.6,4.5,6.27,0.0,66.31
2023-11-12 07:00:00+00:00,28219.3,4.61,6.94,16.7,77.21
2023-11-12 08:00:00+00:00,30108.5,5.96,5.64,63.6,93.54
2023-11-12 09:00:00+00:00,30675.5,6.74,5.93,70.1,117.26
2023-11-12 10:00:00+00:00,29977.8,8.07,5.65,97.2,84.94
2023-11-12 11:00:00+00:00,28411.7,9.76,5.56,104.0,77.12
2023-11-12 12:00:00+00:00,29424.3,10.64,5.11,89.3,102.52
2023-11-12 13:00:00+00:00,28543.8,11.27,4.46,70.9,84.9
2023-11-12 14:00:00+00:00,27786.8,13.42,4.2,98.4,96.26
2023-11-12 15:00:00+00:00,26852.5,13.52,4.79,101.7,69.1
2023-11-12 16:00:00+00:00,28936.2,12.64,4.67,66.5,94.03
2023-11-12 17:00:00+00:00,31494.6,12.07,5.12,38.9,118.36
2023-11-12 18:00:00+00:00,32186.1,12.43,5.02,0.0,104.26
2023-11-12 19:00:00+00:00,31764.4,10.92,5.6,0.0,118.21
2023-11-12 20:00:00+00:00,30077.8,9.65,5.99,0.0,107.65
2023-11-12 21:00:00+00:00,27920.8,9.47,5.62,0.0,85.05
2023-11-12 22:00:00+00:00,25997.5,8.44,4.94,0.0,92.64
2023-11-12 23:00:00+00:00,24614.9,7.56,5.79,0.0,65.21
2023-11-13 00:00:00+00:00,25195.1,7.38,5.22,0.0,72.5
2023-11-13 01:00:00+00:00,24976.3,6.38,5.7,0.0,76.78
2023-11-13 02:00:00+00:00,24630.0,5.12,5.79,0.0,79.4
2023-11-13 03:00:00+00:00,24738.3,4.13,5.49,0.0,41.07
2023-11-13 04:00:00+00:00,25623.0,4.56,5.9,0.0,51.6
2023-11-13 05:00:00+00:00,27894.7,4.98,7.02,0.0,67.1
2023-11-13 06:00:00+00:00,30174.2,5.0,7.51,0.0,97.26
2023-11-13 07:00:00+00:00,32127.9,4.9,7.59,20.4,103.07
2023-11-13 08:00:00+00:00,33503.4,5.46,8.83,49.8,81.48
2023-11-13 09:00:00+00:00,34284.3,6.91,7.43,66.3,130.78
2023-11-13 10:00:00+00:00,33896.0,7.16,6.53,106.2,116.68
2023-11-13 11:00:00+00:00,33719.1,7.49,6.19,65.3,112.12
2023-11-13 12:00:00+00:00,33641.1,7.4,7.34,121.1,109.04
2023-11-13 13:00:00+00:00,32399.3,7.69,8.06,100.4,91.05
2023-11-13 14:00:00+00:00,32636.8,8.23,6.67,73.7,115.97
2023-11-13 15:00:00+00:00,32339.8,9.63,6.34,47.3,120.4
2023-11-13 16:00:00+00:00,33875.9,9.64,5.34,33.0,138.25
2023-11-13 17:00:00+00:00,36140.0,9.3,5.39,37.0,140.46
2023-11-13 18:00:00+00:00,36361.5,9.33,6.18,0.0,136.46
2023-11-13 19:00:00+00:00,34587.4,9.1,6.98,0.0,130.71
2023-11-13 20:00:00+00:00,32514.4,7.99,7.19,0.0,123.79
2023-11-13 21:00:00+00:00,31363.0,8.56,6.85,0.0,99.12
2023-11-13 22:00:00+00:00,29667.3,7.7,6.78,0.0,106.48
2023-11-13 23:00:00+00:00,27494.6,7.06,7.33,0.0,70.44
2023-11-14 00:00:00+00:00,27265.7,6.58,9.15,0.0,56.89
2023-11-14 01:00:00+00:00,26612.6,6.23,8.11,0.0,70.13
2023-11-14 02:00:00+00:00,25238.3,6.77,9.3,0.0,44.39
2023-11-14 03:00:00+00:00,25223.0,6.21,9.38,0.0,32.28
2023-11-14 04:00:00+00:00,24851.7,6.69,9.9,0.0,44.3
2023-11-14 05:00:00+00:00,26316.5,6.98,9.9,0.0,79.19
2023-11-14 06:00:00+00:00,28412.2,7.95,10.85,0.0,43.86
2023-11-14 07:00:00+00:00,30907.1,8.32,10.92,32.2,83.41
2023-11-14 08:00:00+00:00,31897.4,8.73,10.21,45.1,81.02
2023-11-14 09:00:00+00:00,32076.1,9.84,10.41,93.4,73.09
2023-11-14 10:00:00+00:00,31993.8,10.72,11.12,108.4,66.26
2023-11-14 11:00:00+00:00,32215.0,10.84,10.91,88.1,79.57
2023-11-14 12:00:00+00:00,31558.9,12.17,9.09,80.1,82.24
2023-11-14 13:00:00+00:00,30909.4,12.97,8.9,88.5,87.65
2023-11-14 14:00:00+00:00,30008.8,13.1,8.88,78.2,99.14
2023-11-14 15:00:00+00:00,29429.5,12.8,8.75,102.7,74.81
2023-11-14 16:00:00+00:00,30560.8,12.81,8.28,57.9,78.97
2023-11-14 17:00:00+00:00,33064.4,12.79,9.25,30.7,100.71
2023-11-14 18:00:00+00:00,34416.3,11.24,7.28,0.0,111.33
2023-11-14 19:00:00+00:00,33282.0,10.76,7.34,0.0,106.02
2023-11-14 20:00:00+00:00,31874.3,10.33,7.41,0.0,94.99
2023-11-14 21:00:00+00:00,31021.2,8.04,9.02,0.0,97.48
2023-11-14 22:00:00+00:00,27856.6,7.33,8.91,0.0,78.31
2023-11-14 23:00:00+00:00,27582.5,6.96,9.16,0.0,64.83
2023-11-15 00:00:00+00:00,26683.0,6.5,9.15,0.0,46.62
2023-11-15 01:00:00+00:00,25564.7,6.43,9.12,0.0,45.8
2023-11-15 02:00:00+00:00,25033.5,5.84,10.39,0.0,44.2
2023-11-15 03:00:00+00:00,24858.1,5.03,9.35,0.0,60.93
2023-11-15 04:00:00+00:00,26027.6,4.0,8.71,0.0,29.41
2023-11-15 05:00:00+00:00,26321.4,4.93,9.22,0.0,61.16
2023-11-15 06:00:00+00:00,28530.5,5.78,9.31,0.0,78.24
2023-11-15 07:00:00+00:00,31700.4,7.05,8.97,15.9,98.18
2023-11-15 08:00:00+00:00,33343.5,7.26,8.82,59.1,105.92
2023-11-15 09:00:00+00:00,33572.7,8.46,9.44,85.7,105.45
2023-11-15 10:00:00+00:00,32852.6,8.26,9.7,78.5,87.41
2023-11-15 11:00:00+00:00,32860.2,8.42,9.01,132.9,97.03
2023-11-15 12:00:00+00:00,32394.0,9.09,9.09,128.1,68.12
2023-11-15 13:00:00+00:00,31331.7,9.94,8.95,87.2,79.49
2023-11-15 14:00:00+00:00,30807.3,11.21,9.22,67.3,84.23
2023-11-15 15:00:00+00:00,30515.7,11.1,8.86,54.3,76.99
2023-11-15 16:00:00+00:00,33393.7,10.41,7.82,38.7,95.77
2023-11-15 17:00:00+00:00,37279.2,9.52,8.3,28.4,120.91
2023-11-15 18:00:00+00:00,37871.8,8.6,8.67,0.0,137.61
2023-11-15 19:00:00+00:00,36381.7,9.3,9.69,0.0,115.41
2023-11-15 20:00:00+00:00,34030.4,8.98,8.53,0.0,108.3
2023-11-15 21:00:00+00:00,31208.5,8.81,8.4,0.0,96.34
2023-11-15 22:00:00+00:00,29696.7,7.8,8.15,0.0,87.46
2023-11-15 23:00:00+00:00,27895.1,7.0,7.78,0.0,90.6
2023-11-16 00:00:00+00:00,27003.4,6.61,6.53,0.0,89.09
2023-11-16 01:00:00+00:00,26843.0,5.74,5.72,0.0,84.98
2023-11-16 02:00:00+00:00,26397.5,5.2,6.0,0.0,73.79
2023-11-16 03:00:00+00:00,26128.7,4.62,5.66,0.0,90.36
2023-11-16 04:00:00+00:00,25836.4,4.41,5.08,0.0,95.07
2023-11-16 05:00:00+00:00,26388.6,4.7,6.29,0.0,59.62
2023-11-16 06:00:00+00:00,28748.8,4.64,8.19,0.0,78.15
2023-11-16 07:00:00+00:00,31298.5,5.41,8.08,28.3,90.93
2023-11-16 08:00:00+00:00,33119.7,6.27,6.85,45.4,99.52
2023-11-16 09:00:00+00:00,32962.0,6.91,7.17,87.8,98.46
2023-11-16 10:00:00+00:00,32595.0,7.16,5.53,121.5,103.88
2023-11-16 11:00:00+00:00,32064.4,7.93,4.55,97.1,122.21
2023-11-16 12:00:00+00:00,31811.3,8.23,5.0,96.3,93.76
2023-11-16 13:00:00+00:00,31134.2,8.73,4.01,112.8,110.17
2023-11-16 14:00:00+00:00,30448.2,9.68,3.93,104.8,96.88
2023-11-16 15:00:00+00:00,30720.5,9.01,2.92,43.8,128.4
2023-11-16 16:00:00+00:00,32451.0,10.21,3.17,47.0,125.94
2023-11-16 17:00:00+00:00,35577.6,9.82,4.24,25.7,148.81
2023-11-16 18:00:00+00:00,36651.5,9.55,3.9,0.0,150.5
2023-11-16 19:00:00+00:00,35233.1,8.44,4.04,0.0,124.07
2023-11-16 20:00:00+00:00,32283.6,8.37,3.55,0.0,119.93
2023-11-16 21:00:00+00:00,31434.9,7.47,3.14,0.0,139.56
2023-11-16 22:00:00+00:00,29338.5,6.41,2.68,0.0,118.02
2023-11-16 23:00:00+00:00,28553.5,5.3,3.51,0.0,123.14
2023-11-17 00:00:00+00:00,28325.1,4.37,2.58,0.0,122.08
2023-11-17 01:00:00+00:00,27337.2,4.13,2.54,0.0,94.83
2023-11-17 02:00:00+00:00,26984.8,3.9,3.09,0.0,82.75
2023-11-17 03:00:00+00:00,26838.5,3.75,3.99,0.0,101.28
2023-11-17 04:00:00+00:00,26854.7,3.4,4.49,0.0,97.98
2023-11-17 05:00:00+00:00,27370.2,3.22,4.56,0.0,90.6
2023-11-17 06:00:00+00:00,29968.8,3.42,4.23,0.0,93.02
2023-11-17 07:00:00+00:00,31797.0,4.32,5.1,14.7,107.44
2023-11-17 08:00:00+00:00,33020.6,5.44,4.51,39.1,123.22
2023-11-17 09:00:00+00:00,32917.0,6.69,3.97,60.4,130.06
2023-11-17 10:00:00+00:00,32992.7,7.44,5.18,96.7,103.67
2023-11-17 11:00:00+00:00,32475.3,8.36,5.55,126.1,116.7
2023-11-17 12:00:00+00:00,31704.3,8.85,5.93,73.8,111.45
2023-11-17 13:00:00+00:00,31201.7,8.26,6.46,116.7,102.67
2023-11-17 14:00:00+00:00,31802.9,8.43,6.41,100.5,104.9
2023-11-17 15:00:00+00:00,31686.3,8.32,5.31,60.0,85.99
2023-11-17 16:00:00+00:00,33658.8,7.61,5.6,28.4,123.41
2023-11-17 17:00:00+00:00,36554.4,7.0,5.65,15.0,134.45
2023-11-17 18:00:00+00:00,37571.8,6.64,5.05,0.0,154.55
2023-11-17 19:00:00+00:00,36780.5,5.38,4.29,0.0,132.14
2023-11-17 20:00:00+00:00,35498.9,4.29,4.39,0.0,119.66
2023-11-17 21:00:00+00:00,33790.9,4.51,3.46,0.0,140.56
2023-11-17 22:00:00+00:00,31790.0,2.81,3.53,0.0,113.35
2023-11-17 23:00:00+00:00,30246.2,2.05,3.49,0.0,91.88
2023-11-18 00:00:00+00:00,27250.8,0.68,3.57,0.0,84.17
2023-11-18 01:00:00+00:00,25780.1,-0.17,4.06,0.0,81.65
2023-11-18 02:00:00+00:00,25320.4,-0.49,4.69,0.0,88.38
2023-11-18 03:00:00+00:00,24432.7,-1.08,4.25,0.0,74.56
2023-11-18 04:00:00+00:00,24778.5,-0.52,5.07,0.0,66.06
2023-11-18 05:00:00+00:00,24597.5,0.69,5.0,0.0,68.57
2023-11-18 06:00:00+00:00,26374.1,1.74,6.47,0.0,81.43
2023-11-18 07:00:00+00:00,29535.4,3.03,6.04,26.7,98.75
2023-11-18 08:00:00+00:00,31707.8,2.96,4.82,55.6,117.9
2023-11-18 09:00:00+00:00,32105.5,3.65,5.58,43.5,127.35
2023-11-18 10:00:00+00:00,31533.4,4.77,5.99,52.7,104.09
2023-11-18 11:00:00+00:00,30436.3,6.07,6.98,97.0,95.56
2023-11-18 12:00:00+00:00,29376.3,7.77,7.22,98.6,59.27
2023-11-18 13:00:00+00:00,28827.3,8.89,9.04,59.5,72.21
2023-11-18 14:00:00+00:00,28174.3,9.71,8.79,77.1,53.07
2023-11-18 15:00:00+00:00,26990.7,11.36,9.52,74.6,49.41
2023-11-18 16:00:00+00:00,28536.3,11.24,8.98,49.0,65.13
2023-11-18 17:00:00+00:00,31093.7,10.68,9.27,17.9,85.73
2023-11-18 18:00:00+00:00,32366.1,10.24,9.68,0.0,86.61
2023-11-18 19:00:00+00:00,31488.9,9.0,10.2,0.0,80.56
2023-11-18 20:00:00+00:00,29446.2,8.26,10.65,0.0,76.22
2023-11-18 21:00:00+00:00,28629.0,6.4,7.94,0.0,80.35
2023-11-18 22:00:00+00:00,25944.1,5.28,7.83,0.0,63.23
2023-11-18 23:00:00+00:00,24437.7,4.48,7.34,0.0,57.47
2023-11-19 00:00:00+00:00,23983.7,4.3,7.03,0.0,54.19
2023-11-19 01:00:00+00:00,23154.6,4.47,6.81,0.0,62.62
2023-11-19 02:00:00+00:00,22887.4,3.54,7.58,0.0,46.01
2023-11-19 03:00:00+00:00,22692.4,4.66,7.71,0.0,67.66
2023-11-19 04:00:00+00:00,23062.1,4.79,7.28,0.0,54.16
2023-11-19 05:00:00+00:00,24126.9,5.17,6.12,0.0,69.74
2023-11-19 06:00:00+00:00,26985.6,4.61,7.36,0.0,69.55
2023-11-19 07:00:00+00:00,30013.4,4.82,6.84,30.8,97.03
2023-11-19 08:00:00+00:00,31811.6,6.16,6.74,43.5,112.07
2023-11-19 09:00:00+00:00,31773.0,6.99,8.43,38.2,95.04
2023-11-19 10:00:00+00:00,31228.2,7.79,7.87,83.2,85.55
2023-11-19 11:00:00+00:00,30622.6,8.61,7.61,59.4,99.85
2023-11-19 12:00:00+00:00,30357.8,8.32,7.76,57.5,106.23
2023-11-19 13:00:00+00:00,30371.6,8.72,6.47,76.0,77.48
2023-11-19 14:00:00+00:00,29655.9,9.85,5.15,64.4,91.3
2023-11-19 15:00:00+00:00,29134.0,10.56,4.86,43.6,95.49
2023-11-19 16:00:00+00:00,30237.6,10.32,4.62,38.2,100.66
2023-11-19 17:00:00+00:00,33165.0,10.91,4.85,23.6,121.05
2023-11-19 18:00:00+00:00,34287.7,9.59,4.19,0.0,123.62
2023-11-19 19:00:00+00:00,33363.2,8.33,4.67,0.0,134.82
2023-11-19 20:00:00+00:00,31047.4,8.69,3.1,0.0,120.36
2023-11-19 21:00:00+00:00,29444.4,8.19,3.24,0.0,112.21
2023-11-19 22:00:00+00:00,27069.0,7.16,3.71,0.0,90.08
2023-11-19 23:00:00+00:00,25593.0,6.33,4.13,0.0,74.9
2023-11-20 00:00:00+00:00,26790.7,5.05,4.15,0.0,82.3
2023-11-20 01:00:00+00:00,26992.3,4.68,3.77,0.0,108.22
2023-11-20 02:00:00+00:00,25902.7,4.45,3.78,0.0,75.69
2023-11-20 03:00:00+00:00,25786.0,4.3,4.91,0.0,74.79
2023-11-20 04:00:00+00:00,27462.8,3.65,4.55,0.0,72.68
2023-11-20 05:00:00+00:00,28619.2,4.08,5.43,0.0,97.75
2023-11-20 06:00:00+00:00,30563.2,4.2,6.4,0.0,108.19
2023-11-20 07:00:00+00:00,33318.9,4.2,5.07,17.0,104.31
2023-11-20 08:00:00+00:00,33922.7,5.68,5.07,45.2,116.22
2023-11-20 09:00:00+00:00,34357.9,7.73,4.4,80.8,119.16
2023-11-20 10:00:00+00:00,33279.1,9.6,3.36,82.4,122.6
2023-11-20 11:00:00+00:00,32369.4,10.62,4.16,76.2,122.34
2023-11-20 12:00:00+00:00,31393.5,10.97,4.67,83.2,107.42
2023-11-20 13:00:00+00:00,30488.1,11.3,4.99,101.5,99.2
2023-11-20 14:00:00+00:00,30045.4,11.75,4.24,79.0,87.95
2023-11-20 15:00:00+00:00,30923.3,11.5,4.55,66.6,106.31
2023-11-20 16:00:00+00:00,32511.4,12.09,3.64,49.3,131.91
2023-11-20 17:00:00+00:00,35917.2,10.46,3.87,28.1,144.16
2023-11-20 18:00:00+00:00,35880.5,9.73,3.51,0.0,126.8
2023-11-20 19:00:00+00:00,35146.8,9.53,4.51,0.0,149.78
2023-11-20 20:00:00+00:00,32860.3,8.22,4.35,0.0,137.73
2023-11-20 21:00:00+00:00,31535.8,7.24,4.66,0.0,120.26
2023-11-20 22:00:00+00:00,27893.5,6.77,4.96,0.0,100.44
2023-11-20 23:00:00+00:00,26336.4,6.89,5.0,0.0,86.33
2023-11-21 00:00:00+00:00,26372.9,5.29,5.19,0.0,87.36
2023-11-21 01:00:00+00:00,25387.8,3.93,5.51,0.0,67.35
2023-11-21 02:00:00+00:00,25284.3,3.03,4.89,0.0,83.77
2023-11-21 03:00:00+00:00,25903.7,1.99,5.31,0.0,54.92
2023-11-21 04:00:00+00:00,26827.4,1.22,6.07,0.0,77.14
2023-11-21 05:00:00+00:00,27354.8,0.98,6.43,0.0,89.12
2023-11-21 06:00:00+00:00,29810.4,2.25,6.18,0.0,110.69
2023-11-21 07:00:00+00:00,33384.2,2.71,6.36,21.1,119.18
2023-11-21 08:00:00+00:00,35266.9,3.49,6.1,48.2,137.72
2023-11-21 09:00:00+00:00,34979.1,3.72,6.05,86.9,120.92
2023-11-21 10:00:00+00:00,33947.7,4.93,5.17,63.5,128.11
2023-11-21 11:00:00+00:00,32995.4,6.81,6.34,103.5,113.94
2023-11-21 12:00:00+00:00,32941.8,6.9,7.89,109.0,74.12
2023-11-21 13:00:00+00:00,32113.7,8.43,7.3,99.3,104.49
2023-11-21 14:00:00+00:00,31156.2,8.93,7.9,82.0,90.12
2023-11-21 15:00:00+00:00,31371.4,9.03,8.99,66.1,87.66
2023-11-21 16:00:00+00:00,32752.0,9.14,8.14,35.8,109.47
2023-11-21 17:00:00+00:00,34802.5,9.05,6.4,15.7,118.34
2023-11-21 18:00:00+00:00,35801.0,9.66,7.61,0.0,124.5
2023-11-21 19:00:00+00:00,34490.1,9.28,7.57,0.0,117.28
2023-11-21 20:00:00+00:00,32844.7,8.81,7.14,0.0,112.92
2023-11-21 21:00:00+00:00,30924.5,7.7,7.17,0.0,75.87
2023-11-21 22:00:00+00:00,29020.1,7.36,6.87,0.0,94.25
2023-11-21 23:00:00+00:00,27228.2,5.97,9.19,0.0,71.37
2023-11-22 00:00:00+00:00,26195.0,5.24,8.67,0.0,47.85
2023-11-22 01:00:00+00:00,24161.2,6.43,8.84,0.0,40.36
2023-11-22 02:00:00+00:00,24609.9,4.52,9.76,0.0,56.84
2023-11-22 03:00:00+00:00,25264.5,4.49,10.63,0.0,34.94
2023-11-22 04:00:00+00:00,25594.9,4.69,11.3,0.0,57.96
2023-11-22 05:00:00+00:00,26632.5,4.78,10.76,0.0,42.94
2023-11-22 06:00:00+00:00,28777.5,5.07,10.45,0.0,76.51
2023-11-22 07:00:00+00:00,31254.7,5.69,8.58,16.5,80.93
2023-11-22 08:00:00+00:00,33387.3,6.2,8.44,55.6,109.57
2023-11-22 09:00:00+00:00,33771.8,7.06,8.39,56.1,106.09
2023-11-22 10:00:00+00:00,32758.5,7.49,8.9,102.2,94.07
2023-11-22 11:00:00+00:00,32301.9,9.38,10.21,87.4,72.59
2023-11-22 12:00:00+00:00,31422.0,9.77,10.61,86.5,75.49
2023-11-22 13:00:00+00:00,30290.0,10.52,11.26,79.9,57.88
2023-11-22 14:00:00+00:00,30336.6,10.34,11.04,91.9,57.49
2023-11-22 15:00:00+00:00,30181.7,10.93,11.84,78.3,75.25
2023-11-22 16:00:00+00:00,32979.9,11.19,11.61,29.2,112.27
2023-11-22 17:00:00+00:00,35193.0,11.05,12.27,20.5,86.31
2023-11-22 18:00:00+00:00,36745.3,9.86,12.63,0.0,107.03
2023-11-22 19:00:00+00:00,34861.7,8.71,12.66,0.0,100.79
2023-11-22 20:00:00+00:00,32436.6,8.94,11.17,0.0,78.53
2023-11-22 21:00:00+00:00,30867.1,7.62,11.82,0.0,63.08
2023-11-22 22:00:00+00:00,29173.0,7.15,11.87,0.0,61.47
2023-11-22 23:00:00+00:00,27385.0,5.78,12.18,0.0,49.26
2023-11-23 00:00:00+00:00,26873.1,5.6,12.16,0.0,20.84
2023-11-23 01:00:00+00:00,26051.3,4.63,12.29,0.0,43.06
2023-11-23 02:00:00+00:00,25907.6,3.69,13.04,0.0,43.62
2023-11-23 03:00:00+00:00,25421.8,3.12,12.37,0.0,41.21
2023-11-23 04:00:00+00:00,25398.6,2.86,12.46,0.0,33.02
2023-11-23 05:00:00+00:00,25516.6,3.38,11.58,0.0,26.55
2023-11-23 06:00:00+00:00,28137.6,3.87,11.8,0.0,60.21
2023-11-23 07:00:00+00:00,31635.1,3.81,11.76,26.6,67.19
2023-11-23 08:00:00+00:00,33102.7,4.51,11.03,43.8,83.28
2023-11-23 09:00:00+00:00,33067.8,4.6,10.9,42.8,87.07
2023-11-23 10:00:00+00:00,32600.3,5.78,10.26,97.2,91.77
2023-11-23 11:00:00+00:00,32237.8,7.0,9.8,109.1,93.57
2023-11-23 12:00:00+00:00,31948.2,7.6,9.94,78.2,85.01
2023-11-23 13:00:00+00:00,31518.1,8.23,10.0,88.7,79.57
2023-11-23 14:00:00+00:00,30007.5,9.56,8.35,75.9,87.69
2023-11-23 15:00:00+00:00,30305.3,9.52,8.57,61.1,72.9
2023-11-23 16:00:00+00:00,32499.0,8.81,8.26,27.2,92.14
2023-11-23 17:00:00+00:00,35318.8,8.84,7.87,21.6,132.99
2023-11-23 18:00:00+00:00,36457.6,7.65,6.95,0.0,146.44
2023-11-23 19:00:00+00:00,35587.8,6.89,6.91,0.0,109.09
2023-11-23 20:00:00+00:00,33507.7,5.8,6.51,0.0,111.45
2023-11-23 21:00:00+00:00,32070.7,4.6,7.53,0.0,111.58
2023-11-23 22:00:00+00:00,29954.5,3.69,6.13,0.0,100.95
2023-11-23 23:00:00+00:00,28140.6,3.53,5.42,0.0,88.61
2023-11-24 00:00:00+00:00,28147.9,3.46,4.7,0.0,81.95
2023-11-24 01:00:00+00:00,26635.3,3.53,5.01,0.0,78.17
2023-11-24 02:00:00+00:00,25813.3,3.4,6.03,0.0,64.42
2023-11-24 03:00:00+00:00,24957.2,3.1,6.47,0.0,78.95
2023-11-24 04:00:00+00:00,26320.3,1.76,5.64,0.0,70.42
2023-11-24 05:00:00+00:00,27069.8,2.29,5.37,0.0,85.22
2023-11-24 06:00:00+00:00,29838.2,1.4,4.82,0.0,107.71
2023-11-24 07:00:00+00:00,32683.1,0.91,5.33,15.6,115.66
2023-11-24 08:00:00+00:00,34509.9,1.62,5.06,39.5,127.02
2023-11-24 09:00:00+00:00,35192.8,2.63,4.05,64.3,122.41
2023-11-24 10:00:00+00:00,35517.3,3.21,4.66,71.3,129.48
2023-11-24 11:00:00+00:00,34356.5,4.93,5.76,75.2,116.91
2023-11-24 12:00:00+00:00,33317.3,5.88,5.68,60.1,109.38
2023-11-24 13:00:00+00:00,32245.6,6.24,5.84,92.7,119.67
2023-11-24 14:00:00+00:00,31537.9,7.41,4.72,61.9,128.99
2023-11-24 15:00:00+00:00,31573.0,8.47,3.23,81.3,126.54
2023-11-24 16:00:00+00:00,33540.1,8.66,1.97,37.5,153.57
2023-11-24 17:00:00+00:00,35805.3,7.88,2.19,16.2,146.09
2023-11-24 18:00:00+00:00,37109.2,7.06,2.19,0.0,159.27
2023-11-24 19:00:00+00:00,35730.6,5.57,2.85,0.0,140.91
2023-11-24 20:00:00+00:00,33949.8,4.85,2.91,0.0,139.69
2023-11-24 21:00:00+00:00,33096.2,3.48,3.88,0.0,119.24
2023-11-24 22:00:00+00:00,30896.2,2.55,4.72,0.0,99.82
2023-11-24 23:00:00+00:00,28874.9,2.03,4.58,0.0,71.72
2023-11-25 00:00:00+00:00,26408.8,0.16,3.92,0.0,92.4
2023-11-25 01:00:00+00:00,26070.3,-1.0,2.58,0.0,104.85
2023-11-25 02:00:00+00:00,25251.3,-1.5,3.92,0.0,91.58
2023-11-25 03:00:00+00:00,24369.7,-1.53,3.34,0.0,86.43
2023-11-25 04:00:00+00:00,24474.6,-1.62,2.35,0.0,92.93
2023-11-25 05:00:00+00:00,25564.9,-1.38,2.68,0.0,86.36
2023-11-25 06:00:00+00:00,28770.8,-1.21,1.73,0.0,98.0
2023-11-25 07:00:00+00:00,31199.1,-1.34,2.1,25.5,113.8
2023-11-25 08:00:00+00:00,32164.9,-0.79,2.08,52.1,125.49
2023-11-25 09:00:00+00:00,32845.4,0.0,3.05,53.3,105.6
2023-11-25 10:00:00+00:00,32429.0,0.74,3.9,78.8,124.0
2023-11-25 11:00:00+00:00,31537.4,1.68,4.92,76.7,111.85
2023-11-25 12:00:00+00:00,31402.6,2.69,5.18,54.5,112.36
2023-11-25 13:00:00+00:00,30605.7,3.71,4.6,92.5,111.78
2023-11-25 14:00:00+00:00,30855.7,3.74,3.91,66.0,91.75
2023-11-25 15:00:00+00:00,31758.1,3.02,3.65,49.2,109.9
2023-11-25 16:00:00+00:00,32639.7,3.83,5.38,38.9,102.94
2023-11-25 17:00:00+00:00,34319.1,3.88,5.27,22.2,120.71
2023-11-25 18:00:00+00:00,36274.8,2.94,5.48,0.0,131.52
2023-11-25 19:00:00+00:00,34900.0,2.61,6.74,0.0,101.88
2023-11-25 20:00:00+00:00,34199.9,2.64,6.95,0.0,125.1
2023-11-25 21:00:00+00:00,32173.9,2.99,6.37,0.0,122.64
2023-11-25 22:00:00+00:00,30338.2,2.42,6.97,0.0,87.56
2023-11-25 23:00:00+00:00,27788.6,2.39,6.64,0.0,75.1
2023-11-26 00:00:00+00:00,26905.4,0.97,6.88,0.0,83.22
2023-11-26 01:00:00+00:00,26098.0,0.52,7.29,0.0,67.02
2023-11-26 02:00:00+00:00,25445.5,0.07,6.89,0.0,71.61
2023-11-26 03:00:00+00:00,24969.5,0.23,7.04,0.0,52.19
2023-11-26 04:00:00+00:00,24837.0,1.34,8.29,0.0,60.89
2023-11-26 05:00:00+00:00,25417.8,1.81,7.73,0.0,65.22
2023-11-26 06:00:00+00:00,27420.5,1.74,8.73,0.0,63.42
2023-11-26 07:00:00+00:00,30436.4,1.63,8.18,19.3,87.12
2023-11-26 08:00:00+00:00,31442.9,3.39,9.53,45.6,63.19
2023-11-26 09:00:00+00:00,31315.7,4.49,8.73,62.8,83.98
2023-11-26 10:00:00+00:00,31006.5,5.55,8.34,61.0,87.44
2023-11-26 11:00:00+00:00,30052.2,6.07,9.45,89.4,69.19
2023-11-26 12:00:00+00:00,30017.2,6.86,10.54,108.1,57.38
2023-11-26 13:00:00+00:00,29834.4,6.74,11.01,58.2,79.74
2023-11-26 14:00:00+00:00,29666.4,7.29,9.96,45.7,83.89
2023-11-26 15:00:00+00:00,29779.0,6.7,9.88,38.0,73.56
2023-11-26 16:00:00+00:00,31300.8,6.42,9.73,37.7,86.69
2023-11-26 17:00:00+00:00,34666.4,5.77,8.93,16.8,90.98
2023-11-26 18:00:00+00:00,36364.9,3.39,9.38,0.0,106.87
2023-11-26 19:00:00+00:00,35398.9,2.67,8.65,0.0,111.57
2023-11-26 20:00:00+00:00,33169.5,1.51,7.56,0.0,98.15
2023-11-26 21:00:00+00:00,31301.9,0.73,6.26,0.0,114.59
2023-11-26 22:00:00+00:00,29763.6,0.08,7.64,0.0,81.64
2023-11-26 23:00:00+00:00,27805.1,0.54,7.21,0.0,66.37
2023-11-27 00:00:00+00:00,28818.7,0.08,6.81,0.0,106.67
2023-11-27 01:00:00+00:00,27933.8,-0.13,6.02,0.0,104.09
2023-11-27 02:00:00+00:00,27387.4,-0.06,7.14,0.0,83.67
2023-11-27 03:00:00+00:00,27764.6,0.42,6.05,0.0,65.04
2023-11-27 04:00:00+00:00,27674.6,0.83,5.16,0.0,103.51
2023-11-27 05:00:00+00:00,28772.0,1.33,5.0,0.0,110.59
2023-11-27 06:00:00+00:00,30537.1,2.25,5.08,0.0,89.02
2023-11-27 07:00:00+00:00,33240.1,1.43,5.69,19.7,188.26
2023-11-27 08:00:00+00:00,34415.0,3.46,5.23,44.9,120.04
2023-11-27 09:00:00+00:00,33619.6,5.2,6.52,70.1,115.6
2023-11-27 10:00:00+00:00,33798.5,6.1,6.03,51.6,131.35
2023-11-27 11:00:00+00:00,32930.4,5.95,5.29,104.8,93.2
2023-11-27 12:00:00+00:00,31811.7,7.31,4.51,75.8,129.73
2023-11-27 13:00:00+00:00,30913.7,7.35,4.03,74.1,92.2
2023-11-27 14:00:00+00:00,30869.7,7.97,3.26,86.6,120.58
2023-11-27 15:00:00+00:00,31037.1,7.29,4.04,49.8,111.09
2023-11-27 16:00:00+00:00,32784.3,8.54,3.4,46.7,138.07
2023-11-27 17:00:00+00:00,35441.9,7.35,3.48,21.0,146.66
2023-11-27 18:00:00+00:00,36601.6,6.91,2.85,0.0,154.11
2023-11-27 19:00:00+00:00,35708.7,5.01,2.14,0.0,160.06
2023-11-27 20:00:00+00:00,35077.1,4.3,3.25,0.0,135.56
2023-11-27 21:00:00+00:00,32517.9,3.3,4.69,0.0,119.13
2023-11-27 22:00:00+00:00,30436.5,3.25,5.8,0.0,88.41
2023-11-27 23:00:00+00:00,29015.2,2.29,4.71,0.0,106.54
2023-11-28 00:00:00+00:00,27485.2,2.28,3.78,0.0,106.82
2023-11-28 01:00:00+00:00,26958.1,1.19,5.49,0.0,87.19
2023-11-28 02:00:00+00:00,26125.6,0.75,5.36,0.0,80.53
2023-11-28 03:00:00+00:00,25541.1,0.52,4.37,0.0,77.2
2023-11-28 04:00:00+00:00,25346.4,0.95,5.35,0.0,97.79
2023-11-28 05:00:00+00:00,26628.6,1.49,5.48,0.0,80.34
2023-11-28 06:00:00+00:00,28601.0,2.42,6.0,0.0,74.08
2023-11-28 07:00:00+00:00,31122.3,3.2,4.3,19.4,118.27
2023-11-28 08:00:00+00:00,32897.3,4.32,4.18,45.7,122.6
2023-11-28 09:00:00+00:00,34063.2,4.54,5.07,67.9,143.43
2023-11-28 10:00:00+00:00,33075.5,5.55,4.66,64.3,119.07
2023-11-28 11:00:00+00:00,32440.7,7.24,5.74,63.2,96.05
2023-11-28 12:00:00+00:00,32631.2,6.82,4.78,79.5,131.78
2023-11-28 13:00:00+00:00,32341.5,7.58,4.8,49.3,118.14
2023-11-28 14:00:00+00:00,31555.9,8.28,6.2,42.1,97.67
2023-11-28 15:00:00+00:00,32140.7,9.23,5.34,67.4,132.29
2023-11-28 16:00:00+00:00,33918.4,9.52,5.63,25.4,121.49
2023-11-28 17:00:00+00:00,35392.9,9.22,6.16,18.0,122.78
2023-11-28 18:00:00+00:00,36548.1,8.94,6.27,0.0,145.5
2023-11-28 19:00:00+00:00,35453.2,7.81,6.11,0.0,139.86
2023-11-28 20:00:00+00:00,34167.8,6.8,5.47,0.0,135.19
2023-11-28 21:00:00+00:00,33117.1,5.18,5.7,0.0,131.91
2023-11-28 22:00:00+00:00,30058.3,5.28,5.69,0.0,81.18
2023-11-28 23:00:00+00:00,28795.1,4.78,4.63,0.0,106.67
2023-11-29 00:00:00+00:00,27909.9,3.46,5.61,0.0,88.53
2023-11-29 01:00:00+00:00,26430.5,3.11,4.97,0.0,83.67
2023-11-29 02:00:00+00:00,26336.1,3.47,3.96,0.0,82.1
2023-11-29 03:00:00+00:00,25517.5,3.91,3.65,0.0,79.73
2023-11-29 04:00:00+00:00,25964.4,3.38,3.12,0.0,87.03
2023-11-29 05:00:00+00:00,27694.6,1.75,3.11,0.0,101.27
2023-11-29 06:00:00+00:00,30014.3,2.47,2.33,0.0,96.06
2023-11-29 07:00:00+00:00,33497.8,2.56,2.92,18.7,141.62
2023-11-29 08:00:00+00:00,35419.4,3.67,4.2,31.0,147.93
2023-11-29 09:00:00+00:00,35624.7,5.01,4.43,37.0,142.42
2023-11-29 10:00:00+00:00,34008.2,6.44,3.42,89.8,135.54
2023-11-29 11:00:00+00:00,33606.3,8.18,2.89,57.4,142.11
2023-11-29 12:00:00+00:00,32873.6,9.48,3.27,88.3,126.14
2023-11-29 13:00:00+00:00,31997.9,10.92,1.92,84.4,147.95
2023-11-29 14:00:00+00:00,30901.3,11.93,1.21,49.5,125.9
2023-11-29 15:00:00+00:00,30680.3,12.78,0.21,41.9,140.24
2023-11-29 16:00:00+00:00,32862.0,12.49,0.64,37.7,132.61
2023-11-29 17:00:00+00:00,36424.3,11.27,2.65,24.8,151.67
2023-11-29 18:00:00+00:00,36726.2,12.15,1.88,0.0,171.84
2023-11-29 19:00:00+00:00,34653.5,11.4,2.77,0.0,141.83
2023-11-29 20:00:00+00:00,32754.1,11.25,2.54,0.0,127.73
2023-11-29 21:00:00+00:00,30905.6,9.97,1.73,0.0,300.76
2023-11-29 22:00:00+00:00,28062.4,9.61,3.22,0.0,101.96
2023-11-29 23:00:00+00:00,27112.9,7.24,5.1,0.0,76.41
2023-11-30 00:00:00+00:00,26563.4,6.15,5.52,0.0,76.31
2023-11-30 01:00:00+00:00,26058.0,5.49,5.87,0.0,77.36
2023-11-30 02:00:00+00:00,25175.0,5.36,5.98,0.0,45.04
2023-11-30 03:00:00+00:00,24465.9,5.79,5.91,0.0,65.84
2023-11-30 04:00:00+00:00,24980.7,5.1,6.23,0.0,57.71
2023-11-30 05:00:00+00:00,26756.8,5.69,6.8,0.0,71.76
2023-11-30 06:00:00+00:00,29193.5,6.78,8.11,0.0,69.2
2023-11-30 07:00:00+00:00,31486.5,8.68,7.65,17.8,93.29
2023-11-30 08:00:00+00:00,32909.5,9.65,7.71,40.8,121.37
2023-11-30 09:00:00+00:00,33003.7,9.97,7.61,63.8,92.68
2023-11-30 10:00:00+00:00,33243.9,9.82,8.38,85.4,91.92
2023-11-30 11:00:00+00:00,31655.5,11.5,10.19,70.3,76.64
2023-11-30 12:00:00+00:00,31158.6,12.4,10.86,63.9,52.93
2023-11-30 13:00:00+00:00,29434.1,12.68,11.29,56.3,44.67
2023-11-30 14:00:00+00:00,28818.3,11.84,11.78,67.8,60.35
2023-11-30 15:00:00+00:00,28702.5,11.25,12.53,59.1,44.78
2023-11-30 16:00:00+00:00,31645.6,11.41,14.15,39.9,79.02
2023-11-30 17:00:00+00:00,34171.2,11.2,12.47,13.7,77.74
2023-11-30 18:00:00+00:00,35242.9,9.43,12.67,0.0,112.07
2023-11-30 19:00:00+00:00,35172.5,9.1,10.36,0.0,87.96
2023-11-30 20:00:00+00:00,33339.5,7.34,10.94,0.0,89.75
2023-11-30 21:00:00+00:00,31514.4,7.31,11.17,0.0,70.16
2023-11-30 22:00:00+00:00,29017.1,6.57,10.54,0.0,75.25
2023-11-30 23:00:00+00:00,28038.5,5.48,8.27,0.0,67.39
2023-12-01 00:00:00+00:00,26877.2,5.28,8.2,0.0,61.98
2023-12-01 01:00:00+00:00,25453.2,4.92,8.31,0.0,57.2
2023-12-01 02:00:00+00:00,24148.8,5.32,8.2,0.0,76.6
2023-12-01 03:00:00+00:00,23753.5,5.15,7.65,0.0,65.42
2023-12-01 04:00:00+00:00,23765.4,5.22,6.92,0.0,50.97
2023-12-01 05:00:00+00:00,24410.5,5.23,6.88,0.0,50.07
2023-12-01 06:00:00+00:00,27293.1,5.76,6.26,0.0,71.5
2023-12-01 07:00:00+00:00,30429.3,7.29,6.93,24.7,82.67
2023-12-01 08:00:00+00:00,31886.4,7.58,6.87,47.9,111.43
2023-12-01 09:00:00+00:00,31272.0,8.63,5.53,68.2,95.81
2023-12-01 10:00:00+00:00,31673.3,8.74,5.74,35.5,118.94
2023-12-01 11:00:00+00:00,31874.8,8.12,6.13,68.9,115.57
2023-12-01 12:00:00+00:00,31008.5,8.79,7.44,41.2,91.75
2023-12-01 13:00:00+00:00,30346.0,9.42,8.14,73.9,68.31
2023-12-01 14:00:00+00:00,28912.6,9.58,7.38,61.3,87.38
2023-12-01 15:00:00+00:00,29927.9,8.71,8.48,46.7,68.28
2023-12-01 16:00:00+00:00,31949.6,8.75,7.32,21.6,101.11
2023-12-01 17:00:00+00:00,35276.5,8.56,7.33,12.0,136.77
2023-12-01 18:00:00+00:00,36780.1,7.5,7.9,0.0,104.2
2023-12-01 19:00:00+00:00,35924.4,6.04,8.99,0.0,114.64
2023-12-01 20:00:00+00:00,35072.4,5.16,10.37,0.0,98.39
2023-12-01 21:00:00+00:00,32608.7,4.77,11.2,0.0,80.98
2023-12-01 22:00:00+00:00,29689.4,4.23,10.88,0.0,55.65
2023-12-01 23:00:00+00:00,28877.5,2.96,11.14,0.0,84.38
2023-12-02 00:00:00+00:00,26183.5,2.32,11.11,0.0,49.27
2023-12-02 01:00:00+00:00,25346.1,2.37,10.35,0.0,26.2
2023-12-02 02:00:00+00:00,24855.0,1.34,10.09,0.0,48.84
2023-12-02 03:00:00+00:00,24139.7,1.27,11.34,0.0,45.38
2023-12-02 04:00:00+00:00,23504.7,2.18,11.63,0.0,27.99
2023-12-02 05:00:00+00:00,24578.4,1.69,13.01,0.0,44.04
2023-12-02 06:00:00+00:00,26006.2,2.85,11.86,0.0,21.61
2023-12-02 07:00:00+00:00,28466.3,4.42,11.32,17.4,70.32
2023-12-02 08:00:00+00:00,31051.5,4.96,11.43,24.6,70.8
2023-12-02 09:00:00+00:00,31252.2,5.49,11.79,52.0,61.65
2023-12-02 10:00:00+00:00,30879.2,6.85,11.46,72.3,76.64
2023-12-02 11:00:00+00:00,30670.7,7.4,11.86,87.3,71.92
2023-12-02 12:00:00+00:00,30524.0,6.56,12.24,61.7,78.29
2023-12-02 13:00:00+00:00,29631.4,6.97,10.89,54.2,80.27
2023-12-02 14:00:00+00:00,29747.5,7.55,11.29,69.1,63.81
2023-12-02 15:00:00+00:00,29858.4,8.08,11.91,38.2,46.49
2023-12-02 16:00:00+00:00,32343.0,7.42,11.9,26.8,60.17
2023-12-02 17:00:00+00:00,35836.4,6.95,10.21,13.0,92.19
2023-12-02 18:00:00+00:00,35962.0,7.06,9.84,0.0,108.82
2023-12-02 19:00:00+00:00,34454.0,6.38,10.04,0.0,105.51
2023-12-02 20:00:00+00:00,32767.1,4.72,9.21,0.0,102.91
2023-12-02 21:00:00+00:00,30354.6,4.69,9.82,0.0,85.4
2023-12-02 22:00:00+00:00,28075.0,3.77,10.25,0.0,55.41
2023-12-02 23:00:00+00:00,26947.3,3.69,10.19,0.0,70.9
2023-12-03 00:00:00+00:00,26275.7,2.11,10.04,0.0,70.03
2023-12-03 01:00:00+00:00,26303.1,1.56,10.04,0.0,43.99
2023-12-03 02:00:00+00:00,25212.1,1.56,9.89,0.0,47.34
2023-12-03 03:00:00+00:00,25443.9,1.4,8.74,0.0,62.82
2023-12-03 04:00:00+00:00,26467.2,0.78,8.31,0.0,78.99
2023-12-03 05:00:00+00:00,27655.0,-0.34,8.3,0.0,77.61
2023-12-03 06:00:00+00:00,29393.9,1.11,9.35,0.0,70.41
2023-12-03 07:00:00+00:00,32198.0,1.91,9.77,22.2,79.07
2023-12-03 08:00:00+00:00,32886.6,3.35,10.79,34.2,76.31
2023-12-03 09:00:00+00:00,33529.3,4.68,9.5,60.4,93.47
2023-12-03 10:00:00+00:00,32430.3,5.8,9.09,70.9,85.75
2023-12-03 11:00:00+00:00,31530.4,6.3,10.61,91.0,63.02
2023-12-03 12:00:00+00:00,30568.6,7.2,9.85,51.4,84.2
2023-12-03 13:00:00+00:00,29544.9,8.51,9.11,78.4,69.47
2023-12-03 14:00:00+00:00,29237.2,8.8,8.79,34.1,80.4
2023-12-03 15:00:00+00:00,28735.0,9.99,10.28,65.0,49.76
2023-12-03 16:00:00+00:00,30903.8,8.9,9.59,25.0,92.47
2023-12-03 17:00:00+00:00,33319.3,7.58,9.9,15.6,104.19
2023-12-03 18:00:00+00:00,34821.6,7.67,10.06,0.0,116.71
2023-12-03 19:00:00+00:00,34058.7,6.52,8.4,0.0,108.34
2023-12-03 20:00:00+00:00,31547.3,6.99,8.32,0.0,92.55
2023-12-03 21:00:00+00:00,29346.6,6.96,7.82,0.0,90.66
2023-12-03 22:00:00+00:00,26608.3,7.05,8.31,0.0,78.27
2023-12-03 23:00:00+00:00,24561.1,6.74,9.6,0.0,45.81
2023-12-04 00:00:00+00:00,25731.1,5.35,9.2,0.0,39.59
2023-12-04 01:00:00+00:00,24912.9,3.78,8.82,0.0,47.82
2023-12-04 02:00:00+00:00,24787.1,4.3,10.7,0.0,55.0
2023-12-04 03:00:00+00:00,25478.3,3.21,9.96,0.0,57.34
2023-12-04 04:00:00+00:00,24780.0,4.19,8.76,0.0,55.0
2023-12-04 05:00:00+00:00,26180.8,4.8,9.75,0.0,50.71
2023-12-04 06:00:00+00:00,27937.5,5.13,9.57,0.0,83.54
2023-12-04 07:00:00+00:00,31116.5,5.92,9.67,17.1,73.48
2023-12-04 08:00:00+00:00,32651.3,6.82,11.28,24.1,83.99
2023-12-04 09:00:00+00:00,32832.6,7.37,9.97,64.5,93.89
2023-12-04 10:00:00+00:00,32517.2,8.9,9.67,45.3,94.49
2023-12-04 11:00:00+00:00,32291.3,10.34,8.57,46.5,86.77
2023-12-04 12:00:00+00:00,30819.6,10.91,8.75,63.5,91.94
2023-12-04 13:00:00+00:00,30821.3,10.88,8.23,76.4,91.51
2023-12-04 14:00:00+00:00,29761.7,11.84,7.25,66.3,87.03
2023-12-04 15:00:00+00:00,31221.3,10.58,7.81,37.0,97.32
2023-12-04 16:00:00+00:00,33293.8,10.63,7.78,26.4,101.05
2023-12-04 17:00:00+00:00,35022.3,10.67,6.76,13.3,141.81
2023-12-04 18:00:00+00:00,36053.9,9.57,5.84,0.0,148.89
2023-12-04 19:00:00+00:00,34857.5,9.43,6.06,0.0,120.42
2023-12-04 20:00:00+00:00,33493.3,8.58,4.8,0.0,123.99
2023-12-04 21:00:00+00:00,31972.2,7.36,5.09,0.0,126.46
2023-12-04 22:00:00+00:00,29740.0,7.06,6.23,0.0,102.05
2023-12-04 23:00:00+00:00,28086.5,5.57,6.79,0.0,83.77
2023-12-05 00:00:00+00:00,26960.6,5.29,6.32,0.0,68.5
2023-12-05 01:00:00+00:00,26358.8,3.52,6.56,0.0,64.58
2023-12-05 02:00:00+00:00,25130.3,3.32,5.61,0.0,72.09
2023-12-05 03:00:00+00:00,25150.0,3.18,5.78,0.0,87.23
2023-12-05 04:00:00+00:00,25455.5,2.89,5.59,0.0,85.08
2023-12-05 05:00:00+00:00,27174.8,3.37,4.85,0.0,94.03
2023-12-05 06:00:00+00:00,29902.9,3.74,5.44,0.0,108.38
2023-12-05 07:00:00+00:00,32379.2,4.93,3.97,11.7,99.96
2023-12-05 08:00:00+00:00,34163.7,5.92,3.2,41.1,138.75
2023-12-05 09:00:00+00:00,34463.8,6.88,2.55,61.6,142.46
2023-12-05 10:00:00+00:00,33902.4,7.75,2.38,50.4,123.09
2023-12-05 11:00:00+00:00,32656.0,8.09,3.63,44.6,146.33
2023-12-05 12:00:00+00:00,32133.3,8.45,4.39,50.9,121.0
2023-12-05 13:00:00+00:00,31175.9,9.01,4.6,71.6,113.63
2023-12-05 14:00:00+00:00,30812.7,9.13,4.77,35.6,99.95
2023-12-05 15:00:00+00:00,30779.7,9.83,4.87,61.2,107.56
2023-12-05 16:00:00+00:00,33176.2,9.7,6.05,39.7,116.0
2023-12-05 17:00:00+00:00,36123.6,9.54,4.68,21.1,160.14
2023-12-05 18:00:00+00:00,37182.1,8.13,5.4,0.0,154.52
2023-12-05 19:00:00+00:00,35049.1,8.01,5.08,0.0,135.78
2023-12-05 20:00:00+00:00,33002.9,6.86,5.57,0.0,103.73
2023-12-05 21:00:00+00:00,32149.4,5.39,6.04,0.0,98.67
2023-12-05 22:00:00+00:00,30109.0,5.56,6.66,0.0,69.87
2023-12-05 23:00:00+00:00,27847.5,5.18,7.91,0.0,71.89
2023-12-06 00:00:00+00:00,26094.8,4.98,6.8,0.0,75.92
2023-12-06 01:00:00+00:00,24898.5,4.68,7.59,0.0,60.05
2023-12-06 02:00:00+00:00,25458.2,4.22,7.51,0.0,69.51
2023-12-06 03:00:00+00:00,25466.9,3.85,7.13,0.0,86.62
2023-12-06 04:00:00+00:00,25424.8,4.33,8.71,0.0,46.89
2023-12-06 05:00:00+00:00,26213.2,5.21,9.17,0.0,49.05
2023-12-06 06:00:00+00:00,27640.2,5.52,8.74,0.0,70.75
2023-12-06 07:00:00+00:00,30008.1,7.27,9.4,16.1,63.33
2023-12-06 08:00:00+00:00,32350.3,7.73,9.24,30.6,92.21
2023-12-06 09:00:00+00:00,32863.5,7.53,8.79,61.4,91.53
2023-12-06 10:00:00+00:00,32940.5,7.16,8.23,53.6,87.42
2023-12-06 11:00:00+00:00,32987.2,6.8,8.41,48.2,86.87
2023-12-06 12:00:00+00:00,32074.4,7.13,7.86,48.8,92.05
2023-12-06 13:00:00+00:00,31625.0,7.43,7.94,37.1,88.1
2023-12-06 14:00:00+00:00,30756.9,8.11,8.58,66.8,80.61
2023-12-06 15:00:00+00:00,30940.1,8.15,8.59,36.2,100.89
2023-12-06 16:00:00+00:00,32576.0,8.52,10.06,39.9,99.57
2023-12-06 17:00:00+00:00,35079.7,8.19,9.91,17.3,110.45
2023-12-06 18:00:00+00:00,36377.5,7.67,10.82,0.0,117.4
2023-12-06 19:00:00+00:00,35345.4,6.65,11.39,0.0,91.14
2023-12-06 20:00:00+00:00,33226.7,6.74,12.37,0.0,89.55
2023-12-06 21:00:00+00:00,31944.5,4.98,13.64,0.0,58.76
2023-12-06 22:00:00+00:00,29440.0,4.35,11.93,0.0,68.92
2023-12-06 23:00:00+00:00,27133.5,3.48,11.89,0.0,67.67
2023-12-07 00:00:00+00:00,26334.4,3.21,11.56,0.0,56.37
2023-12-07 01:00:00+00:00,25270.4,2.67,11.42,0.0,49.68
2023-12-07 02:00:00+00:00,25259.2,2.33,10.89,0.0,32.93
2023-12-07 03:00:00+00:00,24990.5,2.03,10.27,0.0,45.28
2023-12-07 04:00:00+00:00,24274.6,2.93,9.25,0.0,49.47
2023-12-07 05:00:00+00:00,25644.8,3.17,9.21,0.0,65.57
2023-12-07 06:00:00+00:00,28173.3,4.76,9.83,0.0,59.77
2023-12-07 07:00:00+00:00,31167.2,5.45,9.3,10.6,86.1
2023-12-07 08:00:00+00:00,32148.8,6.1,8.93,42.8,108.91
2023-12-07 09:00:00+00:00,32420.2,6.69,8.29,26.4,99.56
2023-12-07 10:00:00+00:00,32006.2,7.72,7.45,66.1,75.7
2023-12-07 11:00:00+00:00,31723.4,7.99,7.24,42.3,88.07
2023-12-07 12:00:00+00:00,31101.2,8.62,7.49,71.9,85.47
2023-12-07 13:00:00+00:00,29756.1,9.02,8.45,44.4,70.74
2023-12-07 14:00:00+00:00,29552.2,9.43,7.45,73.0,85.63
2023-12-07 15:00:00+00:00,30674.6,9.66,7.4,27.3,104.81
2023-12-07 16:00:00+00:00,32243.8,9.71,8.3,26.2,111.27
2023-12-07 17:00:00+00:00,34336.6,9.38,7.32,20.2,130.29
2023-12-07 18:00:00+00:00,35947.6,9.75,8.29,0.0,116.29
2023-12-07 19:00:00+00:00,35537.4,9.27,7.88,0.0,119.71
2023-12-07 20:00:00+00:00,32840.7,9.99,8.4,0.0,102.07
2023-12-07 21:00:00+00:00,31118.5,9.08,8.16,0.0,123.29
2023-12-07 22:00:00+00:00,28873.5,8.72,8.46,0.0,82.93
2023-12-07 23:00:00+00:00,27894.3,7.39,9.64,0.0,65.31
2023-12-08 00:00:00+00:00,26051.1,7.37,9.41,0.0,47.8
2023-12-08 01:00:00+00:00,25227.9,6.29,10.07,0.0,60.43
2023-12-08 02:00:00+00:00,24195.2,6.11,10.13,0.0,29.33
2023-12-08 03:00:00+00:00,24299.4,5.69,9.36,0.0,49.17
2023-12-08 04:00:00+00:00,25235.5,5.91,9.13,0.0,52.7
2023-12-08 05:00:00+00:00,26479.5,5.92,8.86,0.0,59.0
2023-12-08 06:00:00+00:00,28437.7,5.77,7.66,0.0,99.69
2023-12-08 07:00:00+00:00,31745.5,6.11,7.99,17.8,102.87
2023-12-08 08:00:00+00:00,32588.0,7.64,8.46,38.0,108.75
2023-12-08 09:00:00+00:00,33027.7,8.55,9.02,48.7,85.48
2023-12-08 10:00:00+00:00,32669.5,8.41,10.04,68.0,98.59
2023-12-08 11:00:00+00:00,31311.4,9.67,10.63,73.7,90.36
2023-12-08 12:00:00+00:00,30822.9,9.62,9.98,87.0,78.72
2023-12-08 13:00:00+00:00,28876.1,10.43,9.52,57.4,64.4
2023-12-08 14:00:00+00:00,28280.2,10.94,10.05,34.5,55.93
2023-12-08 15:00:00+00:00,29819.2,11.28,10.2,45.1,71.89
2023-12-08 16:00:00+00:00,30150.7,12.15,10.03,38.2,73.13
2023-12-08 17:00:00+00:00,32569.0,11.18,9.19,14.7,89.79
2023-12-08 18:00:00+00:00,34779.1,10.93,8.67,0.0,117.7
2023-12-08 19:00:00+00:00,33040.7,10.91,9.04,0.0,102.53
2023-12-08 20:00:00+00:00,31481.3,9.62,7.41,0.0,96.12
2023-12-08 21:00:00+00:00,30122.9,8.25,5.56,0.0,98.13
2023-12-08 22:00:00+00:00,27574.8,7.16,6.18,0.0,66.06
2023-12-08 23:00:00+00:00,26787.0,6.5,5.8,0.0,78.76
2023-12-09 00:00:00+00:00,24112.0,4.82,6.23,0.0,49.62
2023-12-09 01:00:00+00:00,22843.2,4.58,7.5,0.0,43.68
2023-12-09 02:00:00+00:00,23299.6,3.32,6.68,0.0,57.69
2023-12-09 03:00:00+00:00,22214.3,3.92,5.39,0.0,36.61
2023-12-09 04:00:00+00:00,22565.1,4.23,5.26,0.0,55.06
2023-12-09 05:00:00+00:00,22916.3,5.57,4.81,0.0,65.91
2023-12-09 06:00:00+00:00,24655.4,6.31,4.9,0.0,56.98
2023-12-09 07:00:00+00:00,28706.5,6.6,5.42,18.9,86.27
2023-12-09 08:00:00+00:00,30550.8,6.71,5.76,36.9,86.98
2023-12-09 09:00:00+00:00,31283.9,7.52,5.86,50.1,111.95
2023-12-09 10:00:00+00:00,30730.7,8.16,6.74,64.5,87.76
2023-12-09 11:00:00+00:00,29451.6,9.48,7.28,44.7,78.12
2023-12-09 12:00:00+00:00,27856.3,9.41,7.12,40.0,85.04
2023-12-09 13:00:00+00:00,26859.6,10.99,7.61,41.8,65.17
2023-12-09 14:00:00+00:00,25768.6,11.91,6.37,66.8,84.15
2023-12-09 15:00:00+00:00,26573.8,11.73,7.24,60.0,72.02
2023-12-09 16:00:00+00:00,27785.7,12.55,7.24,41.9,79.79
2023-12-09 17:00:00+00:00,31119.1,11.6,6.29,9.2,107.61
2023-12-09 18:00:00+00:00,33388.3,11.08,6.0,0.0,131.54
2023-12-09 19:00:00+00:00,33760.6,9.53,6.86,0.0,85.05
2023-12-09 20:00:00+00:00,31464.9,9.78,6.27,0.0,112.44
2023-12-09 21:00:00+00:00,29867.8,7.86,6.63,0.0,85.82
2023-12-09 22:00:00+00:00,27645.9,6.09,7.33,0.0,65.0
2023-12-09 23:00:00+00:00,25871.4,4.88,7.34,0.0,64.77
2023-12-10 00:00:00+00:00,24261.9,4.89,6.64,0.0,59.4
2023-12-10 01:00:00+00:00,23820.4,4.88,6.61,0.0,40.26
2023-12-10 02:00:00+00:00,23112.3,4.54,5.53,0.0,47.49
2023-12-10 03:00:00+00:00,23620.5,4.93,5.22,0.0,49.95
2023-12-10 04:00:00+00:00,23333.8,4.83,4.44,0.0,58.15
2023-12-10 05:00:00+00:00,24226.6,5.25,4.53,0.0,76.47
2023-12-10 06:00:00+00:00,25495.0,6.59,3.66,0.0,79.92
2023-12-10 07:00:00+00:00,28686.0,6.91,3.9,14.3,103.46
2023-12-10 08:00:00+00:00,30360.1,7.03,4.94,41.4,95.14
2023-12-10 09:00:00+00:00,30617.7,7.96,5.98,31.6,113.35
2023-12-10 10:00:00+00:00,30089.0,9.04,5.05,46.5,95.88
2023-12-10 11:00:00+00:00,29840.5,9.69,4.63,78.6,107.89
2023-12-10 12:00:00+00:00,29418.2,10.77,5.41,82.9,92.47
2023-12-10 13:00:00+00:00,29045.2,10.97,6.04,73.2,79.13
2023-12-10 14:00:00+00:00,28103.3,11.2,5.61,46.9,107.16
2023-12-10 15:00:00+00:00,28458.0,11.39,5.3,28.9,102.95
2023-12-10 16:00:00+00:00,30018.1,11.31,5.45,37.6,96.38
2023-12-10 17:00:00+00:00,32826.6,11.83,4.09,20.1,133.16
2023-12-10 18:00:00+00:00,33887.5,11.41,4.65,0.0,128.6
2023-12-10 19:00:00+00:00,32781.5,10.43,5.61,0.0,114.19
2023-12-10 20:00:00+00:00,30656.5,9.86,5.38,0.0,98.42
2023-12-10 21:00:00+00:00,28250.4,9.52,4.35,0.0,96.44
2023-12-10 22:00:00+00:00,26088.8,9.03,5.59,0.0,80.03
2023-12-10 23:00:00+00:00,25030.9,8.55,5.83,0.0,71.39
2023-12-11 00:00:00+00:00,26263.3,6.75,6.44,0.0,79.14
2023-12-11 01:00:00+00:00,26454.9,4.62,5.44,0.0,79.68
2023-12-11 02:00:00+00:00,25847.6,4.97,4.49,0.0,68.38
2023-12-11 03:00:00+00:00,24468.2,5.0,4.93,0.0,74.7
2023-12-11 04:00:00+00:00,24433.0,4.95,5.84,0.0,58.26
2023-12-11 05:00:00+00:00,26570.3,5.53,5.02,0.0,66.12
2023-12-11 06:00:00+00:00,28246.1,7.02,5.04,0.0,90.23
2023-12-11 07:00:00+00:00,30275.1,8.32,3.89,11.0,104.79
2023-12-11 08:00:00+00:00,31285.7,9.43,3.5,37.2,107.88
2023-12-11 09:00:00+00:00,31906.9,9.47,3.47,41.0,106.83
2023-12-11 10:00:00+00:00,32357.2,9.61,4.03,68.9,120.34
2023-12-11 11:00:00+00:00,32226.0,8.74,2.53,59.8,118.89
2023-12-11 12:00:00+00:00,31262.3,9.63,3.79,76.4,102.33
2023-12-11 13:00:00+00:00,29343.0,10.65,3.82,35.2,106.94
2023-12-11 14:00:00+00:00,28575.1,11.52,4.99,48.8,89.0
2023-12-11 15:00:00+00:00,28728.4,11.87,5.64,39.1,321.35
2023-12-11 16:00:00+00:00,31112.8,11.52,6.37,21.9,99.14
2023-12-11 17:00:00+00:00,34211.0,10.72,7.98,16.2,114.54
2023-12-11 18:00:00+00:00,36316.2,9.61,7.32,0.0,113.73
2023-12-11 19:00:00+00:00,34578.5,8.77,7.41,0.0,131.92
2023-12-11 20:00:00+00:00,33170.0,7.34,6.62,0.0,96.0
2023-12-11 21:00:00+00:00,31132.5,7.53,6.55,0.0,109.88
2023-12-11 22:00:00+00:00,28954.6,5.84,7.14,0.0,83.95
2023-12-11 23:00:00+00:00,28038.4,4.91,8.01,0.0,96.71
2023-12-12 00:00:00+00:00,28357.5,2.96,7.67,0.0,79.27
2023-12-12 01:00:00+00:00,27157.1,2.61,6.69,0.0,83.62
2023-12-12 02:00:00+00:00,26360.1,2.25,6.76,0.0,50.98
2023-12-12 03:00:00+00:00,26821.9,1.88,6.11,0.0,90.45
2023-12-12 04:00:00+00:00,27334.3,1.38,5.7,0.0,87.98
2023-12-12 05:00:00+00:00,27703.9,1.65,6.29,0.0,64.49
2023-12-12 06:00:00+00:00,29935.6,1.77,6.71,0.0,86.81
2023-12-12 07:00:00+00:00,32563.9,2.3,7.37,18.7,101.23
2023-12-12 08:00:00+00:00,33291.7,4.18,7.09,27.2,120.54
2023-12-12 09:00:00+00:00,33311.8,5.01,7.88,23.9,103.02
2023-12-12 10:00:00+00:00,32761.5,6.06,7.84,55.7,87.46
2023-12-12 11:00:00+00:00,32858.4,6.44,7.58,40.8,98.87
2023-12-12 12:00:00+00:00,32457.2,6.55,6.69,34.8,111.73
2023-12-12 13:00:00+00:00,31815.0,6.98,5.07,70.3,107.5
2023-12-12 14:00:00+00:00,31335.8,8.75,3.94,39.8,120.6
2023-12-12 15:00:00+00:00,31516.2,8.6,4.27,50.6,88.19
2023-12-12 16:00:00+00:00,32751.7,8.65,3.69,33.0,142.63
2023-12-12 17:00:00+00:00,36010.7,7.78,2.57,20.2,150.61
2023-12-12 18:00:00+00:00,37568.0,5.6,2.47,0.0,165.48
2023-12-12 19:00:00+00:00,37320.1,4.5,2.91,0.0,167.05
2023-12-12 20:00:00+00:00,35268.1,5.21,3.44,0.0,155.88
2023-12-12 21:00:00+00:00,33379.8,4.76,3.6,0.0,142.6
2023-12-12 22:00:00+00:00,30812.6,4.93,3.72,0.0,107.11
2023-12-12 23:00:00+00:00,29713.6,3.92,3.46,0.0,93.12
2023-12-13 00:00:00+00:00,29202.3,1.75,4.13,0.0,108.18
2023-12-13 01:00:00+00:00,27244.1,0.59,4.14,0.0,103.36
2023-12-13 02:00:00+00:00,26638.6,0.53,4.22,0.0,92.37
2023-12-13 03:00:00+00:00,26605.9,0.57,5.17,0.0,61.18
2023-12-13 04:00:00+00:00,26388.2,0.66,5.88,0.0,97.44
2023-12-13 05:00:00+00:00,28829.2,0.63,5.79,0.0,86.84
2023-12-13 06:00:00+00:00,30585.5,1.67,5.6,0.0,112.26
2023-12-13 07:00:00+00:00,33590.0,1.98,5.41,8.8,103.05
2023-12-13 08:00:00+00:00,35418.3,2.88,3.91,22.4,154.21
2023-12-13 09:00:00+00:00,35724.3,3.76,4.92,46.4,144.86
2023-12-13 10:00:00+00:00,35231.9,4.3,4.49,59.8,128.97
2023-12-13 11:00:00+00:00,34859.5,4.49,5.28,62.4,139.46
2023-12-13 12:00:00+00:00,34149.4,4.86,5.4,53.7,124.14
2023-12-13 13:00:00+00:00,32764.8,6.48,6.57,60.5,115.59
2023-12-13 14:00:00+00:00,31494.3,7.43,7.0,59.0,96.2
2023-12-13 15:00:00+00:00,31448.4,8.1,7.72,37.8,87.67
2023-12-13 16:00:00+00:00,32992.2,7.47,7.22,30.7,125.37
2023-12-13 17:00:00+00:00,35991.7,6.27,6.2,9.6,136.99
2023-12-13 18:00:00+00:00,36760.8,6.44,6.36,0.0,122.85
2023-12-13 19:00:00+00:00,35658.2,6.33,4.89,0.0,139.54
2023-12-13 20:00:00+00:00,33205.3,5.64,4.63,0.0,131.73
2023-12-13 21:00:00+00:00,31266.9,4.6,3.82,0.0,128.61
2023-12-13 22:00:00+00:00,29325.5,2.9,3.32,0.0,129.95
2023-12-13 23:00:00+00:00,27866.6,2.69,3.97,0.0,102.51
2023-12-14 00:00:00+00:00,26774.4,2.68,4.54,0.0,79.38
2023-12-14 01:00:00+00:00,26615.3,1.75,4.53,0.0,83.57
2023-12-14 02:00:00+00:00,26390.8,0.95,4.91,0.0,95.43
2023-12-14 03:00:00+00:00,25895.1,1.58,4.59,0.0,74.16
2023-12-14 04:00:00+00:00,25876.3,1.25,6.61,0.0,72.18
2023-12-14 05:00:00+00:00,26558.8,2.59,6.86,0.0,68.02
2023-12-14 06:00:00+00:00,28347.6,2.94,6.41,0.0,82.88
2023-12-14 07:00:00+00:00,31661.5,3.28,7.12,19.5,98.35
2023-12-14 08:00:00+00:00,33698.4,3.98,8.08,38.7,108.56
2023-12-14 09:00:00+00:00,33460.3,4.48,7.42,55.2,105.85
2023-12-14 10:00:00+00:00,33102.3,5.89,6.29,29.5,96.91
2023-12-14 11:00:00+00:00,32423.6,7.09,5.38,69.9,123.3
2023-12-14 12:00:00+00:00,32316.6,8.29,4.93,70.6,123.83
2023-12-14 13:00:00+00:00,31055.5,8.79,4.99,44.1,108.81
2023-12-14 14:00:00+00:00,30510.4,8.73,3.82,38.2,122.76
2023-12-14 15:00:00+00:00,31048.7,8.74,3.65,24.5,122.77
2023-12-14 16:00:00+00:00,32871.4,8.31,3.66,36.8,133.35
2023-12-14 17:00:00+00:00,34985.9,8.82,4.08,16.3,140.53
2023-12-14 18:00:00+00:00,35792.6,8.86,4.7,0.0,147.5
2023-12-14 19:00:00+00:00,34964.9,8.08,5.13,0.0,122.36
2023-12-14 20:00:00+00:00,33965.7,6.69,6.63,0.0,115.31
2023-12-14 21:00:00+00:00,31752.9,6.76,7.5,0.0,85.99
2023-12-14 22:00:00+00:00,29502.7,5.96,7.65,0.0,74.42
2023-12-14 23:00:00+00:00,28344.7,5.05,6.86,0.0,96.1
2023-12-15 00:00:00+00:00,27124.5,5.19,6.34,0.0,83.29
2023-12-15 01:00:00+00:00,26273.4,4.28,5.25,0.0,74.88
2023-12-15 02:00:00+00:00,26344.4,3.68,5.46,0.0,69.49
2023-12-15 03:00:00+00:00,25538.4,3.33,5.8,0.0,58.68
2023-12-15 04:00:00+00:00,25988.3,2.55,6.55,0.0,58.97
2023-12-15 05:00:00+00:00,26587.6,2.97,6.79,0.0,67.21
2023-12-15 06:00:00+00:00,28855.1,2.91,7.62,0.0,54.12
2023-12-15 07:00:00+00:00,31316.1,3.14,8.43,17.8,100.66
2023-12-15 08:00:00+00:00,33058.7,3.39,7.55,24.0,109.5
2023-12-15 09:00:00+00:00,33877.9,3.78,7.12,38.4,116.77
2023-12-15 10:00:00+00:00,32725.9,4.04,7.11,31.9,112.58
2023-12-15 11:00:00+00:00,32288.6,4.91,6.55,75.2,103.16
2023-12-15 12:00:00+00:00,32051.6,5.43,6.38,77.1,105.0
2023-12-15 13:00:00+00:00,31386.3,5.93,6.65,69.6,97.51
2023-12-15 14:00:00+00:00,29907.8,7.63,6.57,65.4,104.33
2023-12-15 15:00:00+00:00,30982.6,7.59,6.59,44.0,88.62
2023-12-15 16:00:00+00:00,33302.2,7.81,5.87,18.4,125.6
2023-12-15 17:00:00+00:00,36244.7,7.89,6.33,9.4,122.37
2023-12-15 18:00:00+00:00,37056.6,7.31,6.7,0.0,125.03
2023-12-15 19:00:00+00:00,35836.0,6.79,6.12,0.0,117.75
2023-12-15 20:00:00+00:00,33690.8,6.01,5.15,0.0,105.56
2023-12-15 21:00:00+00:00,31437.4,5.3,6.21,0.0,108.17
2023-12-15 22:00:00+00:00,29126.2,4.1,7.61,0.0,73.85
2023-12-15 23:00:00+00:00,28038.5,3.03,7.77,0.0,80.07
2023-12-16 00:00:00+00:00,25442.8,2.31,7.44,0.0,79.33
2023-12-16 01:00:00+00:00,25515.6,0.61,8.24,0.0,163.79
2023-12-16 02:00:00+00:00,24590.0,1.2,8.55,0.0,55.58
2023-12-16 03:00:00+00:00,23483.3,2.36,8.3,0.0,56.91
2023-12-16 04:00:00+00:00,23703.6,2.5,9.0,0.0,47.07
2023-12-16 05:00:00+00:00,25122.5,3.13,8.26,0.0,57.9
2023-12-16 06:00:00+00:00,27784.7,4.17,7.66,0.0,59.06
2023-12-16 07:00:00+00:00,31214.6,3.9,7.91,16.2,95.14
2023-12-16 08:00:00+00:00,32772.1,5.11,7.95,38.1,107.58
2023-12-16 09:00:00+00:00,33507.7,5.55,8.41,48.8,120.79
2023-12-16 10:00:00+00:00,32380.1,7.62,9.27,35.0,88.6
2023-12-16 11:00:00+00:00,31714.0,8.12,7.94,39.5,107.32
2023-12-16 12:00:00+00:00,31219.9,9.18,7.92,55.3,84.88
2023-12-16 13:00:00+00:00,30446.5,9.43,9.36,32.3,89.65
2023-12-16 14:00:00+00:00,29670.4,10.93,8.78,29.0,70.74
2023-12-16 15:00:00+00:00,29517.9,10.58,8.13,31.6,82.71
2023-12-16 16:00:00+00:00,31575.7,11.04,6.32,18.8,97.96
2023-12-16 17:00:00+00:00,33497.2,10.96,6.44,15.3,115.75
2023-12-16 18:00:00+00:00,34865.8,10.57,6.92,0.0,122.43
2023-12-16 19:00:00+00:00,33325.7,9.93,7.37,0.0,111.6
2023-12-16 20:00:00+00:00,31285.7,8.64,6.55,0.0,94.97
2023-12-16 21:00:00+00:00,29125.5,6.17,6.56,0.0,89.39
2023-12-16 22:00:00+00:00,26810.5,5.94,6.76,0.0,78.35
2023-12-16 23:00:00+00:00,24974.9,4.82,6.81,0.0,60.35
2023-12-17 00:00:00+00:00,23582.1,4.73,5.96,0.0,51.14
2023-12-17 01:00:00+00:00,22991.5,4.35,6.08,0.0,48.19
2023-12-17 02:00:00+00:00,21736.1,4.65,5.48,0.0,61.25
2023-12-17 03:00:00+00:00,22148.3,4.89,4.1,0.0,61.39
2023-12-17 04:00:00+00:00,24251.2,3.37,4.77,0.0,84.23
2023-12-17 05:00:00+00:00,24861.9,3.94,5.0,0.0,70.31
2023-12-17 06:00:00+00:00,27661.0,4.11,5.56,0.0,85.0
2023-12-17 07:00:00+00:00,29394.6,5.33,5.21,15.7,103.0
2023-12-17 08:00:00+00:00,30996.1,6.29,5.79,26.5,108.87
2023-12-17 09:00:00+00:00,31323.7,7.31,6.65,36.8,113.29
2023-12-17 10:00:00+00:00,32454.9,7.79,8.04,40.8,77.28
2023-12-17 11:00:00+00:00,31634.6,7.85,8.62,34.5,96.05
2023-12-17 12:00:00+00:00,31211.5,8.11,8.84,49.2,75.86
2023-12-17 13:00:00+00:00,30564.6,7.41,7.67,52.8,87.45
2023-12-17 14:00:00+00:00,29973.8,7.31,7.56,33.6,76.05
2023-12-17 15:00:00+00:00,30424.1,6.49,6.42,53.9,96.69
2023-12-17 16:00:00+00:00,32445.0,5.51,5.8,16.3,102.0
2023-12-17 17:00:00+00:00,34606.7,5.29,7.39,11.2,98.42
2023-12-17 18:00:00+00:00,35711.2,5.14,6.57,0.0,117.71
2023-12-17 19:00:00+00:00,34050.1,4.5,4.76,0.0,140.49
2023-12-17 20:00:00+00:00,32238.4,3.48,5.51,0.0,120.87
2023-12-17 21:00:00+00:00,31610.2,2.14,5.06,0.0,125.53
2023-12-17 22:00:00+00:00,29422.2,1.2,5.76,0.0,76.35
2023-12-17 23:00:00+00:00,28407.7,0.01,4.9,0.0,112.27
2023-12-18 00:00:00+00:00,29500.5,-0.67,4.68,0.0,126.1
2023-12-18 01:00:00+00:00,29059.4,-2.01,5.73,0.0,83.48
2023-12-18 02:00:00+00:00,28160.4,-1.82,4.76,0.0,97.54
2023-12-18 03:00:00+00:00,26741.5,-2.21,4.74,0.0,79.12
2023-12-18 04:00:00+00:00,27029.4,-1.82,5.08,0.0,93.04
2023-12-18 05:00:00+00:00,27564.8,-0.93,4.61,0.0,107.48
2023-12-18 06:00:00+00:00,29748.4,-0.22,4.92,0.0,92.63
2023-12-18 07:00:00+00:00,32806.2,0.91,5.04,20.8,105.51
2023-12-18 08:00:00+00:00,35694.5,0.41,5.55,25.0,130.3
2023-12-18 09:00:00+00:00,35359.2,0.95,7.07,45.8,157.6
2023-12-18 10:00:00+00:00,34730.0,2.44,9.15,55.9,113.87
2023-12-18 11:00:00+00:00,34091.8,3.51,9.41,39.6,106.43
2023-12-18 12:00:00+00:00,33191.9,5.27,9.2,63.1,105.73
2023-12-18 13:00:00+00:00,32082.0,6.76,9.44,72.0,98.56
2023-12-18 14:00:00+00:00,31888.4,7.2,9.13,51.0,92.23
2023-12-18 15:00:00+00:00,31991.8,7.11,7.79,39.1,97.11
2023-12-18 16:00:00+00:00,33985.6,6.4,7.71,31.7,104.76
2023-12-18 17:00:00+00:00,36819.6,5.8,8.52,18.4,126.32
2023-12-18 18:00:00+00:00,37669.1,5.07,7.3,0.0,148.59
2023-12-18 19:00:00+00:00,36326.9,4.09,6.51,0.0,144.17
2023-12-18 20:00:00+00:00,34772.5,2.83,6.08,0.0,120.83
2023-12-18 21:00:00+00:00,32682.0,2.32,6.42,0.0,110.82
2023-12-18 22:00:00+00:00,29861.9,2.58,8.31,0.0,72.89
2023-12-18 23:00:00+00:00,27819.3,2.4,7.61,0.0,87.12
2023-12-19 00:00:00+00:00,27189.3,1.49,7.65,0.0,77.55
2023-12-19 01:00:00+00:00,26764.3,1.6,7.62,0.0,67.22
2023-12-19 02:00:00+00:00,26427.6,1.47,7.36,0.0,65.17
2023-12-19 03:00:00+00:00,25758.3,1.3,7.3,0.0,55.97
2023-12-19 04:00:00+00:00,26836.9,1.3,6.92,0.0,75.01
2023-12-19 05:00:00+00:00,27683.5,1.44,9.07,0.0,82.62
2023-12-19 06:00:00+00:00,30466.8,2.27,9.55,0.0,73.93
2023-12-19 07:00:00+00:00,33028.3,2.93,9.07,16.2,84.81
2023-12-19 08:00:00+00:00,34740.0,3.17,9.89,40.0,103.88
2023-12-19 09:00:00+00:00,34952.4,3.44,9.95,43.0,115.27
2023-12-19 10:00:00+00:00,34398.7,4.39,9.85,33.6,110.95
2023-12-19 11:00:00+00:00,34334.5,5.35,9.56,44.1,113.91
2023-12-19 12:00:00+00:00,33658.2,5.75,9.24,57.8,93.29
2023-12-19 13:00:00+00:00,33470.6,5.52,8.17,45.9,112.81
2023-12-19 14:00:00+00:00,32630.7,6.57,6.8,49.3,109.76
2023-12-19 15:00:00+00:00,32477.7,7.27,7.1,41.1,101.46
2023-12-19 16:00:00+00:00,34969.3,5.94,6.95,33.7,120.7
2023-12-19 17:00:00+00:00,36992.6,6.43,7.64,16.0,138.3
2023-12-19 18:00:00+00:00,37681.5,5.8,6.91,0.0,145.04
2023-12-19 19:00:00+00:00,36036.0,5.27,6.06,0.0,139.55
2023-12-19 20:00:00+00:00,34285.6,5.2,6.71,0.0,126.75
2023-12-19 21:00:00+00:00,31125.9,5.37,6.49,0.0,98.18
2023-12-19 22:00:00+00:00,29187.8,5.12,7.19,0.0,73.61
2023-12-19 23:00:00+00:00,27119.7,4.45,7.2,0.0,67.44
2023-12-20 00:00:00+00:00,26835.3,2.85,8.66,0.0,73.61
2023-12-20 01:00:00+00:00,27072.9,1.09,9.17,0.0,49.21
2023-12-20 02:00:00+00:00,26012.2,1.29,9.38,0.0,56.05
2023-12-20 03:00:00+00:00,25786.9,1.96,9.89,0.0,53.36
2023-12-20 04:00:00+00:00,26789.3,1.5,9.53,0.0,67.07
2023-12-20 05:00:00+00:00,27614.9,1.59,8.12,0.0,59.64
2023-12-20 06:00:00+00:00,29672.3,1.69,8.35,0.0,60.98
2023-12-20 07:00:00+00:00,32797.4,1.94,9.8,8.7,88.09
2023-12-20 08:00:00+00:00,34651.5,3.29,7.87,25.6,119.75
2023-12-20 09:00:00+00:00,35839.2,4.15,8.19,50.6,131.61
2023-12-20 10:00:00+00:00,34986.0,4.75,6.93,64.8,111.69
2023-12-20 11:00:00+00:00,33942.6,7.04,6.91,42.0,105.45
2023-12-20 12:00:00+00:00,33356.3,6.71,6.98,45.2,112.18
2023-12-20 13:00:00+00:00,31852.0,7.47,7.57,35.5,119.1
2023-12-20 14:00:00+00:00,31608.8,7.07,7.7,65.5,98.51
2023-12-20 15:00:00+00:00,31849.2,7.04,8.74,24.8,98.01
2023-12-20 16:00:00+00:00,33753.2,6.99,9.57,38.5,118.21
2023-12-20 17:00:00+00:00,36306.7,7.16,9.28,16.3,126.41
2023-12-20 18:00:00+00:00,37557.7,6.47,10.03,0.0,123.42
2023-12-20 19:00:00+00:00,36909.4,5.59,9.63,0.0,108.78
2023-12-20 20:00:00+00:00,35872.4,4.66,9.12,0.0,117.26
2023-12-20 21:00:00+00:00,34055.6,3.2,8.07,0.0,118.52
2023-12-20 22:00:00+00:00,31366.3,2.79,9.04,0.0,79.49
2023-12-20 23:00:00+00:00,29561.7,2.21,8.71,0.0,90.24
2023-12-21 00:00:00+00:00,28338.2,1.77,6.73,0.0,83.12
2023-12-21 01:00:00+00:00,27031.3,1.21,7.17,0.0,71.92
2023-12-21 02:00:00+00:00,25939.4,0.77,6.82,0.0,60.05
2023-12-21 03:00:00+00:00,24959.1,1.34,6.59,0.0,68.21
2023-12-21 04:00:00+00:00,25550.4,2.01,6.43,0.0,75.95
2023-12-21 05:00:00+00:00,26804.3,3.09,6.2,0.0,67.2
2023-12-21 06:00:00+00:00,29153.3,3.7,8.37,0.0,85.43
2023-12-21 07:00:00+00:00,31533.8,5.04,9.6,10.4,96.1
2023-12-21 08:00:00+00:00,32990.5,5.4,10.02,18.8,101.45
2023-12-21 09:00:00+00:00,32825.0,5.96,10.06,27.3,93.52
2023-12-21 10:00:00+00:00,32174.1,7.35,10.79,38.5,79.35
2023-12-21 11:00:00+00:00,31318.4,8.47,10.79,43.8,74.41
2023-12-21 12:00:00+00:00,30483.8,8.79,11.24,65.4,54.13
2023-12-21 13:00:00+00:00,30390.1,8.52,11.46,53.5,60.86
2023-12-21 14:00:00+00:00,29951.8,8.6,11.34,66.3,61.34
2023-12-21 15:00:00+00:00,30667.9,8.2,11.86,34.3,59.98
2023-12-21 16:00:00+00:00,31669.7,9.06,11.28,17.5,79.82
2023-12-21 17:00:00+00:00,34601.9,9.12,11.12,18.8,111.69
2023-12-21 18:00:00+00:00,36271.5,8.07,10.14,0.0,130.09
2023-12-21 19:00:00+00:00,35154.8,6.72,9.31,0.0,105.34
2023-12-21 20:00:00+00:00,34282.5,5.46,7.22,0.0,134.87
2023-12-21 21:00:00+00:00,32570.3,4.29,7.56,0.0,116.43
2023-12-21 22:00:00+00:00,30572.9,3.37,8.11,0.0,83.23
2023-12-21 23:00:00+00:00,28087.4,3.27,8.9,0.0,75.97
2023-12-22 00:00:00+00:00,27161.3,1.95,7.94,0.0,70.38
2023-12-22 01:00:00+00:00,25513.8,2.8,8.24,0.0,38.51
2023-12-22 02:00:00+00:00,25820.5,1.86,8.18,0.0,48.51
2023-12-22 03:00:00+00:00,26423.4,0.85,8.7,0.0,69.21
2023-12-22 04:00:00+00:00,26038.0,1.93,8.1,0.0,47.48
2023-12-22 05:00:00+00:00,26960.6,2.96,7.78,0.0,88.29
2023-12-22 06:00:00+00:00,29653.3,3.24,6.53,0.0,103.21
2023-12-22 07:00:00+00:00,32141.8,4.01,5.99,8.8,117.22
2023-12-22 08:00:00+00:00,32926.2,4.89,6.05,19.6,98.45
2023-12-22 09:00:00+00:00,33667.8,5.66,6.23,42.4,126.31
2023-12-22 10:00:00+00:00,33920.6,5.57,4.95,67.6,132.07
2023-12-22 11:00:00+00:00,34050.0,4.74,4.65,74.6,133.35
2023-12-22 12:00:00+00:00,34105.2,4.84,4.9,44.4,134.94
2023-12-22 13:00:00+00:00,33261.2,6.4,6.1,59.4,130.33
2023-12-22 14:00:00+00:00,32528.4,7.78,5.49,67.9,103.92
2023-12-22 15:00:00+00:00,32141.0,7.66,5.94,44.1,106.14
2023-12-22 16:00:00+00:00,33480.4,6.93,5.56,21.3,111.05
2023-12-22 17:00:00+00:00,36192.2,6.75,5.28,16.9,145.77
2023-12-22 18:00:00+00:00,37258.6,6.5,4.68,0.0,146.4
2023-12-22 19:00:00+00:00,35965.5,6.18,3.98,0.0,131.48
2023-12-22 20:00:00+00:00,35508.0,3.88,3.76,0.0,144.04
2023-12-22 21:00:00+00:00,33254.8,4.99,4.74,0.0,104.4
2023-12-22 22:00:00+00:00,30635.6,4.82,4.26,0.0,112.05
2023-12-22 23:00:00+00:00,28714.7,3.89,3.69,0.0,104.12
2023-12-23 00:00:00+00:00,26008.3,2.71,4.02,0.0,80.44
2023-12-23 01:00:00+00:00,24901.0,2.76,4.17,0.0,87.47
2023-12-23 02:00:00+00:00,24117.3,2.67,4.26,0.0,54.13
2023-12-23 03:00:00+00:00,22561.8,2.54,4.59,0.0,62.04
2023-12-23 04:00:00+00:00,22505.9,2.83,3.93,0.0,66.34
2023-12-23 05:00:00+00:00,24269.0,2.97,3.38,0.0,77.48
2023-12-23 06:00:00+00:00,25959.7,3.6,4.33,0.0,95.23
2023-12-23 07:00:00+00:00,29059.3,4.56,4.35,15.2,93.88
2023-12-23 08:00:00+00:00,30857.1,5.39,4.95,29.7,105.88
2023-12-23 09:00:00+00:00,30740.0,6.23,6.01,36.1,101.01
2023-12-23 10:00:00+00:00,30702.5,7.74,6.72,47.4,91.14
2023-12-23 11:00:00+00:00,30527.5,7.37,5.66,55.5,83.43
2023-12-23 12:00:00+00:00,30168.5,7.42,5.64,70.7,111.17
2023-12-23 13:00:00+00:00,28927.6,7.83,6.52,65.7,76.33
2023-12-23 14:00:00+00:00,29423.9,7.61,6.95,36.0,79.3
2023-12-23 15:00:00+00:00,29249.9,7.42,7.1,56.0,61.24
2023-12-23 16:00:00+00:00,30371.1,8.03,5.81,39.3,99.13
2023-12-23 17:00:00+00:00,33197.2,7.57,5.39,11.8,121.52
2023-12-23 18:00:00+00:00,34417.0,5.92,5.52,0.0,139.76
2023-12-23 19:00:00+00:00,34390.7,5.01,4.48,0.0,128.93
2023-12-23 20:00:00+00:00,32089.3,4.3,5.23,0.0,117.38
2023-12-23 21:00:00+00:00,30708.6,3.52,5.23,0.0,116.59
2023-12-23 22:00:00+00:00,29207.8,3.05,3.77,0.0,119.27
2023-12-23 23:00:00+00:00,27747.7,2.57,3.48,0.0,101.95
2023-12-24 00:00:00+00:00,26317.4,1.77,3.44,0.0,86.38
2023-12-24 01:00:00+00:00,25652.5,0.54,3.51,0.0,97.52
2023-12-24 02:00:00+00:00,25782.2,-0.04,4.8,0.0,91.62
2023-12-24 03:00:00+00:00,24788.8,-0.52,5.36,0.0,53.01
2023-12-24 04:00:00+00:00,25580.4,-0.59,4.37,0.0,83.9
2023-12-24 05:00:00+00:00,26606.2,0.13,3.34,0.0,101.93
2023-12-24 06:00:00+00:00,29444.4,0.85,3.31,0.0,116.53
2023-12-24 07:00:00+00:00,31935.0,1.95,3.6,19.4,118.62
2023-12-24 08:00:00+00:00,33361.3,2.42,4.54,29.4,119.27
2023-12-24 09:00:00+00:00,33411.6,4.08,6.02,39.0,129.48
2023-12-24 10:00:00+00:00,32180.4,5.22,7.46,43.6,102.64
2023-12-24 11:00:00+00:00,31152.1,5.95,7.09,59.0,93.07
2023-12-24 12:00:00+00:00,30538.9,6.88,7.82,39.2,87.31
2023-12-24 13:00:00+00:00,29701.0,6.89,8.11,53.0,81.12
2023-12-24 14:00:00+00:00,29559.3,5.87,7.2,49.2,83.95
2023-12-24 15:00:00+00:00,30973.1,5.59,5.72,44.3,113.84
2023-12-24 16:00:00+00:00,33339.8,5.94,5.89,17.8,121.85
2023-12-24 17:00:00+00:00,34448.2,5.67,4.78,13.7,134.14
2023-12-24 18:00:00+00:00,35613.9,5.1,4.23,0.0,139.41
2023-12-24 19:00:00+00:00,34031.7,3.96,3.83,0.0,139.85
2023-12-24 20:00:00+00:00,33292.4,2.07,4.16,0.0,118.82
2023-12-24 21:00:00+00:00,31243.1,2.18,5.3,0.0,111.16
2023-12-24 22:00:00+00:00,29816.4,1.29,5.4,0.0,84.05
2023-12-24 23:00:00+00:00,27844.9,0.33,5.06,0.0,87.83
2023-12-25 00:00:00+00:00,28773.8,-0.72,3.54,0.0,98.89
2023-12-25 01:00:00+00:00,27408.4,-0.41,4.07,0.0,92.75
2023-12-25 02:00:00+00:00,26509.1,-0.18,4.24,0.0,82.57
2023-12-25 03:00:00+00:00,26531.1,-0.86,3.94,0.0,93.6
2023-12-25 04:00:00+00:00,27146.4,-0.05,5.01,0.0,79.56
2023-12-25 05:00:00+00:00,28444.7,0.15,4.18,0.0,107.34
2023-12-25 06:00:00+00:00,30601.9,0.26,3.78,0.0,129.28
2023-12-25 07:00:00+00:00,33426.0,0.71,3.75,10.3,119.27
2023-12-25 08:00:00+00:00,34385.5,0.97,3.47,26.0,142.41
2023-12-25 09:00:00+00:00,34223.7,0.98,4.08,42.3,128.11
2023-12-25 10:00:00+00:00,34550.5,2.27,4.59,58.5,138.18
2023-12-25 11:00:00+00:00,33779.7,2.89,5.53,57.6,108.35
2023-12-25 12:00:00+00:00,33890.3,3.91,6.0,42.9,130.46
2023-12-25 13:00:00+00:00,32892.4,4.58,5.96,71.1,106.86
2023-12-25 14:00:00+00:00,32431.3,5.23,5.75,39.2,109.07
2023-12-25 15:00:00+00:00,33537.3,4.11,6.16,52.4,112.51
2023-12-25 16:00:00+00:00,35914.7,3.53,6.06,28.2,120.11
2023-12-25 17:00:00+00:00,37905.0,3.63,6.14,8.9,152.05
2023-12-25 18:00:00+00:00,39225.4,2.43,6.58,0.0,144.38
2023-12-25 19:00:00+00:00,37783.5,2.1,6.71,0.0,145.96
2023-12-25 20:00:00+00:00,36377.9,0.6,6.97,0.0,128.6
2023-12-25 21:00:00+00:00,34554.5,-0.08,6.35,0.0,121.47
2023-12-25 22:00:00+00:00,31650.2,0.18,7.44,0.0,110.3
2023-12-25 23:00:00+00:00,30004.4,-0.03,6.55,0.0,80.18
2023-12-26 00:00:00+00:00,28801.9,-1.78,6.92,0.0,63.06
2023-12-26 01:00:00+00:00,27691.8,-1.68,6.54,0.0,74.33
2023-12-26 02:00:00+00:00,26925.4,-0.84,7.41,0.0,71.08
2023-12-26 03:00:00+00:00,25649.7,0.75,8.08,0.0,58.33
2023-12-26 04:00:00+00:00,25833.7,1.1,8.03,0.0,54.61
2023-12-26 05:00:00+00:00,27157.3,0.53,9.19,0.0,80.59
2023-12-26 06:00:00+00:00,29220.4,1.25,8.93,0.0,90.17
2023-12-26 07:00:00+00:00,32142.7,2.8,9.53,18.4,63.98
2023-12-26 08:00:00+00:00,34008.0,3.36,8.83,22.8,98.53
2023-12-26 09:00:00+00:00,34540.0,4.71,9.06,38.1,109.99
2023-12-26 10:00:00+00:00,35321.3,4.92,8.23,50.1,117.7
2023-12-26 11:00:00+00:00,34926.5,5.82,8.18,76.0,102.37
2023-12-26 12:00:00+00:00,33990.8,4.89,8.08,33.0,121.73
2023-12-26 13:00:00+00:00,33035.3,4.79,8.71,41.8,89.56
2023-12-26 14:00:00+00:00,33203.0,5.09,8.1,32.1,103.41
2023-12-26 15:00:00+00:00,33228.9,4.98,10.45,57.4,88.58
2023-12-26 16:00:00+00:00,35076.8,4.12,9.2,19.5,112.36
2023-12-26 17:00:00+00:00,37822.8,3.55,9.27,18.9,120.31
2023-12-26 18:00:00+00:00,38639.0,3.32,9.38,0.0,136.56
2023-12-26 19:00:00+00:00,38139.6,2.69,9.68,0.0,118.72
2023-12-26 20:00:00+00:00,36051.5,2.04,9.15,0.0,120.79
2023-12-26 21:00:00+00:00,35036.3,1.74,9.23,0.0,105.18
2023-12-26 22:00:00+00:00,32440.1,0.78,8.68,0.0,112.26
2023-12-26 23:00:00+00:00,30102.1,0.9,10.06,0.0,74.38
2023-12-27 00:00:00+00:00,28906.1,-0.36,9.41,0.0,74.91
2023-12-27 01:00:00+00:00,27082.4,0.34,9.17,0.0,74.38
2023-12-27 02:00:00+00:00,26741.9,0.69,8.54,0.0,66.97
2023-12-27 03:00:00+00:00,25959.7,0.34,7.84,0.0,71.99
2023-12-27 04:00:00+00:00,25957.6,0.24,6.7,0.0,58.04
2023-12-27 05:00:00+00:00,27418.8,0.65,7.24,0.0,81.47
2023-12-27 06:00:00+00:00,28631.4,1.46,6.7,0.0,84.12
2023-12-27 07:00:00+00:00,30769.4,2.7,6.1,17.9,109.52
2023-12-27 08:00:00+00:00,32948.0,2.57,5.39,17.3,122.71
2023-12-27 09:00:00+00:00,33632.8,3.58,5.71,37.9,124.04
2023-12-27 10:00:00+00:00,33873.8,3.05,5.79,58.2,125.36
2023-12-27 11:00:00+00:00,33717.1,3.67,5.87,38.4,128.66
2023-12-27 12:00:00+00:00,32567.0,5.18,5.33,43.9,93.37
2023-12-27 13:00:00+00:00,32961.0,4.78,5.75,39.0,106.66
2023-12-27 14:00:00+00:00,33313.5,4.13,5.3,29.6,119.5
2023-12-27 15:00:00+00:00,33057.9,4.4,5.44,39.2,104.95
2023-12-27 16:00:00+00:00,34488.1,5.16,5.41,28.7,123.82
2023-12-27 17:00:00+00:00,36062.2,5.06,4.17,20.6,144.92
2023-12-27 18:00:00+00:00,38189.4,3.44,5.89,0.0,163.66
2023-12-27 19:00:00+00:00,36791.6,1.84,6.4,0.0,143.98
2023-12-27 20:00:00+00:00,34849.9,1.24,6.57,0.0,131.39
2023-12-27 21:00:00+00:00,33345.4,-0.18,6.86,0.0,114.13
2023-12-27 22:00:00+00:00,30735.1,-0.8,8.47,0.0,71.96
2023-12-27 23:00:00+00:00,29026.5,-1.33,9.28,0.0,67.34
2023-12-28 00:00:00+00:00,28618.7,-2.22,9.44,0.0,54.97
2023-12-28 01:00:00+00:00,27129.0,-1.53,8.77,0.0,71.61
2023-12-28 02:00:00+00:00,27086.5,-1.44,8.25,0.0,69.54
2023-12-28 03:00:00+00:00,26954.6,-0.79,6.78,0.0,77.8
2023-12-28 04:00:00+00:00,26621.1,-0.13,6.5,0.0,80.21
2023-12-28 05:00:00+00:00,27617.3,0.07,7.04,0.0,73.57
2023-12-28 06:00:00+00:00,29781.2,0.42,7.53,0.0,75.53
2023-12-28 07:00:00+00:00,32554.8,0.86,7.99,17.0,97.16
2023-12-28 08:00:00+00:00,34721.8,1.99,7.54,20.5,121.27
2023-12-28 09:00:00+00:00,35239.9,2.37,7.94,51.1,285.69
2023-12-28 10:00:00+00:00,33766.9,4.18,8.54,56.3,104.98
2023-12-28 11:00:00+00:00,33198.0,4.43,6.72,41.2,98.45
2023-12-28 12:00:00+00:00,32565.4,5.16,6.97,53.7,110.33
2023-12-28 13:00:00+00:00,32199.4,5.48,8.6,62.8,80.01
2023-12-28 14:00:00+00:00,32798.7,5.49,8.29,60.3,106.06
2023-12-28 15:00:00+00:00,32834.1,6.89,6.26,38.1,97.05
2023-12-28 16:00:00+00:00,34603.7,6.48,5.66,34.5,115.63
2023-12-28 17:00:00+00:00,36714.6,5.97,4.31,11.9,153.49
2023-12-28 18:00:00+00:00,38591.7,5.06,3.94,0.0,159.03
2023-12-28 19:00:00+00:00,37058.4,4.45,3.14,0.0,136.27
2023-12-28 20:00:00+00:00,34544.1,3.65,4.06,0.0,142.95
2023-12-28 21:00:00+00:00,33225.0,2.18,4.82,0.0,102.71
2023-12-28 22:00:00+00:00,30677.6,1.16,5.19,0.0,104.78
2023-12-28 23:00:00+00:00,29431.8,0.82,6.24,0.0,114.16
2023-12-29 00:00:00+00:00,28113.2,0.77,5.84,0.0,88.5
2023-12-29 01:00:00+00:00,27026.5,0.29,5.95,0.0,77.06
2023-12-29 02:00:00+00:00,25380.2,0.01,7.72,0.0,60.4
2023-12-29 03:00:00+00:00,26005.9,-0.32,8.14,0.0,51.67
2023-12-29 04:00:00+00:00,26008.4,-0.53,8.54,0.0,62.18
2023-12-29 05:00:00+00:00,27208.3,-0.79,7.87,0.0,93.0
2023-12-29 06:00:00+00:00,30110.0,-1.23,7.5,0.0,86.47
2023-12-29 07:00:00+00:00,33133.2,-0.98,6.69,11.0,104.33
2023-12-29 08:00:00+00:00,35622.8,0.34,8.02,38.2,122.97
2023-12-29 09:00:00+00:00,35154.1,0.9,6.75,32.9,130.1
2023-12-29 10:00:00+00:00,34840.2,1.51,7.48,40.8,117.32
2023-12-29 11:00:00+00:00,34791.3,2.06,7.91,68.6,108.57
2023-12-29 12:00:00+00:00,33766.9,3.48,6.61,75.5,117.58
2023-12-29 13:00:00+00:00,33236.6,3.43,7.52,42.5,-4.81
2023-12-29 14:00:00+00:00,33947.3,3.94,7.29,59.0,105.72
2023-12-29 15:00:00+00:00,34039.8,4.04,6.24,39.5,95.1
2023-12-29 16:00:00+00:00,36313.3,4.02,6.57,23.7,130.18
2023-12-29 17:00:00+00:00,38791.6,3.91,5.95,15.4,147.94
2023-12-29 18:00:00+00:00,39914.7,3.49,5.84,0.0,169.01
2023-12-29 19:00:00+00:00,38091.2,3.38,5.5,0.0,140.85
2023-12-29 20:00:00+00:00,35329.5,2.65,4.89,0.0,146.51
2023-12-29 21:00:00+00:00,33593.5,2.94,4.06,0.0,128.06
2023-12-29 22:00:00+00:00,31623.9,2.17,4.83,0.0,120.57
2023-12-29 23:00:00+00:00,30595.6,0.41,5.2,0.0,113.77
2023-12-30 00:00:00+00:00,27068.7,0.14,5.49,0.0,83.78
2023-12-30 01:00:00+00:00,25553.9,-0.1,5.28,0.0,78.09
2023-12-30 02:00:00+00:00,25624.5,-0.38,5.41,0.0,69.33
2023-12-30 03:00:00+00:00,25426.3,-0.65,4.91,0.0,88.56
2023-12-30 04:00:00+00:00,25201.2,-1.82,4.43,0.0,104.79
2023-12-30 05:00:00+00:00,26741.0,-2.65,5.89,0.0,64.59
2023-12-30 06:00:00+00:00,28463.6,-1.11,6.64,0.0,274.63
2023-12-30 07:00:00+00:00,30226.2,-0.8,6.22,18.1,94.12
2023-12-30 08:00:00+00:00,31461.9,0.55,5.09,23.5,114.61
2023-12-30 09:00:00+00:00,33585.4,0.39,3.85,31.7,112.84
2023-12-30 10:00:00+00:00,32448.3,0.6,3.51,55.0,111.74
2023-12-30 11:00:00+00:00,31385.8,1.8,3.77,36.6,133.11
2023-12-30 12:00:00+00:00,30031.1,2.42,4.03,65.8,118.89
2023-12-30 13:00:00+00:00,28831.7,3.28,4.29,33.7,81.92
2023-12-30 14:00:00+00:00,28069.3,3.62,4.69,39.6,110.5
2023-12-30 15:00:00+00:00,28387.5,3.65,3.99,40.1,88.99
2023-12-30 16:00:00+00:00,31689.9,3.19,5.32,33.0,117.94
2023-12-30 17:00:00+00:00,35150.4,2.23,5.25,11.4,131.18
2023-12-30 18:00:00+00:00,35914.9,2.68,5.57,0.0,138.58
2023-12-30 19:00:00+00:00,35170.4,3.05,5.13,0.0,135.45
2023-12-30 20:00:00+00:00,33323.4,1.73,5.46,0.0,130.66
2023-12-30 21:00:00+00:00,31338.9,0.33,7.17,0.0,94.98
2023-12-30 22:00:00+00:00,29193.1,-0.6,6.38,0.0,110.14
2023-12-30 23:00:00+00:00,26970.4,-1.05,5.54,0.0,93.8
2023-12-31 00:00:00+00:00,25427.9,-1.76,4.94,0.0,73.17
2023-12-31 01:00:00+00:00,24928.7,-1.88,4.78,0.0,75.06
2023-12-31 02:00:00+00:00,24812.8,-2.17,4.48,0.0,76.78
2023-12-31 03:00:00+00:00,24133.0,-2.29,3.8,0.0,71.14
2023-12-31 04:00:00+00:00,24273.9,-0.69,3.92,0.0,72.03
2023-12-31 05:00:00+00:00,25855.2,-0.71,5.29,0.0,85.49
2023-12-31 06:00:00+00:00,27496.5,0.76,5.26,0.0,93.39
2023-12-31 07:00:00+00:00,29621.3,2.24,5.27,11.6,93.95
2023-12-31 08:00:00+00:00,31580.1,3.22,5.63,36.8,108.04
2023-12-31 09:00:00+00:00,32614.7,2.79,6.2,39.4,100.18
2023-12-31 10:00:00+00:00,33116.6,3.57,7.32,33.3,124.7
2023-12-31 11:00:00+00:00,32716.7,3.97,7.49,74.2,108.99
2023-12-31 12:00:00+00:00,31225.6,4.59,7.46,67.0,92.16
2023-12-31 13:00:00+00:00,30035.3,4.43,6.66,63.5,92.16
2023-12-31 14:00:00+00:00,29512.4,5.19,7.26,36.4,94.13
2023-12-31 15:00:00+00:00,30066.0,5.89,6.59,46.9,86.83
2023-12-31 16:00:00+00:00,31838.9,6.47,5.92,37.6,106.94
2023-12-31 17:00:00+00:00,34187.8,5.9,6.13,22.1,128.15
2023-12-31 18:00:00+00:00,34829.0,4.76,7.38,0.0,107.75
2023-12-31 19:00:00+00:00,34352.7,4.34,7.92,0.0,119.46
2023-12-31 20:00:00+00:00,32803.0,4.65,7.85,0.0,130.03
2023-12-31 21:00:00+00:00,30263.2,3.87,7.04,0.0,77.68
2023-12-31 22:00:00+00:00,28415.8,3.31,8.23,0.0,85.78
2023-12-31 23:00:00+00:00,27054.8,2.39,8.12,0.0,56.82
